// SPDX-License-Identifier: LGPL-2.0-or-later
//
// GENERATED by hand/tools/gen_themes.py from
// https://github.com/mbadolato/iterm2-color-schemes (ghostty format).
// Do not edit by hand; re-run the generator to refresh.
//
// 602 themes.

#ifndef HAND_THEME_THEMES_GEN_HPP
#define HAND_THEME_THEMES_GEN_HPP

#include "hand/theme/named_theme.hpp"

namespace hand::themes {

using toe::Rgb;
inline constexpr Rgb C(int r, int g, int b) {
    return Rgb{static_cast<std::uint8_t>(r), static_cast<std::uint8_t>(g),
              static_cast<std::uint8_t>(b)};
}

inline constexpr NamedTheme kBuiltins[] = {
    {"0x96f", "0x96f", true,
     C(0x26,0x24,0x27), C(0xfc,0xfc,0xfa), C(0xfc,0xfc,0xfa), C(0xfc,0xfc,0xfa), C(0x1b,0xd5,0xeb),
     {C(0x26,0x24,0x27), C(0xff,0x66,0x6d), C(0xb3,0xe0,0x3a), C(0xff,0xc7,0x39), C(0x00,0xcd,0xe8), C(0xa3,0x92,0xe8), C(0x9d,0xea,0xf6), C(0xfc,0xfc,0xfa), C(0x54,0x54,0x52), C(0xff,0x7e,0x83), C(0xbe,0xe5,0x5e), C(0xff,0xd0,0x5e), C(0x1b,0xd5,0xeb), C(0xb0,0xa3,0xeb), C(0xac,0xed,0xf8), C(0xfc,0xfc,0xfa)}},
    {"12-bit-rainbow", "12-bit Rainbow", true,
     C(0x04,0x04,0x04), C(0xfe,0xff,0xff), C(0xe0,0xd0,0x00), C(0x60,0x60,0x60), C(0x00,0xb0,0xc0),
     {C(0x00,0x00,0x00), C(0xa0,0x30,0x50), C(0x40,0xd0,0x80), C(0xe0,0x90,0x40), C(0x30,0x60,0xb0), C(0x60,0x30,0x90), C(0x00,0x90,0xc0), C(0xdb,0xde,0xd8), C(0x68,0x56,0x56), C(0xc0,0x60,0x60), C(0x90,0xd0,0x50), C(0xe0,0xd0,0x00), C(0x00,0xb0,0xc0), C(0x80,0x10,0x70), C(0x20,0xb0,0xc0), C(0xff,0xff,0xff)}},
    {"3024-day", "3024 Day", false,
     C(0xf7,0xf7,0xf7), C(0x4a,0x45,0x43), C(0x4a,0x45,0x43), C(0xa5,0xa2,0xa2), C(0x80,0x7d,0x7c),
     {C(0x09,0x03,0x00), C(0xdb,0x2d,0x20), C(0x01,0xa2,0x52), C(0xca,0xba,0x00), C(0x01,0xa0,0xe4), C(0xa1,0x6a,0x94), C(0x8f,0xbe,0xce), C(0xa5,0xa2,0xa2), C(0x5c,0x58,0x55), C(0xdb,0xae,0xc3), C(0x3a,0x34,0x32), C(0x4a,0x45,0x43), C(0x80,0x7d,0x7c), C(0xbc,0xbb,0xba), C(0xcd,0xab,0x53), C(0xf7,0xf7,0xf7)}},
    {"3024-night", "3024 Night", true,
     C(0x09,0x03,0x00), C(0xa5,0xa2,0xa2), C(0xa5,0xa2,0xa2), C(0x4a,0x45,0x43), C(0x80,0x7d,0x7c),
     {C(0x09,0x03,0x00), C(0xdb,0x2d,0x20), C(0x01,0xa2,0x52), C(0xfd,0xed,0x02), C(0x01,0xa0,0xe4), C(0xa1,0x6a,0x94), C(0xb5,0xe4,0xf4), C(0xa5,0xa2,0xa2), C(0x5c,0x58,0x55), C(0xe8,0xbb,0xd0), C(0x47,0x41,0x3f), C(0x4a,0x45,0x43), C(0x80,0x7d,0x7c), C(0xd6,0xd5,0xd4), C(0xcd,0xab,0x53), C(0xf7,0xf7,0xf7)}},
    {"aardvark-blue", "Aardvark Blue", true,
     C(0x10,0x20,0x40), C(0xdd,0xdd,0xdd), C(0x00,0x7a,0xcc), C(0xbf,0xdb,0xfe), C(0x60,0xa4,0xec),
     {C(0x19,0x19,0x19), C(0xaa,0x34,0x2e), C(0x4b,0x8c,0x0f), C(0xdb,0xba,0x00), C(0x13,0x70,0xd3), C(0xc4,0x3a,0xc3), C(0x00,0x8e,0xb0), C(0xbe,0xbe,0xbe), C(0x52,0x52,0x52), C(0xf0,0x5b,0x50), C(0x95,0xdc,0x55), C(0xff,0xe7,0x63), C(0x60,0xa4,0xec), C(0xe2,0x6b,0xe2), C(0x60,0xb6,0xcb), C(0xf7,0xf7,0xf7)}},
    {"aardvark-ink", "Aardvark Ink", true,
     C(0x0f,0x14,0x1f), C(0xb4,0xbc,0xca), C(0xb4,0xbc,0xca), C(0x2a,0x36,0x45), C(0x76,0xa8,0xf2),
     {C(0x22,0x27,0x34), C(0xc2,0x62,0x65), C(0x52,0xaa,0x60), C(0xad,0x9b,0x49), C(0x48,0x7f,0xd4), C(0xaf,0x5b,0xd1), C(0x26,0x9d,0x9a), C(0x5a,0x63,0x77), C(0x3a,0x41,0x52), C(0xe4,0x83,0x83), C(0x75,0xcf,0x84), C(0xc7,0xb4,0x61), C(0x76,0xa8,0xf2), C(0xd5,0x8b,0xf0), C(0x52,0xc4,0xc0), C(0xdf,0xe5,0xee)}},
    {"abernathy", "Abernathy", true,
     C(0x11,0x14,0x16), C(0xee,0xee,0xec), C(0xbb,0xbb,0xbb), C(0xee,0xee,0xec), C(0x11,0xb5,0xf6),
     {C(0x00,0x00,0x00), C(0xcd,0x00,0x00), C(0x00,0xcd,0x00), C(0xcd,0xcd,0x00), C(0x10,0x93,0xf5), C(0xcd,0x00,0xcd), C(0x00,0xcd,0xcd), C(0xfa,0xeb,0xd7), C(0x40,0x40,0x40), C(0xff,0x00,0x00), C(0x00,0xff,0x00), C(0xff,0xff,0x00), C(0x11,0xb5,0xf6), C(0xff,0x00,0xff), C(0x00,0xff,0xff), C(0xff,0xff,0xff)}},
    {"acid-lime", "Acid Lime", true,
     C(0x08,0x0c,0x05), C(0xd4,0xef,0xbc), C(0xc2,0xff,0x33), C(0x1b,0x2a,0x10), C(0x4d,0xec,0xa0),
     {C(0x13,0x1d,0x0c), C(0xff,0x33,0x44), C(0x97,0xe6,0x3c), C(0xee,0xff,0x5c), C(0x4d,0xec,0xa0), C(0xa6,0xff,0x6b), C(0x50,0xff,0xb4), C(0xbf,0xe0,0xa4), C(0x4a,0x6b,0x36), C(0xff,0x33,0x44), C(0x97,0xe6,0x3c), C(0xdb,0xff,0x45), C(0x4d,0xec,0xa0), C(0xa6,0xff,0x6b), C(0x50,0xff,0xb4), C(0xd4,0xef,0xbc)}},
    {"adventure", "Adventure", true,
     C(0x04,0x04,0x04), C(0xfe,0xff,0xff), C(0xfe,0xff,0xff), C(0x60,0x60,0x60), C(0x97,0xd7,0xef),
     {C(0x04,0x04,0x04), C(0xd8,0x4a,0x33), C(0x5d,0xa6,0x02), C(0xee,0xbb,0x6e), C(0x41,0x7a,0xb3), C(0xe5,0xc4,0x99), C(0xbd,0xcf,0xe5), C(0xdb,0xde,0xd8), C(0x68,0x56,0x56), C(0xd7,0x6b,0x42), C(0x99,0xb5,0x2c), C(0xff,0xb6,0x70), C(0x97,0xd7,0xef), C(0xaa,0x79,0x00), C(0xbd,0xcf,0xe5), C(0xe4,0xd5,0xc7)}},
    {"adventure-time", "Adventure Time", true,
     C(0x1f,0x1d,0x45), C(0xf8,0xdc,0xc0), C(0xef,0xbf,0x38), C(0x70,0x6b,0x4e), C(0x19,0x97,0xc6),
     {C(0x05,0x04,0x04), C(0xbd,0x00,0x13), C(0x4a,0xb1,0x18), C(0xe7,0x74,0x1e), C(0x0f,0x4a,0xc6), C(0x66,0x59,0x93), C(0x70,0xa5,0x98), C(0xf8,0xdc,0xc0), C(0x4e,0x7c,0xbf), C(0xfc,0x5f,0x5a), C(0x9e,0xff,0x6e), C(0xef,0xc1,0x1a), C(0x19,0x97,0xc6), C(0x9b,0x59,0x53), C(0xc8,0xfa,0xf4), C(0xf6,0xf5,0xfb)}},
    {"adwaita", "Adwaita", false,
     C(0xff,0xff,0xff), C(0x1d,0x1d,0x20), C(0x1d,0x1d,0x20), C(0x1d,0x1d,0x20), C(0x2a,0x7b,0xde),
     {C(0x1d,0x1d,0x20), C(0xc0,0x1c,0x28), C(0x26,0xa2,0x69), C(0xa2,0x73,0x4c), C(0x12,0x48,0x8b), C(0xa3,0x47,0xba), C(0x2a,0xa1,0xb3), C(0xc2,0xc2,0xc2), C(0x5d,0x5d,0x5d), C(0xf6,0x61,0x51), C(0x33,0xd1,0x7a), C(0xe9,0xad,0x0c), C(0x2a,0x7b,0xde), C(0xc0,0x61,0xcb), C(0x33,0xc7,0xde), C(0xff,0xff,0xff)}},
    {"adwaita-dark", "Adwaita Dark", true,
     C(0x1c,0x1c,0x1f), C(0xff,0xff,0xff), C(0xff,0xff,0xff), C(0xff,0xff,0xff), C(0x51,0xa1,0xff),
     {C(0x24,0x1f,0x31), C(0xc0,0x1c,0x28), C(0x2e,0xc2,0x7e), C(0xf5,0xc2,0x11), C(0x1e,0x78,0xe4), C(0x98,0x41,0xbb), C(0x0a,0xb9,0xdc), C(0xc0,0xbf,0xbc), C(0x5e,0x5c,0x64), C(0xed,0x33,0x3b), C(0x57,0xe3,0x89), C(0xf8,0xe4,0x5c), C(0x51,0xa1,0xff), C(0xc0,0x61,0xcb), C(0x4f,0xd2,0xfd), C(0xf6,0xf5,0xf4)}},
    {"afterglow", "Afterglow", true,
     C(0x21,0x21,0x21), C(0xd0,0xd0,0xd0), C(0xd0,0xd0,0xd0), C(0x30,0x30,0x30), C(0x6c,0x99,0xbb),
     {C(0x15,0x15,0x15), C(0xac,0x41,0x42), C(0x7e,0x8e,0x50), C(0xe5,0xb5,0x67), C(0x6c,0x99,0xbb), C(0x9f,0x4e,0x85), C(0x7d,0xd6,0xcf), C(0xd0,0xd0,0xd0), C(0x50,0x50,0x50), C(0xac,0x41,0x42), C(0x7e,0x8e,0x50), C(0xe5,0xb5,0x67), C(0x6c,0x99,0xbb), C(0x9f,0x4e,0x85), C(0x7d,0xd6,0xcf), C(0xf5,0xf5,0xf5)}},
    {"aizen-dark", "Aizen Dark", true,
     C(0x1a,0x1a,0x1a), C(0xd0,0xd6,0xf0), C(0xf8,0xb0,0x80), C(0x33,0x33,0x33), C(0x84,0xb4,0xf8),
     {C(0x1a,0x1a,0x1a), C(0xf0,0x88,0x98), C(0xa4,0xe0,0x9c), C(0xf5,0xde,0xa4), C(0x84,0xb4,0xf8), C(0xc8,0xa2,0xf4), C(0x90,0xdc,0xd0), C(0xd0,0xd6,0xf0), C(0x44,0x44,0x44), C(0xf0,0x88,0x98), C(0xa4,0xe0,0x9c), C(0xf5,0xde,0xa4), C(0x84,0xb4,0xf8), C(0xc8,0xa2,0xf4), C(0x90,0xdc,0xd0), C(0xff,0xff,0xff)}},
    {"aizen-light", "Aizen Light", false,
     C(0xf0,0xf2,0xf6), C(0x4a,0x4d,0x66), C(0xfc,0x60,0x08), C(0xbd,0xc2,0xcc), C(0x1c,0x64,0xf2),
     {C(0xf0,0xf2,0xf6), C(0xd0,0x0c,0x36), C(0x3e,0x9e,0x28), C(0xdd,0x8c,0x1a), C(0x1c,0x64,0xf2), C(0x86,0x36,0xec), C(0x15,0x90,0x96), C(0x4a,0x4d,0x66), C(0xad,0xb2,0xbc), C(0xd0,0x0c,0x36), C(0x3e,0x9e,0x28), C(0xdd,0x8c,0x1a), C(0x1c,0x64,0xf2), C(0x86,0x36,0xec), C(0x15,0x90,0x96), C(0x4a,0x4d,0x66)}},
    {"alabaster", "Alabaster", false,
     C(0xf7,0xf7,0xf7), C(0x00,0x00,0x00), C(0x00,0x7a,0xcc), C(0xbf,0xdb,0xfe), C(0x00,0x7a,0xcc),
     {C(0x00,0x00,0x00), C(0xaa,0x37,0x31), C(0x44,0x8c,0x27), C(0xcb,0x90,0x00), C(0x32,0x5c,0xc0), C(0x7a,0x3e,0x9d), C(0x00,0x83,0xb2), C(0xb7,0xb7,0xb7), C(0x77,0x77,0x77), C(0xf0,0x50,0x50), C(0x60,0xcb,0x00), C(0xf2,0xaf,0x50), C(0x00,0x7a,0xcc), C(0xe6,0x4c,0xe6), C(0x00,0xaa,0xcb), C(0xf7,0xf7,0xf7)}},
    {"alien-blood", "Alien Blood", true,
     C(0x0f,0x16,0x10), C(0x63,0x7d,0x75), C(0x73,0xfa,0x91), C(0x1d,0x41,0x25), C(0x00,0xaa,0xe0),
     {C(0x11,0x26,0x16), C(0x7f,0x2b,0x27), C(0x2f,0x7e,0x25), C(0x71,0x7f,0x24), C(0x2f,0x6a,0x7f), C(0x47,0x58,0x7f), C(0x32,0x7f,0x77), C(0x64,0x7d,0x75), C(0x3c,0x48,0x12), C(0xe0,0x80,0x09), C(0x18,0xe0,0x00), C(0xbd,0xe0,0x00), C(0x00,0xaa,0xe0), C(0x00,0x58,0xe0), C(0x00,0xe0,0xc4), C(0x73,0xfa,0x91)}},
    {"amber-crt-retro", "Amber CRT Retro", true,
     C(0x1a,0x12,0x00), C(0xff,0xb0,0x00), C(0xff,0xb0,0x00), C(0x3a,0x2a,0x00), C(0xff,0xab,0x3d),
     {C(0x2a,0x1e,0x00), C(0xff,0x6a,0x00), C(0xff,0xb0,0x00), C(0xff,0xc7,0x42), C(0xff,0x8c,0x00), C(0xff,0xa0,0x33), C(0xff,0xd2,0x7f), C(0xff,0xd9,0xa0), C(0x6a,0x4e,0x00), C(0xff,0x8a,0x1e), C(0xff,0xc7,0x42), C(0xff,0xe0,0x8a), C(0xff,0xab,0x3d), C(0xff,0xc2,0x66), C(0xff,0xe3,0xb0), C(0xff,0xf0,0xd6)}},
    {"andromeda", "Andromeda", true,
     C(0x26,0x2a,0x33), C(0xe5,0xe5,0xe5), C(0xf8,0xf8,0xf0), C(0x5a,0x5c,0x62), C(0x24,0x72,0xc8),
     {C(0x00,0x00,0x00), C(0xcd,0x31,0x31), C(0x05,0xbc,0x79), C(0xe5,0xe5,0x12), C(0x24,0x72,0xc8), C(0xbc,0x3f,0xbc), C(0x0f,0xa8,0xcd), C(0xe5,0xe5,0xe5), C(0x66,0x66,0x66), C(0xcd,0x31,0x31), C(0x05,0xbc,0x79), C(0xe5,0xe5,0x12), C(0x24,0x72,0xc8), C(0xbc,0x3f,0xbc), C(0x0f,0xa8,0xcd), C(0xe5,0xe5,0xe5)}},
    {"apple-classic", "Apple Classic", true,
     C(0x2c,0x2b,0x2b), C(0xd5,0xa2,0x00), C(0xc7,0xc7,0xc7), C(0x6b,0x5b,0x02), C(0x68,0x71,0xff),
     {C(0x00,0x00,0x00), C(0xc9,0x1b,0x00), C(0x00,0xc2,0x00), C(0xc7,0xc4,0x00), C(0x1c,0x3f,0xe1), C(0xca,0x30,0xc7), C(0x00,0xc5,0xc7), C(0xc7,0xc7,0xc7), C(0x68,0x68,0x68), C(0xff,0x6e,0x67), C(0x5f,0xfa,0x68), C(0xff,0xfc,0x67), C(0x68,0x71,0xff), C(0xff,0x77,0xff), C(0x60,0xfd,0xff), C(0xff,0xff,0xff)}},
    {"apple-system-colors", "Apple System Colors", true,
     C(0x1e,0x1e,0x1e), C(0xff,0xff,0xff), C(0x98,0x98,0x9d), C(0x3f,0x63,0x8b), C(0x0a,0x84,0xff),
     {C(0x1a,0x1a,0x1a), C(0xcc,0x37,0x2e), C(0x26,0xa4,0x39), C(0xcd,0xac,0x08), C(0x08,0x69,0xcb), C(0x96,0x47,0xbf), C(0x47,0x9e,0xc2), C(0x98,0x98,0x9d), C(0x46,0x46,0x46), C(0xff,0x45,0x3a), C(0x32,0xd7,0x4b), C(0xff,0xd6,0x0a), C(0x0a,0x84,0xff), C(0xbf,0x5a,0xf2), C(0x76,0xd6,0xff), C(0xff,0xff,0xff)}},
    {"apple-system-colors-light", "Apple System Colors Light", false,
     C(0xfe,0xff,0xff), C(0x00,0x00,0x00), C(0x98,0x98,0x9d), C(0xab,0xd8,0xff), C(0x0a,0x84,0xff),
     {C(0x1a,0x1a,0x1a), C(0xcc,0x37,0x2e), C(0x26,0xa4,0x39), C(0xcd,0xac,0x08), C(0x08,0x69,0xcb), C(0x96,0x47,0xbf), C(0x47,0x9e,0xc2), C(0x98,0x98,0x9d), C(0x46,0x46,0x46), C(0xff,0x45,0x3a), C(0x32,0xd7,0x4b), C(0xe5,0xbc,0x00), C(0x0a,0x84,0xff), C(0xbf,0x5a,0xf2), C(0x69,0xc9,0xf2), C(0xff,0xff,0xff)}},
    {"arcoiris", "Arcoiris", true,
     C(0x20,0x1f,0x1e), C(0xee,0xe4,0xd9), C(0x87,0x29,0x29), C(0x25,0x52,0x4a), C(0xb3,0xe8,0xf3),
     {C(0x33,0x33,0x33), C(0xda,0x27,0x00), C(0x12,0xc2,0x58), C(0xff,0xc6,0x56), C(0x51,0x8b,0xfc), C(0xe3,0x7b,0xd9), C(0x63,0xfa,0xd5), C(0xba,0xb2,0xb2), C(0x77,0x77,0x77), C(0xff,0xb9,0xb9), C(0xe3,0xf6,0xaa), C(0xff,0xdd,0xaa), C(0xb3,0xe8,0xf3), C(0xcb,0xba,0xf9), C(0xbc,0xff,0xc7), C(0xef,0xef,0xef)}},
    {"ardoise", "Ardoise", true,
     C(0x1e,0x1e,0x1e), C(0xea,0xea,0xea), C(0xf7,0xf7,0xf7), C(0x46,0x51,0x5e), C(0x6a,0xb5,0xf8),
     {C(0x2c,0x2c,0x2c), C(0xd3,0x32,0x2d), C(0x58,0x8b,0x35), C(0xfc,0xa9,0x3a), C(0x24,0x65,0xc2), C(0x73,0x32,0xb4), C(0x64,0xe1,0xb8), C(0xf7,0xf7,0xf7), C(0x53,0x53,0x53), C(0xfa,0x58,0x52), C(0x8d,0xc2,0x52), C(0xff,0xea,0x51), C(0x6a,0xb5,0xf8), C(0xbe,0x68,0xca), C(0x89,0xff,0xdb), C(0xfe,0xfe,0xfe)}},
    {"argonaut", "Argonaut", true,
     C(0x0e,0x10,0x19), C(0xff,0xfa,0xf4), C(0xff,0x00,0x18), C(0x00,0x2a,0x3b), C(0x00,0x92,0xff),
     {C(0x23,0x23,0x23), C(0xff,0x00,0x0f), C(0x8c,0xe1,0x0b), C(0xff,0xb9,0x00), C(0x00,0x8d,0xf8), C(0x6d,0x43,0xa6), C(0x00,0xd8,0xeb), C(0xff,0xff,0xff), C(0x44,0x44,0x44), C(0xff,0x27,0x40), C(0xab,0xe1,0x5b), C(0xff,0xd2,0x42), C(0x00,0x92,0xff), C(0x9a,0x5f,0xeb), C(0x67,0xff,0xf0), C(0xff,0xff,0xff)}},
    {"arthur", "Arthur", true,
     C(0x1c,0x1c,0x1c), C(0xdd,0xee,0xdd), C(0xe2,0xbb,0xef), C(0x4d,0x4d,0x4d), C(0x87,0xce,0xeb),
     {C(0x3d,0x35,0x2a), C(0xcd,0x5c,0x5c), C(0x86,0xaf,0x80), C(0xe8,0xae,0x5b), C(0x64,0x95,0xed), C(0xde,0xb8,0x87), C(0xb0,0xc4,0xde), C(0xbb,0xaa,0x99), C(0x55,0x44,0x44), C(0xcc,0x55,0x33), C(0x88,0xaa,0x22), C(0xff,0xa7,0x5d), C(0x87,0xce,0xeb), C(0x99,0x66,0x00), C(0xb0,0xc4,0xde), C(0xdd,0xcc,0xbb)}},
    {"atelier-sulphurpool", "Atelier Sulphurpool", true,
     C(0x20,0x27,0x46), C(0x97,0x9d,0xb4), C(0x97,0x9d,0xb4), C(0x5e,0x66,0x87), C(0x89,0x8e,0xa4),
     {C(0x20,0x27,0x46), C(0xc9,0x49,0x22), C(0xac,0x97,0x39), C(0xc0,0x8b,0x30), C(0x3d,0x8f,0xd1), C(0x66,0x79,0xcc), C(0x22,0xa2,0xc9), C(0x97,0x9d,0xb4), C(0x6b,0x73,0x94), C(0xc7,0x6b,0x29), C(0x4f,0x58,0x7c), C(0x5e,0x66,0x87), C(0x89,0x8e,0xa4), C(0xdf,0xe2,0xf1), C(0x9c,0x63,0x7a), C(0xf5,0xf7,0xff)}},
    {"atlas-ragnarok", "Atlas Ragnarok", true,
     C(0x00,0x00,0x00), C(0xff,0xff,0xff), C(0x3b,0x82,0xf6), C(0x1e,0x3a,0x5f), C(0xb0,0xb0,0xb0),
     {C(0x00,0x00,0x00), C(0xff,0x80,0x80), C(0x99,0xff,0xe4), C(0x25,0x63,0xeb), C(0xa0,0xa0,0xa0), C(0x3b,0x82,0xf6), C(0x99,0xff,0xe4), C(0xff,0xff,0xff), C(0x50,0x50,0x50), C(0xff,0x99,0x99), C(0xb3,0xff,0xe4), C(0x60,0xa5,0xfa), C(0xb0,0xb0,0xb0), C(0x93,0xc5,0xfd), C(0x99,0xff,0xe4), C(0xff,0xff,0xff)}},
    {"atom", "Atom", true,
     C(0x16,0x17,0x19), C(0xc5,0xc8,0xc6), C(0xd0,0xd0,0xd0), C(0x44,0x44,0x44), C(0x96,0xcb,0xfe),
     {C(0x00,0x00,0x00), C(0xfd,0x5f,0xf1), C(0x87,0xc3,0x8a), C(0xff,0xd7,0xb1), C(0x85,0xbe,0xfd), C(0xb9,0xb6,0xfc), C(0x85,0xbe,0xfd), C(0xe0,0xe0,0xe0), C(0x4c,0x4c,0x4c), C(0xfd,0x5f,0xf1), C(0x94,0xfa,0x36), C(0xf5,0xff,0xa8), C(0x96,0xcb,0xfe), C(0xb9,0xb6,0xfc), C(0x85,0xbe,0xfd), C(0xe0,0xe0,0xe0)}},
    {"atom-one-dark", "Atom One Dark", true,
     C(0x21,0x25,0x2b), C(0xab,0xb2,0xbf), C(0xab,0xb2,0xbf), C(0x32,0x38,0x44), C(0x61,0xaf,0xef),
     {C(0x21,0x25,0x2b), C(0xe0,0x6c,0x75), C(0x98,0xc3,0x79), C(0xe5,0xc0,0x7b), C(0x61,0xaf,0xef), C(0xc6,0x78,0xdd), C(0x56,0xb6,0xc2), C(0xab,0xb2,0xbf), C(0x76,0x76,0x76), C(0xe0,0x6c,0x75), C(0x98,0xc3,0x79), C(0xe5,0xc0,0x7b), C(0x61,0xaf,0xef), C(0xc6,0x78,0xdd), C(0x56,0xb6,0xc2), C(0xab,0xb2,0xbf)}},
    {"atom-one-light", "Atom One Light", false,
     C(0xf9,0xf9,0xf9), C(0x2a,0x2c,0x33), C(0xbb,0xbb,0xbb), C(0xed,0xed,0xed), C(0x2f,0x5a,0xf3),
     {C(0x00,0x00,0x00), C(0xde,0x3e,0x35), C(0x3f,0x95,0x3a), C(0xd2,0xb6,0x7c), C(0x2f,0x5a,0xf3), C(0x95,0x00,0x95), C(0x3f,0x95,0x3a), C(0xbb,0xbb,0xbb), C(0x00,0x00,0x00), C(0xde,0x3e,0x35), C(0x3f,0x95,0x3a), C(0xd2,0xb6,0x7c), C(0x2f,0x5a,0xf3), C(0xa0,0x00,0x95), C(0x3f,0x95,0x3a), C(0xff,0xff,0xff)}},
    {"aubade", "Aubade", false,
     C(0xfb,0xf6,0xfb), C(0x3a,0x33,0x40), C(0xae,0x3f,0x84), C(0xeb,0xe2,0xee), C(0x4a,0x3c,0xc0),
     {C(0x33,0x29,0x3f), C(0xc0,0x30,0x3a), C(0x2e,0x7d,0x6e), C(0x8c,0x61,0x0c), C(0x4a,0x3c,0xc0), C(0x8a,0x4b,0xc0), C(0xae,0x3f,0x84), C(0xb2,0xb2,0xb2), C(0x9a,0x8f,0xa8), C(0xc0,0x30,0x3a), C(0x2e,0x7d,0x6e), C(0xae,0x3f,0x84), C(0x4a,0x3c,0xc0), C(0xd8,0xb6,0x70), C(0xae,0x3f,0x84), C(0x3a,0x33,0x40)}},
    {"aura", "Aura", true,
     C(0x15,0x14,0x1b), C(0xed,0xec,0xee), C(0xa2,0x77,0xff), C(0xa2,0x77,0xff), C(0xa2,0x77,0xff),
     {C(0x11,0x0f,0x18), C(0xff,0x67,0x67), C(0x61,0xff,0xca), C(0xff,0xca,0x85), C(0xa2,0x77,0xff), C(0xa2,0x77,0xff), C(0x61,0xff,0xca), C(0xed,0xec,0xee), C(0x4d,0x4d,0x4d), C(0xff,0xca,0x85), C(0xa2,0x77,0xff), C(0xff,0xca,0x85), C(0xa2,0x77,0xff), C(0xa2,0x77,0xff), C(0x61,0xff,0xca), C(0xed,0xec,0xee)}},
    {"aura-dark", "Aura Dark", true,
     C(0x15,0x14,0x1b), C(0xcd,0xcc,0xce), C(0xa2,0x77,0xff), C(0xcd,0xcc,0xce), C(0xa2,0x77,0xff),
     {C(0x15,0x14,0x1b), C(0xff,0x67,0x67), C(0x61,0xff,0xca), C(0xff,0xca,0x85), C(0xa2,0x77,0xff), C(0x61,0xff,0xca), C(0xa2,0x77,0xff), C(0xcd,0xcc,0xce), C(0x46,0x46,0x46), C(0xff,0xca,0x85), C(0xa2,0x77,0xff), C(0xff,0xca,0x85), C(0xa2,0x77,0xff), C(0x61,0xff,0xca), C(0x61,0xff,0xca), C(0xed,0xec,0xee)}},
    {"aurora", "Aurora", true,
     C(0x23,0x26,0x2e), C(0xff,0xca,0x28), C(0xee,0x5d,0x43), C(0x29,0x2e,0x38), C(0x03,0xd6,0xb8),
     {C(0x23,0x26,0x2e), C(0xf0,0x26,0x6f), C(0x8f,0xd4,0x6d), C(0xff,0xe6,0x6d), C(0x10,0x2e,0xe4), C(0xee,0x5d,0x43), C(0x03,0xd6,0xb8), C(0xc7,0x4d,0xed), C(0x4f,0x54,0x5e), C(0xf9,0x26,0x72), C(0x8f,0xd4,0x6d), C(0xff,0xe6,0x6d), C(0x03,0xd6,0xb8), C(0xee,0x5d,0x43), C(0x03,0xd6,0xb8), C(0xc7,0x4d,0xed)}},
    {"ayu", "Ayu", true,
     C(0x0b,0x0e,0x14), C(0xbf,0xbd,0xb6), C(0xe6,0xb4,0x50), C(0x40,0x9f,0xff), C(0x59,0xc2,0xff),
     {C(0x11,0x15,0x1c), C(0xea,0x6c,0x73), C(0x7f,0xd9,0x62), C(0xf9,0xaf,0x4f), C(0x53,0xbd,0xfa), C(0xcd,0xa1,0xfa), C(0x90,0xe1,0xc6), C(0xc7,0xc7,0xc7), C(0x68,0x68,0x68), C(0xf0,0x71,0x78), C(0xaa,0xd9,0x4c), C(0xff,0xb4,0x54), C(0x59,0xc2,0xff), C(0xd2,0xa6,0xff), C(0x95,0xe6,0xcb), C(0xff,0xff,0xff)}},
    {"ayu-light", "Ayu Light", false,
     C(0xf8,0xf9,0xfa), C(0x5c,0x61,0x66), C(0xff,0xaa,0x33), C(0x03,0x5b,0xd6), C(0x39,0x9e,0xe6),
     {C(0x00,0x00,0x00), C(0xea,0x6c,0x6d), C(0x6c,0xbf,0x43), C(0xec,0xa9,0x44), C(0x31,0x99,0xe1), C(0x9e,0x75,0xc7), C(0x46,0xba,0x94), C(0xba,0xba,0xba), C(0x68,0x68,0x68), C(0xf0,0x71,0x71), C(0x86,0xb3,0x00), C(0xf2,0xae,0x49), C(0x39,0x9e,0xe6), C(0xa3,0x7a,0xcc), C(0x4c,0xbf,0x99), C(0xd1,0xd1,0xd1)}},
    {"ayu-mirage", "Ayu Mirage", true,
     C(0x1f,0x24,0x30), C(0xcc,0xca,0xc2), C(0xff,0xcc,0x66), C(0x40,0x9f,0xff), C(0x73,0xd0,0xff),
     {C(0x17,0x1b,0x24), C(0xed,0x82,0x74), C(0x87,0xd9,0x6c), C(0xfa,0xcc,0x6e), C(0x6d,0xcb,0xfa), C(0xda,0xba,0xfa), C(0x90,0xe1,0xc6), C(0xc7,0xc7,0xc7), C(0x68,0x68,0x68), C(0xf2,0x87,0x79), C(0xd5,0xff,0x80), C(0xff,0xd1,0x73), C(0x73,0xd0,0xff), C(0xdf,0xbf,0xff), C(0x95,0xe6,0xcb), C(0xff,0xff,0xff)}},
    {"banana-blueberry", "Banana Blueberry", true,
     C(0x19,0x13,0x23), C(0xcc,0xcc,0xcc), C(0xe0,0x7d,0x13), C(0x22,0x05,0x25), C(0x91,0xff,0xf4),
     {C(0x17,0x14,0x1f), C(0xff,0x6b,0x7f), C(0x00,0xbd,0x9c), C(0xe6,0xc6,0x2f), C(0x22,0xe8,0xdf), C(0xdc,0x39,0x6a), C(0x56,0xb6,0xc2), C(0xf1,0xf1,0xf1), C(0x49,0x51,0x62), C(0xfe,0x9e,0xa1), C(0x98,0xc3,0x79), C(0xf9,0xe4,0x6b), C(0x91,0xff,0xf4), C(0xda,0x70,0xd6), C(0xbc,0xf3,0xff), C(0xff,0xff,0xff)}},
    {"batman", "Batman", true,
     C(0x1b,0x1d,0x1e), C(0x6f,0x6f,0x6f), C(0xfc,0xef,0x0c), C(0x4d,0x50,0x4c), C(0x91,0x94,0x95),
     {C(0x1b,0x1d,0x1e), C(0xe6,0xdc,0x44), C(0xc8,0xbe,0x46), C(0xf4,0xfd,0x22), C(0x73,0x71,0x74), C(0x74,0x72,0x71), C(0x62,0x60,0x5f), C(0xc6,0xc5,0xbf), C(0x50,0x53,0x54), C(0xff,0xf7,0x8e), C(0xff,0xf2,0x7d), C(0xfe,0xed,0x6c), C(0x91,0x94,0x95), C(0x9a,0x9a,0x9d), C(0xa3,0xa3,0xa6), C(0xda,0xdb,0xd6)}},
    {"belafonte-day", "Belafonte Day", false,
     C(0xd5,0xcc,0xba), C(0x45,0x37,0x3c), C(0x45,0x37,0x3c), C(0x96,0x8c,0x83), C(0x42,0x6a,0x79),
     {C(0x20,0x11,0x1b), C(0xbe,0x10,0x0e), C(0x85,0x81,0x62), C(0xd0,0x8b,0x30), C(0x42,0x6a,0x79), C(0x97,0x52,0x2c), C(0x98,0x9a,0x9c), C(0x96,0x8c,0x83), C(0x5e,0x52,0x52), C(0xbe,0x10,0x0e), C(0x85,0x81,0x62), C(0xd0,0x8b,0x30), C(0x42,0x6a,0x79), C(0x97,0x52,0x2c), C(0x98,0x9a,0x9c), C(0xd5,0xcc,0xba)}},
    {"belafonte-night", "Belafonte Night", true,
     C(0x20,0x11,0x1b), C(0x96,0x8c,0x83), C(0x96,0x8c,0x83), C(0x45,0x37,0x3c), C(0x42,0x6a,0x79),
     {C(0x20,0x11,0x1b), C(0xbe,0x10,0x0e), C(0x85,0x81,0x62), C(0xea,0xa5,0x49), C(0x42,0x6a,0x79), C(0x97,0x52,0x2c), C(0x98,0x9a,0x9c), C(0x96,0x8c,0x83), C(0x5e,0x52,0x52), C(0xbe,0x10,0x0e), C(0x85,0x81,0x62), C(0xea,0xa5,0x49), C(0x42,0x6a,0x79), C(0x97,0x52,0x2c), C(0x98,0x9a,0x9c), C(0xd5,0xcc,0xba)}},
    {"birds-of-paradise", "Birds Of Paradise", true,
     C(0x2a,0x1f,0x1d), C(0xe0,0xdb,0xb7), C(0x64,0x4a,0x33), C(0x56,0x3c,0x27), C(0xb8,0xd3,0xed),
     {C(0x57,0x3d,0x26), C(0xbe,0x2d,0x26), C(0x6b,0xa1,0x8a), C(0xe9,0x9d,0x2a), C(0x5a,0x86,0xad), C(0xac,0x80,0xa6), C(0x74,0xa6,0xad), C(0xe0,0xdb,0xb7), C(0x9b,0x6c,0x4a), C(0xe8,0x46,0x27), C(0x95,0xd8,0xba), C(0xd0,0xd1,0x50), C(0xb8,0xd3,0xed), C(0xd1,0x9e,0xcb), C(0x93,0xcf,0xd7), C(0xff,0xf9,0xd5)}},
    {"black-metal", "Black Metal", true,
     C(0x00,0x00,0x00), C(0xc1,0xc1,0xc1), C(0xc1,0xc1,0xc1), C(0xc1,0xc1,0xc1), C(0x88,0x88,0x88),
     {C(0x00,0x00,0x00), C(0x48,0x6e,0x6f), C(0xdd,0x99,0x99), C(0xa0,0x66,0x66), C(0x88,0x88,0x88), C(0x99,0x99,0x99), C(0xaa,0xaa,0xaa), C(0xc1,0xc1,0xc1), C(0x40,0x40,0x40), C(0x48,0x6e,0x6f), C(0xdd,0x99,0x99), C(0xa0,0x66,0x66), C(0x88,0x88,0x88), C(0x99,0x99,0x99), C(0xaa,0xaa,0xaa), C(0xc1,0xc1,0xc1)}},
    {"black-metal-bathory", "Black Metal (Bathory)", true,
     C(0x00,0x00,0x00), C(0xc1,0xc1,0xc1), C(0xc1,0xc1,0xc1), C(0xc1,0xc1,0xc1), C(0x88,0x88,0x88),
     {C(0x00,0x00,0x00), C(0x5f,0x87,0x87), C(0xfb,0xcb,0x97), C(0xe7,0x8a,0x53), C(0x88,0x88,0x88), C(0x99,0x99,0x99), C(0xaa,0xaa,0xaa), C(0xc1,0xc1,0xc1), C(0x40,0x40,0x40), C(0x5f,0x87,0x87), C(0xfb,0xcb,0x97), C(0xe7,0x8a,0x53), C(0x88,0x88,0x88), C(0x99,0x99,0x99), C(0xaa,0xaa,0xaa), C(0xc1,0xc1,0xc1)}},
    {"black-metal-burzum", "Black Metal (Burzum)", true,
     C(0x00,0x00,0x00), C(0xc1,0xc1,0xc1), C(0xc1,0xc1,0xc1), C(0xc1,0xc1,0xc1), C(0x88,0x88,0x88),
     {C(0x00,0x00,0x00), C(0x5f,0x87,0x87), C(0xdd,0xee,0xcc), C(0x99,0xbb,0xaa), C(0x88,0x88,0x88), C(0x99,0x99,0x99), C(0xaa,0xaa,0xaa), C(0xc1,0xc1,0xc1), C(0x40,0x40,0x40), C(0x5f,0x87,0x87), C(0xdd,0xee,0xcc), C(0x99,0xbb,0xaa), C(0x88,0x88,0x88), C(0x99,0x99,0x99), C(0xaa,0xaa,0xaa), C(0xc1,0xc1,0xc1)}},
    {"black-metal-dark-funeral", "Black Metal (Dark Funeral)", true,
     C(0x00,0x00,0x00), C(0xc1,0xc1,0xc1), C(0xc1,0xc1,0xc1), C(0xc1,0xc1,0xc1), C(0x88,0x88,0x88),
     {C(0x00,0x00,0x00), C(0x5f,0x87,0x87), C(0xd0,0xdf,0xee), C(0x5f,0x81,0xa5), C(0x88,0x88,0x88), C(0x99,0x99,0x99), C(0xaa,0xaa,0xaa), C(0xc1,0xc1,0xc1), C(0x40,0x40,0x40), C(0x5f,0x87,0x87), C(0xd0,0xdf,0xee), C(0x5f,0x81,0xa5), C(0x88,0x88,0x88), C(0x99,0x99,0x99), C(0xaa,0xaa,0xaa), C(0xc1,0xc1,0xc1)}},
    {"black-metal-gorgoroth", "Black Metal (Gorgoroth)", true,
     C(0x00,0x00,0x00), C(0xc1,0xc1,0xc1), C(0xc1,0xc1,0xc1), C(0xc1,0xc1,0xc1), C(0x88,0x88,0x88),
     {C(0x00,0x00,0x00), C(0x5f,0x87,0x87), C(0x9b,0x8d,0x7f), C(0x8c,0x7f,0x70), C(0x88,0x88,0x88), C(0x99,0x99,0x99), C(0xaa,0xaa,0xaa), C(0xc1,0xc1,0xc1), C(0x40,0x40,0x40), C(0x5f,0x87,0x87), C(0x9b,0x8d,0x7f), C(0x8c,0x7f,0x70), C(0x88,0x88,0x88), C(0x99,0x99,0x99), C(0xaa,0xaa,0xaa), C(0xc1,0xc1,0xc1)}},
    {"black-metal-immortal", "Black Metal (Immortal)", true,
     C(0x00,0x00,0x00), C(0xc1,0xc1,0xc1), C(0xc1,0xc1,0xc1), C(0xc1,0xc1,0xc1), C(0x88,0x88,0x88),
     {C(0x00,0x00,0x00), C(0x5f,0x87,0x87), C(0x77,0x99,0xbb), C(0x55,0x66,0x77), C(0x88,0x88,0x88), C(0x99,0x99,0x99), C(0xaa,0xaa,0xaa), C(0xc1,0xc1,0xc1), C(0x40,0x40,0x40), C(0x5f,0x87,0x87), C(0x77,0x99,0xbb), C(0x55,0x66,0x77), C(0x88,0x88,0x88), C(0x99,0x99,0x99), C(0xaa,0xaa,0xaa), C(0xc1,0xc1,0xc1)}},
    {"black-metal-khold", "Black Metal (Khold)", true,
     C(0x00,0x00,0x00), C(0xc1,0xc1,0xc1), C(0xc1,0xc1,0xc1), C(0xc1,0xc1,0xc1), C(0x88,0x88,0x88),
     {C(0x00,0x00,0x00), C(0x5f,0x87,0x87), C(0xec,0xee,0xe3), C(0x97,0x4b,0x46), C(0x88,0x88,0x88), C(0x99,0x99,0x99), C(0xaa,0xaa,0xaa), C(0xc1,0xc1,0xc1), C(0x40,0x40,0x40), C(0x5f,0x87,0x87), C(0xec,0xee,0xe3), C(0x97,0x4b,0x46), C(0x88,0x88,0x88), C(0x99,0x99,0x99), C(0xaa,0xaa,0xaa), C(0xc1,0xc1,0xc1)}},
    {"black-metal-marduk", "Black Metal (Marduk)", true,
     C(0x00,0x00,0x00), C(0xc1,0xc1,0xc1), C(0xc1,0xc1,0xc1), C(0xc1,0xc1,0xc1), C(0x88,0x88,0x88),
     {C(0x00,0x00,0x00), C(0x5f,0x87,0x87), C(0xa5,0xaa,0xa7), C(0x62,0x6b,0x67), C(0x88,0x88,0x88), C(0x99,0x99,0x99), C(0xaa,0xaa,0xaa), C(0xc1,0xc1,0xc1), C(0x40,0x40,0x40), C(0x5f,0x87,0x87), C(0xa5,0xaa,0xa7), C(0x62,0x6b,0x67), C(0x88,0x88,0x88), C(0x99,0x99,0x99), C(0xaa,0xaa,0xaa), C(0xc1,0xc1,0xc1)}},
    {"black-metal-mayhem", "Black Metal (Mayhem)", true,
     C(0x00,0x00,0x00), C(0xc1,0xc1,0xc1), C(0xc1,0xc1,0xc1), C(0xc1,0xc1,0xc1), C(0x88,0x88,0x88),
     {C(0x00,0x00,0x00), C(0x5f,0x87,0x87), C(0xf3,0xec,0xd4), C(0xee,0xcc,0x6c), C(0x88,0x88,0x88), C(0x99,0x99,0x99), C(0xaa,0xaa,0xaa), C(0xc1,0xc1,0xc1), C(0x40,0x40,0x40), C(0x5f,0x87,0x87), C(0xf3,0xec,0xd4), C(0xee,0xcc,0x6c), C(0x88,0x88,0x88), C(0x99,0x99,0x99), C(0xaa,0xaa,0xaa), C(0xc1,0xc1,0xc1)}},
    {"black-metal-nile", "Black Metal (Nile)", true,
     C(0x00,0x00,0x00), C(0xc1,0xc1,0xc1), C(0xc1,0xc1,0xc1), C(0xc1,0xc1,0xc1), C(0x88,0x88,0x88),
     {C(0x00,0x00,0x00), C(0x5f,0x87,0x87), C(0xaa,0x99,0x88), C(0x77,0x77,0x55), C(0x88,0x88,0x88), C(0x99,0x99,0x99), C(0xaa,0xaa,0xaa), C(0xc1,0xc1,0xc1), C(0x40,0x40,0x40), C(0x5f,0x87,0x87), C(0xaa,0x99,0x88), C(0x77,0x77,0x55), C(0x88,0x88,0x88), C(0x99,0x99,0x99), C(0xaa,0xaa,0xaa), C(0xc1,0xc1,0xc1)}},
    {"black-metal-venom", "Black Metal (Venom)", true,
     C(0x00,0x00,0x00), C(0xc1,0xc1,0xc1), C(0xc1,0xc1,0xc1), C(0xc1,0xc1,0xc1), C(0x88,0x88,0x88),
     {C(0x00,0x00,0x00), C(0x5f,0x87,0x87), C(0xf8,0xf7,0xf2), C(0x79,0x24,0x1f), C(0x88,0x88,0x88), C(0x99,0x99,0x99), C(0xaa,0xaa,0xaa), C(0xc1,0xc1,0xc1), C(0x40,0x40,0x40), C(0x5f,0x87,0x87), C(0xf8,0xf7,0xf2), C(0x79,0x24,0x1f), C(0x88,0x88,0x88), C(0x99,0x99,0x99), C(0xaa,0xaa,0xaa), C(0xc1,0xc1,0xc1)}},
    {"blazer", "Blazer", true,
     C(0x0d,0x19,0x26), C(0xd9,0xe6,0xf2), C(0xd9,0xe6,0xf2), C(0xc1,0xdd,0xff), C(0xbd,0xbd,0xdb),
     {C(0x00,0x00,0x00), C(0xb8,0x7a,0x7a), C(0x7a,0xb8,0x7a), C(0xb8,0xb8,0x7a), C(0x7a,0x7a,0xb8), C(0xb8,0x7a,0xb8), C(0x7a,0xb8,0xb8), C(0xd9,0xd9,0xd9), C(0x4c,0x4c,0x4c), C(0xdb,0xbd,0xbd), C(0xbd,0xdb,0xbd), C(0xdb,0xdb,0xbd), C(0xbd,0xbd,0xdb), C(0xdb,0xbd,0xdb), C(0xbd,0xdb,0xdb), C(0xff,0xff,0xff)}},
    {"blue-berry-pie", "Blue Berry Pie", true,
     C(0x1c,0x0c,0x28), C(0xba,0xba,0xb9), C(0xfc,0xfa,0xd6), C(0x60,0x60,0x60), C(0x5f,0x3d,0x63),
     {C(0x0a,0x4c,0x62), C(0x99,0x24,0x6e), C(0x5c,0xb1,0xb3), C(0xea,0xb9,0xa8), C(0x90,0xa5,0xbd), C(0x9d,0x54,0xa7), C(0x7e,0x83,0xcc), C(0xf0,0xe8,0xd6), C(0x46,0x3c,0x5d), C(0xc8,0x72,0x72), C(0x0a,0x6c,0x7e), C(0x7a,0x31,0x88), C(0x5f,0x3d,0x63), C(0xbc,0x94,0xb7), C(0x5e,0x60,0x71), C(0x0a,0x6c,0x7e)}},
    {"blue-dolphin", "Blue Dolphin", true,
     C(0x00,0x69,0x84), C(0xc5,0xf2,0xff), C(0xff,0xcc,0x00), C(0x2b,0xae,0xca), C(0x9c,0xc4,0xff),
     {C(0x29,0x2d,0x3e), C(0xff,0x82,0x88), C(0xb4,0xe8,0x8d), C(0xf4,0xd6,0x9f), C(0x82,0xaa,0xff), C(0xe9,0xc1,0xff), C(0x89,0xeb,0xff), C(0xd0,0xd0,0xd0), C(0x90,0x94,0xa4), C(0xff,0x8b,0x92), C(0xdd,0xff,0xa7), C(0xff,0xe5,0x85), C(0x9c,0xc4,0xff), C(0xdd,0xb0,0xf6), C(0xa3,0xf7,0xff), C(0xff,0xff,0xff)}},
    {"blue-matrix", "Blue Matrix", true,
     C(0x10,0x11,0x16), C(0x00,0xa2,0xff), C(0x76,0xff,0x9f), C(0xc1,0xde,0xff), C(0x68,0x71,0xff),
     {C(0x10,0x11,0x16), C(0xff,0x56,0x80), C(0x00,0xff,0x9c), C(0xff,0xfc,0x58), C(0x00,0xb0,0xff), C(0xd5,0x7b,0xff), C(0x76,0xc1,0xff), C(0xc7,0xc7,0xc7), C(0x68,0x68,0x68), C(0xff,0x6e,0x67), C(0x5f,0xfa,0x68), C(0xff,0xfc,0x67), C(0x68,0x71,0xff), C(0xd6,0x82,0xec), C(0x60,0xfd,0xff), C(0xff,0xff,0xff)}},
    {"bluloco-dark", "Bluloco Dark", true,
     C(0x28,0x2c,0x34), C(0xb9,0xc0,0xcb), C(0xff,0xcc,0x00), C(0xb9,0xc0,0xca), C(0x10,0xb1,0xfe),
     {C(0x41,0x44,0x4d), C(0xfc,0x2f,0x52), C(0x25,0xa4,0x5c), C(0xff,0x93,0x6a), C(0x34,0x76,0xff), C(0x7a,0x82,0xda), C(0x44,0x83,0xaa), C(0xcd,0xd4,0xe0), C(0x8f,0x9a,0xae), C(0xff,0x64,0x80), C(0x3f,0xc5,0x6b), C(0xf9,0xc8,0x59), C(0x10,0xb1,0xfe), C(0xff,0x78,0xf8), C(0x5f,0xb9,0xbc), C(0xff,0xff,0xff)}},
    {"bluloco-light", "Bluloco Light", false,
     C(0xf9,0xf9,0xf9), C(0x37,0x3a,0x41), C(0xf3,0x27,0x59), C(0xda,0xf0,0xff), C(0x00,0x99,0xe1),
     {C(0x37,0x3a,0x41), C(0xd5,0x27,0x53), C(0x23,0x97,0x4a), C(0xdf,0x63,0x1c), C(0x27,0x5f,0xe4), C(0x82,0x3f,0xf1), C(0x27,0x61,0x8d), C(0xba,0xbb,0xc2), C(0x67,0x6a,0x77), C(0xff,0x64,0x80), C(0x3c,0xbc,0x66), C(0xc5,0xa3,0x32), C(0x00,0x99,0xe1), C(0xce,0x33,0xc0), C(0x6d,0x93,0xbb), C(0xd3,0xd3,0xd3)}},
    {"borland", "Borland", true,
     C(0x00,0x00,0xa4), C(0xff,0xff,0x4e), C(0xff,0xa5,0x60), C(0xa4,0xa4,0xa4), C(0xb5,0xdc,0xff),
     {C(0x4f,0x4f,0x4f), C(0xff,0x6c,0x60), C(0xa8,0xff,0x60), C(0xff,0xff,0xb6), C(0x96,0xcb,0xfe), C(0xff,0x73,0xfd), C(0xc6,0xc5,0xfe), C(0xee,0xee,0xee), C(0x7c,0x7c,0x7c), C(0xff,0xb6,0xb0), C(0xce,0xff,0xac), C(0xff,0xff,0xcc), C(0xb5,0xdc,0xff), C(0xff,0x9c,0xfe), C(0xdf,0xdf,0xfe), C(0xff,0xff,0xff)}},
    {"box", "Box", true,
     C(0x14,0x1d,0x2b), C(0x9f,0xef,0x00), C(0x9f,0xef,0x00), C(0xa4,0xb1,0xcd), C(0x1a,0x8f,0xff),
     {C(0x00,0x00,0x00), C(0xcc,0x04,0x03), C(0x19,0xcb,0x00), C(0xce,0xcb,0x00), C(0x0d,0x73,0xcc), C(0xcb,0x1e,0xd1), C(0x0d,0xcd,0xcd), C(0xdd,0xdd,0xdd), C(0x76,0x76,0x76), C(0xf2,0x20,0x1f), C(0x23,0xfd,0x00), C(0xff,0xfd,0x00), C(0x1a,0x8f,0xff), C(0xfd,0x28,0xff), C(0x14,0xff,0xff), C(0xff,0xff,0xff)}},
    {"breadog", "Breadog", false,
     C(0xf1,0xeb,0xe6), C(0x36,0x2c,0x24), C(0x36,0x2c,0x24), C(0x36,0x2c,0x24), C(0x00,0x74,0xe1),
     {C(0x36,0x2c,0x24), C(0xb1,0x0b,0x00), C(0x00,0x72,0x32), C(0x8b,0x4c,0x00), C(0x00,0x5c,0xb4), C(0x9b,0x00,0x97), C(0x00,0x6a,0x78), C(0xba,0xa9,0x9d), C(0x51,0x43,0x37), C(0xde,0x11,0x00), C(0x00,0x8f,0x40), C(0xae,0x60,0x00), C(0x00,0x74,0xe1), C(0xc3,0x00,0xbd), C(0x00,0x86,0x97), C(0xea,0xe1,0xda)}},
    {"breeze", "Breeze", true,
     C(0x31,0x36,0x3b), C(0xef,0xf0,0xf1), C(0xef,0xf0,0xf1), C(0xef,0xf0,0xf1), C(0x3d,0xae,0xe9),
     {C(0x31,0x36,0x3b), C(0xed,0x15,0x15), C(0x11,0xd1,0x16), C(0xf6,0x74,0x00), C(0x1d,0x99,0xf3), C(0x9b,0x59,0xb6), C(0x1a,0xbc,0x9c), C(0xef,0xf0,0xf1), C(0x7f,0x8c,0x8d), C(0xc0,0x39,0x2b), C(0x1c,0xdc,0x9a), C(0xfd,0xbc,0x4b), C(0x3d,0xae,0xe9), C(0x8e,0x44,0xad), C(0x16,0xa0,0x85), C(0xfc,0xfc,0xfc)}},
    {"bright-lights", "Bright Lights", true,
     C(0x19,0x19,0x19), C(0xb3,0xc9,0xd7), C(0xf3,0x4b,0x00), C(0xb3,0xc9,0xd7), C(0x76,0xd5,0xff),
     {C(0x19,0x19,0x19), C(0xff,0x35,0x5b), C(0xb7,0xe8,0x76), C(0xff,0xc2,0x51), C(0x76,0xd4,0xff), C(0xba,0x76,0xe7), C(0x6c,0xbf,0xb5), C(0xc2,0xc8,0xd7), C(0x4c,0x4c,0x4c), C(0xff,0x35,0x5b), C(0xb7,0xe8,0x76), C(0xff,0xc2,0x51), C(0x76,0xd5,0xff), C(0xba,0x76,0xe7), C(0x6c,0xbf,0xb5), C(0xc2,0xc8,0xd7)}},
    {"broadcast", "Broadcast", true,
     C(0x2b,0x2b,0x2b), C(0xe6,0xe1,0xdc), C(0xff,0xff,0xff), C(0x5a,0x64,0x7e), C(0x9f,0xce,0xf0),
     {C(0x00,0x00,0x00), C(0xda,0x49,0x39), C(0x51,0x9f,0x50), C(0xff,0xd2,0x4a), C(0x6d,0x9c,0xbe), C(0xd0,0xd0,0xff), C(0x6e,0x9c,0xbe), C(0xff,0xff,0xff), C(0x58,0x58,0x58), C(0xff,0x7b,0x6b), C(0x83,0xd1,0x82), C(0xff,0xff,0x7c), C(0x9f,0xce,0xf0), C(0xff,0xff,0xff), C(0xa0,0xce,0xf0), C(0xff,0xff,0xff)}},
    {"brogrammer", "Brogrammer", true,
     C(0x13,0x13,0x13), C(0xd6,0xdb,0xe5), C(0xb9,0xb9,0xb9), C(0x1f,0x1f,0x1f), C(0x10,0x81,0xd6),
     {C(0x1f,0x1f,0x1f), C(0xf8,0x11,0x18), C(0x2d,0xc5,0x5e), C(0xec,0xba,0x0f), C(0x2a,0x84,0xd2), C(0x4e,0x5a,0xb7), C(0x10,0x81,0xd6), C(0xd6,0xdb,0xe5), C(0xd6,0xdb,0xe5), C(0xde,0x35,0x2e), C(0x1d,0xd3,0x61), C(0xf3,0xbd,0x09), C(0x10,0x81,0xd6), C(0x53,0x50,0xb9), C(0x0f,0x7d,0xdb), C(0xff,0xff,0xff)}},
    {"builtin-dark", "Builtin Dark", true,
     C(0x00,0x00,0x00), C(0xbb,0xbb,0xbb), C(0xbb,0xbb,0xbb), C(0xb5,0xd5,0xff), C(0x55,0x55,0xff),
     {C(0x00,0x00,0x00), C(0xbb,0x00,0x00), C(0x00,0xbb,0x00), C(0xbb,0xbb,0x00), C(0x0d,0x0d,0xc8), C(0xbb,0x00,0xbb), C(0x00,0xbb,0xbb), C(0xbb,0xbb,0xbb), C(0x55,0x55,0x55), C(0xff,0x55,0x55), C(0x55,0xff,0x55), C(0xff,0xff,0x55), C(0x55,0x55,0xff), C(0xff,0x55,0xff), C(0x55,0xff,0xff), C(0xff,0xff,0xff)}},
    {"builtin-light", "Builtin Light", false,
     C(0xff,0xff,0xff), C(0x00,0x00,0x00), C(0x00,0x00,0x00), C(0xb5,0xd5,0xff), C(0x55,0x55,0xff),
     {C(0x00,0x00,0x00), C(0xbb,0x00,0x00), C(0x00,0xbb,0x00), C(0xbb,0xbb,0x00), C(0x00,0x00,0xbb), C(0xbb,0x00,0xbb), C(0x00,0xbb,0xbb), C(0xbb,0xbb,0xbb), C(0x55,0x55,0x55), C(0xff,0x55,0x55), C(0x2f,0xd9,0x2f), C(0xbf,0xbf,0x15), C(0x55,0x55,0xff), C(0xff,0x55,0xff), C(0x22,0xcc,0xcc), C(0xff,0xff,0xff)}},
    {"builtin-pastel-dark", "Builtin Pastel Dark", true,
     C(0x00,0x00,0x00), C(0xbb,0xbb,0xbb), C(0xff,0xa5,0x60), C(0x36,0x39,0x83), C(0xb5,0xdc,0xff),
     {C(0x4f,0x4f,0x4f), C(0xff,0x6c,0x60), C(0xa8,0xff,0x60), C(0xff,0xff,0xb6), C(0x96,0xcb,0xfe), C(0xff,0x73,0xfd), C(0xc6,0xc5,0xfe), C(0xee,0xee,0xee), C(0x7c,0x7c,0x7c), C(0xff,0xb6,0xb0), C(0xce,0xff,0xac), C(0xff,0xff,0xcc), C(0xb5,0xdc,0xff), C(0xff,0x9c,0xfe), C(0xdf,0xdf,0xfe), C(0xff,0xff,0xff)}},
    {"builtin-tango-dark", "Builtin Tango Dark", true,
     C(0x00,0x00,0x00), C(0xff,0xff,0xff), C(0xff,0xff,0xff), C(0xb5,0xd5,0xff), C(0x72,0x9f,0xcf),
     {C(0x00,0x00,0x00), C(0xcc,0x00,0x00), C(0x4e,0x9a,0x06), C(0xc4,0xa0,0x00), C(0x34,0x65,0xa4), C(0x75,0x50,0x7b), C(0x06,0x98,0x9a), C(0xd3,0xd7,0xcf), C(0x55,0x57,0x53), C(0xef,0x29,0x29), C(0x8a,0xe2,0x34), C(0xfc,0xe9,0x4f), C(0x72,0x9f,0xcf), C(0xad,0x7f,0xa8), C(0x34,0xe2,0xe2), C(0xee,0xee,0xec)}},
    {"builtin-tango-light", "Builtin Tango Light", false,
     C(0xff,0xff,0xff), C(0x00,0x00,0x00), C(0x00,0x00,0x00), C(0xb5,0xd5,0xff), C(0x72,0x9f,0xcf),
     {C(0x00,0x00,0x00), C(0xcc,0x00,0x00), C(0x4e,0x9a,0x06), C(0xc4,0xa0,0x00), C(0x34,0x65,0xa4), C(0x75,0x50,0x7b), C(0x06,0x98,0x9a), C(0xb9,0xbd,0xb5), C(0x55,0x57,0x53), C(0xef,0x29,0x29), C(0x7d,0xd5,0x27), C(0xd6,0xc3,0x29), C(0x72,0x9f,0xcf), C(0xad,0x7f,0xa8), C(0x27,0xd5,0xd5), C(0xee,0xee,0xec)}},
    {"c64", "C64", true,
     C(0x40,0x31,0x8d), C(0x78,0x69,0xc4), C(0x78,0x69,0xc4), C(0x78,0x69,0xc4), C(0x66,0x57,0xb3),
     {C(0x09,0x03,0x00), C(0xa2,0x52,0x4c), C(0x55,0xa0,0x49), C(0xbf,0xce,0x72), C(0x66,0x57,0xb3), C(0x98,0x4c,0xa3), C(0x67,0xb6,0xbd), C(0xff,0xff,0xff), C(0x00,0x00,0x00), C(0xa2,0x52,0x4c), C(0x55,0xa0,0x49), C(0xbf,0xce,0x72), C(0x66,0x57,0xb3), C(0x98,0x4c,0xa3), C(0x67,0xb6,0xbd), C(0xf7,0xf7,0xf7)}},
    {"cga", "CGA", true,
     C(0x00,0x00,0x00), C(0xaa,0xaa,0xaa), C(0xb8,0xb8,0xb8), C(0xc1,0xde,0xff), C(0x55,0x55,0xff),
     {C(0x00,0x00,0x00), C(0xaa,0x00,0x00), C(0x00,0xaa,0x00), C(0xaa,0x55,0x00), C(0x0d,0x0d,0xb7), C(0xaa,0x00,0xaa), C(0x00,0xaa,0xaa), C(0xaa,0xaa,0xaa), C(0x55,0x55,0x55), C(0xff,0x55,0x55), C(0x55,0xff,0x55), C(0xff,0xff,0x55), C(0x55,0x55,0xff), C(0xff,0x55,0xff), C(0x55,0xff,0xff), C(0xff,0xff,0xff)}},
    {"clrs", "CLRS", false,
     C(0xff,0xff,0xff), C(0x26,0x26,0x26), C(0x62,0xc6,0xef), C(0x6f,0xd3,0xfc), C(0x16,0x70,0xff),
     {C(0x00,0x00,0x00), C(0xf8,0x28,0x2a), C(0x32,0x8a,0x5d), C(0xfa,0x70,0x1d), C(0x13,0x5c,0xd0), C(0x9f,0x00,0xbd), C(0x33,0xc3,0xc1), C(0xb3,0xb3,0xb3), C(0x55,0x57,0x53), C(0xfb,0x04,0x16), C(0x2c,0xc6,0x31), C(0xe3,0xbd,0x0e), C(0x16,0x70,0xff), C(0xe9,0x00,0xb0), C(0x3a,0xd5,0xce), C(0xee,0xee,0xec)}},
    {"crt-amber", "CRT Amber", true,
     C(0x1a,0x10,0x05), C(0xff,0xf3,0xc4), C(0xff,0xf3,0xc4), C(0xff,0xf3,0xc4), C(0xcd,0x9d,0xfd),
     {C(0x4c,0x42,0x2f), C(0xef,0x44,0x44), C(0x84,0xcc,0x16), C(0xfd,0xe6,0x8a), C(0xc0,0x84,0xfc), C(0xf9,0x73,0x16), C(0xf5,0x9e,0x0b), C(0xd8,0xa6,0x57), C(0x54,0x44,0x35), C(0xf2,0x69,0x69), C(0x9d,0xd6,0x45), C(0xfd,0xeb,0x9f), C(0xcd,0x9d,0xfd), C(0xfa,0x8f,0x45), C(0xf7,0xb1,0x3c), C(0xff,0xf3,0xc4)}},
    {"calamity", "Calamity", true,
     C(0x2f,0x28,0x33), C(0xd5,0xce,0xd9), C(0xd5,0xce,0xd9), C(0x7e,0x6c,0x88), C(0x3b,0x79,0xc7),
     {C(0x2f,0x28,0x33), C(0xfc,0x64,0x4d), C(0xa5,0xf6,0x9c), C(0xe9,0xd7,0xa5), C(0x3b,0x79,0xc7), C(0xf9,0x26,0x72), C(0x74,0xd3,0xde), C(0xd5,0xce,0xd9), C(0x7e,0x6c,0x88), C(0xfc,0x64,0x4d), C(0xa5,0xf6,0x9c), C(0xe9,0xd7,0xa5), C(0x3b,0x79,0xc7), C(0xf9,0x26,0x72), C(0x74,0xd3,0xde), C(0xff,0xff,0xff)}},
    {"carbonfox", "Carbonfox", true,
     C(0x16,0x16,0x16), C(0xf2,0xf4,0xf8), C(0xf2,0xf4,0xf8), C(0x2a,0x2a,0x2a), C(0x8c,0xb6,0xff),
     {C(0x28,0x28,0x28), C(0xee,0x53,0x96), C(0x25,0xbe,0x6a), C(0x08,0xbd,0xba), C(0x78,0xa9,0xff), C(0xbe,0x95,0xff), C(0x33,0xb1,0xff), C(0xdf,0xdf,0xe0), C(0x48,0x48,0x48), C(0xf1,0x6d,0xa6), C(0x46,0xc8,0x80), C(0x2d,0xc7,0xc4), C(0x8c,0xb6,0xff), C(0xc8,0xa5,0xff), C(0x52,0xbd,0xff), C(0xe4,0xe4,0xe5)}},
    {"cassette-tape", "Cassette Tape", false,
     C(0xff,0xf7,0xed), C(0x2b,0x1b,0x12), C(0x2b,0x1b,0x12), C(0x2b,0x1b,0x12), C(0x63,0x24,0x0e),
     {C(0x51,0x43,0x39), C(0xb9,0x1c,0x1c), C(0x3f,0x62,0x12), C(0xbe,0x12,0x3c), C(0x7c,0x2d,0x12), C(0x0f,0x76,0x6e), C(0xb4,0x53,0x09), C(0x6b,0x4f,0x3f), C(0xc4,0xb3,0x9a), C(0x94,0x16,0x16), C(0x32,0x4e,0x0e), C(0x9c,0x0f,0x31), C(0x63,0x24,0x0e), C(0x0c,0x5e,0x58), C(0x90,0x42,0x07), C(0x2b,0x1b,0x12)}},
    {"catppuccin-frappe", "Catppuccin Frappe", true,
     C(0x30,0x34,0x46), C(0xc6,0xd0,0xf5), C(0xf2,0xd5,0xcf), C(0xf2,0xd5,0xcf), C(0xad,0xc2,0xf3),
     {C(0x51,0x57,0x6d), C(0xe7,0x82,0x84), C(0xa6,0xd1,0x89), C(0xe5,0xc8,0x90), C(0x8c,0xaa,0xee), C(0xf4,0xb8,0xe4), C(0x81,0xc8,0xbe), C(0xb5,0xbf,0xe2), C(0x62,0x68,0x80), C(0xed,0xa0,0xa2), C(0xb9,0xdb,0xa2), C(0xec,0xd7,0xae), C(0xad,0xc2,0xf3), C(0xf3,0x8e,0xd8), C(0x98,0xd2,0xca), C(0xa5,0xad,0xce)}},
    {"catppuccin-latte", "Catppuccin Latte", false,
     C(0xef,0xf1,0xf5), C(0x4c,0x4f,0x69), C(0xdc,0x8a,0x78), C(0xdc,0x8a,0x78), C(0x38,0x78,0xf6),
     {C(0xbc,0xc0,0xcc), C(0xd2,0x0f,0x39), C(0x40,0xa0,0x2b), C(0xdf,0x8e,0x1d), C(0x1e,0x66,0xf5), C(0xea,0x76,0xcb), C(0x17,0x92,0x99), C(0x5c,0x5f,0x77), C(0xac,0xb0,0xbe), C(0xe7,0x10,0x3f), C(0x46,0xb0,0x2f), C(0xe4,0x99,0x31), C(0x38,0x78,0xf6), C(0xef,0x95,0xd7), C(0x19,0xa1,0xa8), C(0x6c,0x6f,0x85)}},
    {"catppuccin-macchiato", "Catppuccin Macchiato", true,
     C(0x24,0x27,0x3a), C(0xca,0xd3,0xf5), C(0xf4,0xdb,0xd6), C(0xf4,0xdb,0xd6), C(0xad,0xc5,0xf7),
     {C(0x49,0x4d,0x64), C(0xed,0x87,0x96), C(0xa6,0xda,0x95), C(0xee,0xd4,0x9f), C(0x8a,0xad,0xf4), C(0xf5,0xbd,0xe6), C(0x8b,0xd5,0xca), C(0xb8,0xc0,0xe0), C(0x5b,0x60,0x78), C(0xf2,0xa7,0xb2), C(0xbd,0xe3,0xb0), C(0xf4,0xe3,0xc1), C(0xad,0xc5,0xf7), C(0xf4,0x93,0xda), C(0xa5,0xde,0xd6), C(0xa5,0xad,0xcb)}},
    {"catppuccin-mocha", "Catppuccin Mocha", true,
     C(0x1e,0x1e,0x2e), C(0xcd,0xd6,0xf4), C(0xf5,0xe0,0xdc), C(0xf5,0xe0,0xdc), C(0xae,0xcc,0xfc),
     {C(0x45,0x47,0x5a), C(0xf3,0x8b,0xa8), C(0xa6,0xe3,0xa1), C(0xf9,0xe2,0xaf), C(0x89,0xb4,0xfa), C(0xf5,0xc2,0xe7), C(0x94,0xe2,0xd5), C(0xba,0xc2,0xde), C(0x58,0x5b,0x70), C(0xf7,0xae,0xc2), C(0xc2,0xec,0xbf), C(0xfc,0xd6,0x82), C(0xae,0xcc,0xfc), C(0xf3,0x98,0xda), C(0xb1,0xea,0xe1), C(0xa6,0xad,0xc8)}},
    {"chalk", "Chalk", true,
     C(0x2b,0x2d,0x2e), C(0xd2,0xd8,0xd9), C(0x70,0x82,0x84), C(0xe4,0xe8,0xed), C(0x41,0x96,0xff),
     {C(0x7d,0x8b,0x8f), C(0xb2,0x3a,0x52), C(0x78,0x9b,0x6a), C(0xb9,0xac,0x4a), C(0x2a,0x7f,0xac), C(0xbd,0x4f,0x5a), C(0x44,0xa7,0x99), C(0xd2,0xd8,0xd9), C(0x88,0x88,0x88), C(0xf2,0x48,0x40), C(0x80,0xc4,0x70), C(0xff,0xeb,0x62), C(0x41,0x96,0xff), C(0xfc,0x52,0x75), C(0x53,0xcd,0xbd), C(0xd2,0xd8,0xd9)}},
    {"chalkboard", "Chalkboard", true,
     C(0x29,0x26,0x2f), C(0xd9,0xe6,0xf2), C(0xd9,0xe6,0xf2), C(0x07,0x36,0x42), C(0xaa,0xaa,0xdb),
     {C(0x00,0x00,0x00), C(0xc3,0x73,0x72), C(0x72,0xc3,0x73), C(0xc2,0xc3,0x72), C(0x73,0x72,0xc3), C(0xc3,0x72,0xc2), C(0x72,0xc2,0xc3), C(0xd9,0xd9,0xd9), C(0x58,0x58,0x58), C(0xdb,0xaa,0xaa), C(0xaa,0xdb,0xaa), C(0xda,0xdb,0xaa), C(0xaa,0xaa,0xdb), C(0xdb,0xaa,0xda), C(0xaa,0xda,0xdb), C(0xff,0xff,0xff)}},
    {"challenger-deep", "Challenger Deep", true,
     C(0x1e,0x1c,0x31), C(0xcb,0xe1,0xe7), C(0xfb,0xfc,0xfc), C(0xcb,0xe1,0xe7), C(0x91,0xdd,0xff),
     {C(0x14,0x12,0x28), C(0xff,0x54,0x58), C(0x62,0xd1,0x96), C(0xff,0xb3,0x78), C(0x65,0xb2,0xff), C(0x90,0x6c,0xff), C(0x63,0xf2,0xf1), C(0xa6,0xb3,0xcc), C(0x56,0x55,0x75), C(0xff,0x80,0x80), C(0x95,0xff,0xa4), C(0xff,0xe9,0xaa), C(0x91,0xdd,0xff), C(0xc9,0x91,0xe1), C(0xaa,0xff,0xe4), C(0xcb,0xe3,0xe7)}},
    {"chester", "Chester", true,
     C(0x2c,0x36,0x43), C(0xff,0xff,0xff), C(0xb4,0xb1,0xb1), C(0x67,0x74,0x7c), C(0x27,0x8a,0xd6),
     {C(0x08,0x02,0x00), C(0xfa,0x5e,0x5b), C(0x16,0xc9,0x8d), C(0xff,0xc8,0x3f), C(0x28,0x8a,0xd6), C(0xd3,0x45,0x90), C(0x28,0xdd,0xde), C(0xe7,0xe7,0xe7), C(0x6f,0x6b,0x68), C(0xfa,0x5e,0x5b), C(0x16,0xc9,0x8d), C(0xfe,0xef,0x6d), C(0x27,0x8a,0xd6), C(0xd3,0x45,0x90), C(0x27,0xde,0xde), C(0xff,0xff,0xff)}},
    {"ciapre", "Ciapre", true,
     C(0x19,0x1c,0x27), C(0xae,0xa4,0x7a), C(0x92,0x80,0x5b), C(0x17,0x25,0x39), C(0x30,0x97,0xc6),
     {C(0x18,0x18,0x18), C(0x8e,0x0d,0x16), C(0x48,0x51,0x3b), C(0xcc,0x8b,0x3f), C(0x57,0x6d,0x8c), C(0x72,0x4d,0x7c), C(0x5c,0x4f,0x4b), C(0xae,0xa4,0x7f), C(0x55,0x55,0x55), C(0xac,0x38,0x35), C(0xa6,0xa7,0x5d), C(0xdc,0xdf,0x7c), C(0x30,0x97,0xc6), C(0xd3,0x30,0x61), C(0xf3,0xdb,0xb2), C(0xf4,0xf4,0xf4)}},
    {"citrus-ink", "Citrus Ink", true,
     C(0x0b,0x14,0x13), C(0xea,0xf0,0xe2), C(0xb8,0xe6,0x2e), C(0x1f,0x30,0x2d), C(0xb8,0xe6,0x2e),
     {C(0x14,0x20,0x1e), C(0xff,0x6b,0x5b), C(0x5f,0xd3,0xa0), C(0xe6,0xc8,0x4a), C(0xc2,0xef,0x45), C(0xf2,0xb4,0x41), C(0xcf,0xe8,0x9a), C(0xea,0xf0,0xe2), C(0x4f,0x6b,0x5e), C(0xff,0x81,0x74), C(0x72,0xd8,0xab), C(0xf2,0xa2,0x3e), C(0xb8,0xe6,0x2e), C(0xb8,0xe6,0x2e), C(0xd5,0xeb,0xa6), C(0xff,0xff,0xff)}},
    {"citruszest", "Citruszest", true,
     C(0x12,0x12,0x12), C(0xbf,0xbf,0xbf), C(0x66,0x66,0x66), C(0xff,0x8c,0x00), C(0x33,0xcf,0xff),
     {C(0x40,0x40,0x40), C(0xff,0x54,0x54), C(0x00,0xcc,0x7a), C(0xff,0xd4,0x00), C(0x00,0xbf,0xff), C(0xff,0x90,0xfe), C(0x48,0xd1,0xcc), C(0xbf,0xbf,0xbf), C(0x80,0x80,0x80), C(0xff,0x1a,0x75), C(0x1a,0xff,0xa3), C(0xff,0xff,0x00), C(0x33,0xcf,0xff), C(0xff,0xb2,0xfe), C(0x00,0xff,0xf2), C(0xf9,0xf9,0xf9)}},
    {"claude", "Claude", false,
     C(0xfa,0xf9,0xf5), C(0x14,0x14,0x13), C(0xd9,0x77,0x57), C(0xe8,0xe6,0xdc), C(0xa0,0x80,0xc8),
     {C(0xc1,0x5f,0x3c), C(0x78,0x8c,0x5d), C(0xb1,0x68,0x03), C(0x6a,0x9b,0xcc), C(0x8b,0x6c,0xb0), C(0x2e,0x8b,0x8b), C(0xb5,0xb3,0xa9), C(0x3d,0x3d,0x3c), C(0xd9,0x77,0x57), C(0x8f,0xa8,0x6b), C(0xd4,0x95,0x2b), C(0x7b,0xaf,0xd4), C(0xa0,0x80,0xc8), C(0x4e,0xaa,0xaa), C(0xba,0xb9,0xb5), C(0x14,0x14,0x13)}},
    {"claude-dark", "Claude Dark", true,
     C(0x26,0x26,0x24), C(0xe5,0xe4,0xe1), C(0xd9,0x77,0x57), C(0x36,0x36,0x34), C(0x9f,0xc5,0xf4),
     {C(0x88,0x86,0x81), C(0xd4,0x75,0x63), C(0x9a,0xca,0x86), C(0xe8,0xc9,0x6b), C(0x6a,0x9b,0xcc), C(0x9b,0x87,0xf5), C(0x3c,0xbe,0x8c), C(0xe2,0xe1,0xda), C(0xa6,0xa5,0x9b), C(0xf4,0xa9,0xa9), C(0xa8,0xd1,0x66), C(0xfa,0xb3,0x19), C(0x9f,0xc5,0xf4), C(0xf3,0xaa,0xc5), C(0x79,0xd7,0xb3), C(0xef,0xee,0xeb)}},
    {"claude-light", "Claude Light", false,
     C(0xfa,0xf9,0xf5), C(0x14,0x14,0x13), C(0xd9,0x77,0x57), C(0xf0,0xee,0xe6), C(0x38,0x86,0xe5),
     {C(0x0a,0x0a,0x0a), C(0xa8,0x4b,0x3a), C(0x2e,0x7c,0x4c), C(0x8a,0x62,0x20), C(0x18,0x4e,0x95), C(0x88,0x2b,0x4d), C(0x06,0x60,0x49), C(0xb6,0xb5,0xaa), C(0x51,0x50,0x4d), C(0xe3,0x4a,0x4a), C(0x63,0x99,0x00), C(0xb8,0x77,0x00), C(0x38,0x86,0xe5), C(0xd5,0x53,0x82), C(0x19,0x9f,0x70), C(0xe2,0xe1,0xda)}},
    {"clear-dark", "Clear Dark", true,
     C(0x21,0x27,0x34), C(0xe6,0xe6,0xe6), C(0x9d,0x9d,0x9d), C(0x33,0x4e,0x5e), C(0x67,0xb5,0xed),
     {C(0x35,0x42,0x4c), C(0xb4,0x56,0x48), C(0x6c,0xaa,0x71), C(0xc4,0xac,0x62), C(0x6d,0x96,0xb4), C(0xbd,0x7b,0xcd), C(0x7c,0xcb,0xcd), C(0xde,0xe5,0xeb), C(0x46,0x5c,0x6d), C(0xdf,0x6c,0x5a), C(0x79,0xbe,0x7e), C(0xe5,0xc8,0x72), C(0x67,0xb5,0xed), C(0xd3,0x89,0xe5), C(0x84,0xdd,0xe0), C(0xe5,0xef,0xf5)}},
    {"clear-light", "Clear Light", false,
     C(0xff,0xff,0xff), C(0x3a,0x48,0x51), C(0x91,0x91,0x91), C(0xe5,0xec,0xf1), C(0x49,0xa2,0xe1),
     {C(0x2d,0x38,0x40), C(0xb4,0x56,0x48), C(0x6c,0xaa,0x71), C(0xc4,0xac,0x62), C(0x56,0x85,0xa8), C(0xad,0x64,0xbe), C(0x69,0xc6,0xc9), C(0xb4,0xbb,0xbf), C(0x50,0x65,0x73), C(0xdf,0x6c,0x5a), C(0x79,0xbe,0x7e), C(0xd8,0xbb,0x65), C(0x49,0xa2,0xe1), C(0xd3,0x89,0xe5), C(0x5e,0xc7,0xcb), C(0xd8,0xe1,0xe7)}},
    {"cobalt-neon", "Cobalt Neon", true,
     C(0x14,0x28,0x38), C(0x8f,0xf5,0x86), C(0xc4,0x20,0x6f), C(0x09,0x4f,0xb1), C(0x3c,0x7d,0xd2),
     {C(0x14,0x26,0x31), C(0xff,0x23,0x20), C(0x3b,0xa5,0xff), C(0xe9,0xe7,0x5c), C(0x8f,0xf5,0x86), C(0x78,0x1a,0xa0), C(0x8f,0xf5,0x86), C(0xba,0x46,0xb2), C(0xff,0xf6,0x88), C(0xd4,0x31,0x2e), C(0x8f,0xf5,0x86), C(0xe9,0xf0,0x6d), C(0x3c,0x7d,0xd2), C(0x82,0x30,0xa7), C(0x6c,0xbc,0x67), C(0x8f,0xf5,0x86)}},
    {"cobalt-next", "Cobalt Next", true,
     C(0x16,0x2c,0x35), C(0xd7,0xde,0xea), C(0xff,0xc6,0x4c), C(0x4c,0x5b,0x67), C(0x7a,0xc0,0xeb),
     {C(0x00,0x00,0x00), C(0xff,0x52,0x7b), C(0x8c,0xc9,0x8f), C(0xff,0xc6,0x4c), C(0x40,0x9d,0xd4), C(0xcb,0xa3,0xc7), C(0x37,0xb5,0xb4), C(0xd7,0xde,0xea), C(0x62,0x74,0x7f), C(0xe4,0x7e,0x8b), C(0xba,0xdd,0xbb), C(0xff,0xdc,0x91), C(0x7a,0xc0,0xeb), C(0xf3,0xcc,0xef), C(0x84,0xe4,0xe3), C(0xff,0xff,0xff)}},
    {"cobalt-next-dark", "Cobalt Next Dark", true,
     C(0x0b,0x1c,0x24), C(0xd7,0xde,0xea), C(0xff,0xc6,0x4c), C(0x37,0xb5,0xb4), C(0x7a,0xc0,0xeb),
     {C(0x26,0x2f,0x37), C(0xf9,0x49,0x67), C(0x8c,0xc9,0x8f), C(0xff,0xc6,0x4c), C(0x40,0x9d,0xd4), C(0xcb,0xa3,0xc7), C(0x37,0xb5,0xb4), C(0xd7,0xde,0xea), C(0x62,0x74,0x7f), C(0xe4,0x7e,0x8b), C(0xba,0xdd,0xbb), C(0xff,0xdc,0x91), C(0x7a,0xc0,0xeb), C(0xf3,0xcc,0xef), C(0x84,0xe4,0xe3), C(0xff,0xff,0xff)}},
    {"cobalt-next-minimal", "Cobalt Next Minimal", true,
     C(0x0b,0x1c,0x24), C(0xd7,0xde,0xea), C(0x37,0xb5,0xb4), C(0x37,0xb5,0xb4), C(0x7a,0xc0,0xeb),
     {C(0x32,0x3d,0x47), C(0xff,0x65,0x7a), C(0x8c,0xc9,0x8f), C(0xff,0xc6,0x4c), C(0x40,0x9d,0xd4), C(0xcb,0xa3,0xc7), C(0x37,0xb5,0xb4), C(0xd7,0xde,0xea), C(0x62,0x74,0x7f), C(0xe4,0x7e,0x8b), C(0xba,0xdd,0xbb), C(0xff,0xdc,0x91), C(0x7a,0xc0,0xeb), C(0xf3,0xcc,0xef), C(0x84,0xe4,0xe3), C(0xff,0xff,0xff)}},
    {"cobalt2", "Cobalt2", true,
     C(0x13,0x27,0x38), C(0xff,0xff,0xff), C(0xf0,0xcc,0x09), C(0x18,0x35,0x4f), C(0x55,0x55,0xff),
     {C(0x00,0x00,0x00), C(0xff,0x00,0x00), C(0x38,0xde,0x21), C(0xff,0xe5,0x0a), C(0x14,0x60,0xd2), C(0xff,0x00,0x5d), C(0x00,0xbb,0xbb), C(0xbb,0xbb,0xbb), C(0x55,0x55,0x55), C(0xf4,0x0e,0x17), C(0x3b,0xd0,0x1d), C(0xed,0xc8,0x09), C(0x55,0x55,0xff), C(0xff,0x55,0xff), C(0x6a,0xe3,0xfa), C(0xff,0xff,0xff)}},
    {"coffee-theme", "Coffee Theme", false,
     C(0xf5,0xde,0xb3), C(0x00,0x00,0x00), C(0xa1,0xa1,0xa1), C(0xc1,0xde,0xff), C(0x68,0x71,0xff),
     {C(0x00,0x00,0x00), C(0xc9,0x1b,0x00), C(0x00,0xc2,0x00), C(0xad,0xaa,0x00), C(0x02,0x25,0xc7), C(0xca,0x30,0xc7), C(0x00,0xb8,0xba), C(0xa1,0xa1,0xa1), C(0x68,0x68,0x68), C(0xff,0x6e,0x67), C(0x1f,0xba,0x28), C(0xb2,0xaf,0x1b), C(0x68,0x71,0xff), C(0xf2,0x6a,0xf2), C(0x20,0xbd,0xbf), C(0xff,0xff,0xff)}},
    {"cool-night", "Cool Night", true,
     C(0x01,0x0c,0x18), C(0xec,0xde,0xf4), C(0x38,0xff,0x9d), C(0x38,0xff,0x9c), C(0x38,0x8e,0xff),
     {C(0x0b,0x3b,0x61), C(0xff,0x3a,0x3a), C(0x52,0xff,0xd0), C(0xff,0xf3,0x83), C(0x13,0x76,0xf9), C(0xc7,0x92,0xea), C(0xff,0x5e,0xd4), C(0x16,0xfd,0xa2), C(0x63,0x68,0x6d), C(0xff,0x54,0xb0), C(0x74,0xff,0xd8), C(0xfc,0xf5,0xae), C(0x38,0x8e,0xff), C(0xae,0x81,0xff), C(0xff,0x6a,0xd7), C(0x60,0xfb,0xbf)}},
    {"crayon-pony-fish", "Crayon Pony Fish", true,
     C(0x15,0x07,0x07), C(0x68,0x52,0x5a), C(0x68,0x52,0x5a), C(0x2b,0x1b,0x1d), C(0xcf,0xc9,0xff),
     {C(0x2b,0x1b,0x1d), C(0x91,0x00,0x2b), C(0x57,0x95,0x24), C(0xab,0x31,0x1b), C(0x8c,0x87,0xb0), C(0x69,0x2f,0x50), C(0xe8,0xa8,0x66), C(0x68,0x52,0x5a), C(0x4a,0x38,0x3b), C(0xc5,0x25,0x5d), C(0x8d,0xff,0x57), C(0xc8,0x38,0x1d), C(0xcf,0xc9,0xff), C(0xfc,0x6c,0xba), C(0xff,0xce,0xaf), C(0xb0,0x94,0x9d)}},
    {"cursor-dark", "Cursor Dark", true,
     C(0x14,0x14,0x14), C(0xd4,0xd4,0xd4), C(0xd4,0xd4,0xd4), C(0x2c,0x2c,0x2c), C(0x87,0xa6,0xc4),
     {C(0x24,0x24,0x24), C(0xfc,0x6b,0x83), C(0x3f,0xa2,0x66), C(0xd2,0x94,0x3e), C(0x81,0xa1,0xc1), C(0xb4,0x8e,0xad), C(0x88,0xc0,0xd0), C(0xe4,0xe4,0xe4), C(0x4a,0x4a,0x4a), C(0xfc,0x6b,0x83), C(0x70,0xb4,0x89), C(0xf1,0xb4,0x67), C(0x87,0xa6,0xc4), C(0xb4,0x8e,0xad), C(0x88,0xc0,0xd0), C(0xe4,0xe4,0xe4)}},
    {"cursor-light", "Cursor Light", false,
     C(0xf3,0xf3,0xf3), C(0x25,0x25,0x25), C(0x25,0x25,0x25), C(0xd9,0xd9,0xd9), C(0x62,0x99,0xc3),
     {C(0x25,0x25,0x25), C(0xcf,0x2d,0x56), C(0x1f,0x8a,0x65), C(0xa1,0x69,0x00), C(0x3c,0x7c,0xab), C(0xb8,0x44,0x8b), C(0x4c,0x7f,0x8c), C(0xaf,0xaf,0xaf), C(0x5c,0x5c,0x5c), C(0xe7,0x5e,0x78), C(0x55,0xa5,0x83), C(0xc0,0x85,0x32), C(0x62,0x99,0xc3), C(0xd0,0x6b,0xa6), C(0x6f,0x9b,0xa6), C(0xff,0xff,0xff)}},
    {"cutie-pro", "Cutie Pro", true,
     C(0x18,0x18,0x18), C(0xd5,0xd0,0xc9), C(0xef,0xc4,0xcd), C(0x36,0x36,0x36), C(0x80,0xc5,0xde),
     {C(0x00,0x00,0x00), C(0xf5,0x6e,0x7f), C(0xbe,0xc9,0x75), C(0xf5,0x86,0x69), C(0x42,0xd9,0xc5), C(0xd2,0x86,0xb7), C(0x37,0xcb,0x8a), C(0xd5,0xc3,0xc3), C(0x88,0x84,0x7f), C(0xe5,0xa1,0xa3), C(0xe8,0xd6,0xa7), C(0xf1,0xbb,0x79), C(0x80,0xc5,0xde), C(0xb2,0x94,0xbb), C(0x9d,0xcc,0xbb), C(0xff,0xff,0xff)}},
    {"cyberdyne", "Cyberdyne", true,
     C(0x15,0x11,0x44), C(0x00,0xff,0x92), C(0x00,0xff,0x9c), C(0x45,0x4d,0x96), C(0xc2,0xe3,0xff),
     {C(0x08,0x08,0x08), C(0xff,0x83,0x73), C(0x00,0xc1,0x72), C(0xd2,0xa7,0x00), C(0x00,0x71,0xcf), C(0xff,0x90,0xfe), C(0x6b,0xff,0xdd), C(0xf1,0xf1,0xf1), C(0x48,0x48,0x48), C(0xff,0xc4,0xbe), C(0xd6,0xfc,0xba), C(0xff,0xfe,0xd5), C(0xc2,0xe3,0xff), C(0xff,0xb2,0xfe), C(0xe6,0xe7,0xfe), C(0xff,0xff,0xff)}},
    {"cyberpunk", "Cyberpunk", true,
     C(0x33,0x2a,0x57), C(0xe5,0xe5,0xe5), C(0x21,0xf6,0xbc), C(0xc1,0xde,0xff), C(0x1b,0xcc,0xfd),
     {C(0x00,0x00,0x00), C(0xff,0x70,0x92), C(0x00,0xfb,0xac), C(0xff,0xfa,0x6a), C(0x00,0xbf,0xff), C(0xdf,0x95,0xff), C(0x86,0xcb,0xfe), C(0xff,0xff,0xff), C(0x59,0x59,0x59), C(0xff,0x8a,0xa4), C(0x21,0xf6,0xbc), C(0xff,0xf7,0x87), C(0x1b,0xcc,0xfd), C(0xe6,0xae,0xfe), C(0x99,0xd6,0xfc), C(0xff,0xff,0xff)}},
    {"cyberpunk-scarlet-protocol", "Cyberpunk Scarlet Protocol", true,
     C(0x10,0x11,0x16), C(0xe4,0x19,0x51), C(0x76,0xff,0x9f), C(0xc1,0xde,0xff), C(0x68,0x71,0xff),
     {C(0x10,0x11,0x16), C(0xff,0x00,0x51), C(0x01,0xdc,0x84), C(0xfa,0xf9,0x45), C(0x02,0x71,0xb6), C(0xc9,0x30,0xc7), C(0x00,0xc5,0xc7), C(0xc7,0xc7,0xc7), C(0x68,0x68,0x68), C(0xff,0x6e,0x67), C(0x60,0xfa,0x68), C(0xff,0xfc,0x67), C(0x68,0x71,0xff), C(0xbd,0x35,0xec), C(0x60,0xfd,0xff), C(0xff,0xff,0xff)}},
    {"dalton-dark", "Dalton Dark", true,
     C(0x1b,0x1b,0x1b), C(0xc8,0xc9,0xcc), C(0x9a,0x9a,0x9a), C(0xc8,0xc9,0xcc), C(0x97,0xb1,0xf1),
     {C(0x28,0x28,0x28), C(0xd8,0x50,0x50), C(0x5b,0x91,0x4e), C(0xc4,0xc4,0x0c), C(0x7a,0xa2,0xf7), C(0xa0,0x50,0xd0), C(0x56,0x71,0x7f), C(0xb8,0xb8,0xb8), C(0x49,0x49,0x49), C(0xf0,0x70,0x68), C(0x88,0xb9,0x7d), C(0xed,0xed,0x02), C(0x97,0xb1,0xf1), C(0xc0,0x70,0xf0), C(0x66,0x91,0xa7), C(0xd8,0xd8,0xd8)}},
    {"dark-modern", "Dark Modern", true,
     C(0x1f,0x1f,0x1f), C(0xcc,0xcc,0xcc), C(0xff,0xff,0xff), C(0x3a,0x3d,0x41), C(0x3b,0x8e,0xea),
     {C(0x27,0x27,0x27), C(0xf7,0x49,0x49), C(0x2e,0xa0,0x43), C(0x9e,0x6a,0x03), C(0x00,0x78,0xd4), C(0xd0,0x12,0x73), C(0x1d,0xb4,0xd6), C(0xcc,0xcc,0xcc), C(0x5d,0x5d,0x5d), C(0xdc,0x54,0x52), C(0x23,0xd1,0x8b), C(0xf5,0xf5,0x43), C(0x3b,0x8e,0xea), C(0xd6,0x70,0xd6), C(0x29,0xb8,0xdb), C(0xe5,0xe5,0xe5)}},
    {"dark-pastel", "Dark Pastel", true,
     C(0x00,0x00,0x00), C(0xff,0xff,0xff), C(0xbb,0xbb,0xbb), C(0xb5,0xd5,0xff), C(0x55,0x55,0xff),
     {C(0x00,0x00,0x00), C(0xff,0x55,0x55), C(0x55,0xff,0x55), C(0xff,0xff,0x55), C(0x55,0x55,0xff), C(0xff,0x55,0xff), C(0x55,0xff,0xff), C(0xbb,0xbb,0xbb), C(0x55,0x55,0x55), C(0xff,0x55,0x55), C(0x55,0xff,0x55), C(0xff,0xff,0x55), C(0x55,0x55,0xff), C(0xff,0x55,0xff), C(0x55,0xff,0xff), C(0xff,0xff,0xff)}},
    {"dark", "Dark+", true,
     C(0x1e,0x1e,0x1e), C(0xcc,0xcc,0xcc), C(0xff,0xff,0xff), C(0x3a,0x3d,0x41), C(0x3b,0x8e,0xea),
     {C(0x00,0x00,0x00), C(0xcd,0x31,0x31), C(0x0d,0xbc,0x79), C(0xe5,0xe5,0x10), C(0x24,0x72,0xc8), C(0xbc,0x3f,0xbc), C(0x11,0xa8,0xcd), C(0xe5,0xe5,0xe5), C(0x66,0x66,0x66), C(0xf1,0x4c,0x4c), C(0x23,0xd1,0x8b), C(0xf5,0xf5,0x43), C(0x3b,0x8e,0xea), C(0xd6,0x70,0xd6), C(0x29,0xb8,0xdb), C(0xe5,0xe5,0xe5)}},
    {"darkermatrix", "Darkermatrix", true,
     C(0x07,0x0c,0x0e), C(0x35,0x45,0x1a), C(0x44,0x47,0x33), C(0x0f,0x19,0x1c), C(0x00,0xff,0x87),
     {C(0x09,0x10,0x13), C(0x1a,0x48,0x31), C(0x6f,0xa6,0x4c), C(0x59,0x59,0x00), C(0x00,0xcb,0x6b), C(0x4e,0x37,0x5a), C(0x12,0x54,0x59), C(0x1a,0x48,0x33), C(0x40,0x40,0x40), C(0x0d,0x45,0x2a), C(0x90,0xd7,0x62), C(0xe2,0xe5,0x00), C(0x00,0xff,0x87), C(0x4e,0x37,0x5a), C(0x17,0x6c,0x73), C(0x00,0x38,0x1e)}},
    {"darkmatrix", "Darkmatrix", true,
     C(0x07,0x0c,0x0e), C(0x3e,0x57,0x15), C(0x9f,0xa8,0x6e), C(0x0f,0x19,0x1c), C(0x46,0xd8,0xb8),
     {C(0x09,0x10,0x13), C(0x00,0x65,0x36), C(0x6f,0xa6,0x4c), C(0x7e,0x80,0x00), C(0x2c,0x9a,0x84), C(0x52,0x3a,0x60), C(0x11,0x4d,0x53), C(0x00,0x65,0x36), C(0x40,0x40,0x40), C(0x00,0x73,0x3d), C(0x90,0xd7,0x62), C(0xe2,0xe5,0x00), C(0x46,0xd8,0xb8), C(0x57,0x3d,0x66), C(0x12,0x54,0x5a), C(0x00,0x65,0x36)}},
    {"darkside", "Darkside", true,
     C(0x22,0x23,0x24), C(0xba,0xba,0xba), C(0xbb,0xbb,0xbb), C(0x30,0x33,0x33), C(0x38,0x7c,0xd3),
     {C(0x00,0x00,0x00), C(0xe8,0x34,0x1c), C(0x68,0xc2,0x56), C(0xf2,0xd4,0x2c), C(0x1c,0x98,0xe8), C(0x8e,0x69,0xc9), C(0x1c,0x98,0xe8), C(0xba,0xba,0xba), C(0x4c,0x4c,0x4c), C(0xe0,0x5a,0x4f), C(0x77,0xb8,0x69), C(0xef,0xd6,0x4b), C(0x38,0x7c,0xd3), C(0x95,0x7b,0xbe), C(0x3d,0x97,0xe2), C(0xba,0xba,0xba)}},
    {"dawnfox", "Dawnfox", false,
     C(0xfa,0xf4,0xed), C(0x57,0x52,0x79), C(0x57,0x52,0x79), C(0xd0,0xd8,0xd8), C(0x2d,0x81,0xa3),
     {C(0x57,0x52,0x79), C(0xb4,0x63,0x7a), C(0x61,0x87,0x74), C(0xea,0x9d,0x34), C(0x28,0x69,0x83), C(0x90,0x7a,0xa9), C(0x56,0x94,0x9f), C(0xb2,0xb6,0xbd), C(0x5f,0x56,0x95), C(0xc2,0x6d,0x85), C(0x62,0x9f,0x81), C(0xee,0xa8,0x46), C(0x2d,0x81,0xa3), C(0x9a,0x80,0xb9), C(0x5c,0xa7,0xb4), C(0xe6,0xeb,0xf3)}},
    {"daybreak", "Daybreak", false,
     C(0xf3,0xef,0xe8), C(0x44,0x41,0x3b), C(0xa2,0x53,0x27), C(0xe2,0xda,0xca), C(0x20,0x78,0x87),
     {C(0x44,0x41,0x3b), C(0xaf,0x28,0x17), C(0x3c,0x6a,0x12), C(0x79,0x59,0x00), C(0x18,0x68,0x75), C(0x75,0x41,0x93), C(0x00,0x6a,0x62), C(0x6e,0x6b,0x62), C(0x8c,0x85,0x79), C(0xc0,0x3a,0x27), C(0x53,0x86,0x25), C(0x9a,0x4c,0x1f), C(0x20,0x78,0x87), C(0x85,0x52,0xa3), C(0x08,0x7a,0x71), C(0x2e,0x2c,0x27)}},
    {"dayfox", "Dayfox", false,
     C(0xf6,0xf2,0xee), C(0x3d,0x2b,0x5a), C(0x3d,0x2b,0x5a), C(0xe7,0xd2,0xbe), C(0x48,0x63,0xb6),
     {C(0x35,0x2c,0x24), C(0xa5,0x22,0x2f), C(0x39,0x68,0x47), C(0xac,0x54,0x02), C(0x28,0x48,0xa9), C(0x6e,0x33,0xce), C(0x28,0x79,0x80), C(0xbf,0xb6,0xae), C(0x53,0x4c,0x45), C(0xb3,0x43,0x4e), C(0x57,0x7f,0x63), C(0xb8,0x6e,0x28), C(0x48,0x63,0xb6), C(0x84,0x52,0xd5), C(0x48,0x8d,0x93), C(0xf4,0xec,0xe6)}},
    {"deep", "Deep", true,
     C(0x09,0x09,0x09), C(0xcd,0xcd,0xcd), C(0xd0,0xd0,0xd0), C(0x78,0x00,0x02), C(0x9f,0xa9,0xff),
     {C(0x00,0x00,0x00), C(0xd7,0x00,0x05), C(0x1c,0xd9,0x15), C(0xd9,0xbd,0x26), C(0x56,0x65,0xff), C(0xb0,0x52,0xda), C(0x50,0xd2,0xda), C(0xe0,0xe0,0xe0), C(0x53,0x53,0x53), C(0xfb,0x00,0x07), C(0x22,0xff,0x18), C(0xfe,0xdc,0x2b), C(0x9f,0xa9,0xff), C(0xe0,0x9a,0xff), C(0x8d,0xf9,0xff), C(0xff,0xff,0xff)}},
    {"desert", "Desert", true,
     C(0x33,0x33,0x33), C(0xff,0xff,0xff), C(0x00,0xff,0x00), C(0xb5,0xd5,0xff), C(0x87,0xce,0xff),
     {C(0x4d,0x4d,0x4d), C(0xff,0x2b,0x2b), C(0x98,0xfb,0x98), C(0xf0,0xe6,0x8c), C(0xcd,0x85,0x3f), C(0xff,0xde,0xad), C(0xff,0xa0,0xa0), C(0xf5,0xde,0xb3), C(0x62,0x62,0x62), C(0xff,0x55,0x55), C(0x55,0xff,0x55), C(0xff,0xff,0x55), C(0x87,0xce,0xff), C(0xff,0x55,0xff), C(0xff,0xd7,0x00), C(0xff,0xff,0xff)}},
    {"detuned", "Detuned", true,
     C(0x00,0x00,0x00), C(0xc7,0xc7,0xc7), C(0xc7,0xc7,0xc7), C(0xc1,0xde,0xff), C(0x00,0xbe,0xff),
     {C(0x17,0x17,0x17), C(0xfe,0x43,0x86), C(0xa6,0xe3,0x2d), C(0xe6,0xda,0x73), C(0x00,0x94,0xd9), C(0x9b,0x37,0xff), C(0x50,0xb7,0xd9), C(0xc7,0xc7,0xc7), C(0x68,0x68,0x68), C(0xfa,0x80,0xac), C(0xbd,0xe3,0x71), C(0xff,0xf2,0x7f), C(0x00,0xbe,0xff), C(0xbe,0x9e,0xff), C(0x5e,0xd7,0xff), C(0xff,0xff,0xff)}},
    {"dimidium", "Dimidium", true,
     C(0x14,0x14,0x14), C(0xba,0xb7,0xb6), C(0x37,0xe5,0x7b), C(0x8d,0xb8,0xe5), C(0x68,0x8d,0xfd),
     {C(0x00,0x00,0x00), C(0xcf,0x49,0x4c), C(0x60,0xb4,0x42), C(0xdb,0x9c,0x11), C(0x05,0x75,0xd8), C(0xaf,0x5e,0xd2), C(0x1d,0xb6,0xbb), C(0xba,0xb7,0xb6), C(0x81,0x7e,0x7e), C(0xff,0x64,0x3b), C(0x37,0xe5,0x7b), C(0xfc,0xcd,0x1a), C(0x68,0x8d,0xfd), C(0xed,0x6f,0xe9), C(0x32,0xe0,0xfb), C(0xde,0xe3,0xe4)}},
    {"dimmed-monokai", "Dimmed Monokai", true,
     C(0x1f,0x1f,0x1f), C(0xb9,0xbc,0xba), C(0xf8,0x3e,0x19), C(0x2a,0x2d,0x32), C(0x18,0x6d,0xe3),
     {C(0x3a,0x3d,0x43), C(0xbe,0x3f,0x48), C(0x87,0x9a,0x3b), C(0xc5,0xa6,0x35), C(0x4f,0x76,0xa1), C(0x85,0x5c,0x8d), C(0x57,0x8f,0xa4), C(0xb9,0xbc,0xba), C(0x88,0x89,0x87), C(0xfb,0x00,0x1f), C(0x0f,0x72,0x2f), C(0xc4,0x70,0x33), C(0x18,0x6d,0xe3), C(0xfb,0x00,0x67), C(0x2e,0x70,0x6d), C(0xfd,0xff,0xb9)}},
    {"django", "Django", true,
     C(0x0b,0x2f,0x20), C(0xf8,0xf8,0xf8), C(0x33,0x64,0x42), C(0x24,0x50,0x32), C(0x56,0x82,0x64),
     {C(0x00,0x00,0x00), C(0xfd,0x62,0x09), C(0x41,0xa8,0x3e), C(0xff,0xe8,0x62), C(0x31,0x5d,0x3f), C(0xf8,0xf8,0xf8), C(0x9d,0xf3,0x9f), C(0xff,0xff,0xff), C(0x58,0x58,0x58), C(0xff,0x94,0x3b), C(0x73,0xda,0x70), C(0xff,0xff,0x94), C(0x56,0x82,0x64), C(0xff,0xff,0xff), C(0xcf,0xff,0xd1), C(0xff,0xff,0xff)}},
    {"django-reborn-again", "Django Reborn Again", true,
     C(0x05,0x1f,0x14), C(0xda,0xde,0xdc), C(0xff,0xcc,0x00), C(0x20,0x37,0x27), C(0x56,0x82,0x64),
     {C(0x00,0x00,0x00), C(0xfd,0x62,0x09), C(0x41,0xa8,0x3e), C(0xff,0xe8,0x62), C(0x24,0x50,0x32), C(0xf8,0xf8,0xf8), C(0x9d,0xf3,0x9f), C(0xff,0xff,0xff), C(0x4c,0x4c,0x4c), C(0xff,0x94,0x3b), C(0x73,0xda,0x70), C(0xff,0xff,0x94), C(0x56,0x82,0x64), C(0xff,0xff,0xff), C(0xcf,0xff,0xd1), C(0xff,0xff,0xff)}},
    {"django-smooth", "Django Smooth", true,
     C(0x24,0x50,0x32), C(0xf8,0xf8,0xf8), C(0x4c,0x7e,0x5c), C(0x33,0x64,0x42), C(0xca,0xca,0xca),
     {C(0x00,0x00,0x00), C(0xfd,0x62,0x09), C(0x41,0xa8,0x3e), C(0xff,0xe8,0x62), C(0x98,0x98,0x98), C(0xf8,0xf8,0xf8), C(0x9d,0xf3,0x9f), C(0xe8,0xe8,0xe7), C(0x72,0x72,0x72), C(0xff,0x94,0x3b), C(0x73,0xda,0x70), C(0xff,0xff,0x94), C(0xca,0xca,0xca), C(0xff,0xff,0xff), C(0xcf,0xff,0xd1), C(0xff,0xff,0xff)}},
    {"dogxi-misty", "Dogxi Misty", true,
     C(0x28,0x2a,0x36), C(0xef,0xf0,0xeb), C(0xea,0xea,0xea), C(0x92,0xbc,0xd0), C(0x99,0xec,0xfe),
     {C(0x00,0x00,0x00), C(0xff,0x5c,0x57), C(0x94,0xe3,0x62), C(0xee,0xbd,0x70), C(0x99,0xec,0xfe), C(0xff,0x6a,0xc1), C(0x5f,0xde,0xed), C(0xf1,0xf1,0xf0), C(0x68,0x68,0x68), C(0xff,0x5c,0x57), C(0x94,0xe3,0x62), C(0xef,0xc7,0x81), C(0x99,0xec,0xfe), C(0xff,0x6a,0xc1), C(0x87,0xe0,0xf0), C(0xf1,0xf1,0xf0)}},
    {"doom-one", "Doom One", true,
     C(0x28,0x2c,0x34), C(0xbb,0xc2,0xcf), C(0x51,0xaf,0xef), C(0x42,0x44,0x4b), C(0xa9,0xa1,0xe1),
     {C(0x00,0x00,0x00), C(0xff,0x6c,0x6b), C(0x98,0xbe,0x65), C(0xec,0xbe,0x7b), C(0xa9,0xa1,0xe1), C(0xc6,0x78,0xdd), C(0x51,0xaf,0xef), C(0xbb,0xc2,0xcf), C(0x59,0x59,0x59), C(0xff,0x66,0x55), C(0x99,0xbb,0x66), C(0xec,0xbe,0x7b), C(0xa9,0xa1,0xe1), C(0xc6,0x78,0xdd), C(0x51,0xaf,0xef), C(0xbf,0xbf,0xbf)}},
    {"doom-peacock", "Doom Peacock", true,
     C(0x2b,0x2a,0x27), C(0xed,0xe0,0xce), C(0x9c,0x9c,0x9d), C(0xa6,0x00,0x33), C(0x51,0xaf,0xef),
     {C(0x1c,0x1f,0x24), C(0xcb,0x4b,0x16), C(0x26,0xa6,0xa6), C(0xbc,0xd4,0x2a), C(0x2a,0x6c,0xc6), C(0xa9,0xa1,0xe1), C(0x56,0x99,0xaf), C(0xed,0xe0,0xce), C(0x51,0x50,0x4d), C(0xff,0x5d,0x38), C(0x98,0xbe,0x65), C(0xe6,0xf9,0x72), C(0x51,0xaf,0xef), C(0xc6,0x78,0xdd), C(0x46,0xd9,0xff), C(0xdf,0xdf,0xdf)}},
    {"dot-gov", "Dot Gov", true,
     C(0x26,0x2c,0x35), C(0xeb,0xeb,0xeb), C(0xd9,0x00,0x2f), C(0x1a,0x40,0x80), C(0x17,0xb2,0xe0),
     {C(0x19,0x19,0x19), C(0xbf,0x09,0x1d), C(0x3d,0x97,0x51), C(0xf6,0xbb,0x34), C(0x17,0xb2,0xe0), C(0x78,0x30,0xb0), C(0x8b,0xd2,0xed), C(0xff,0xff,0xff), C(0x59,0x59,0x59), C(0xbf,0x09,0x1d), C(0x3d,0x97,0x51), C(0xf6,0xbb,0x34), C(0x17,0xb2,0xe0), C(0x78,0x30,0xb0), C(0x8b,0xd2,0xed), C(0xff,0xff,0xff)}},
    {"dracula", "Dracula", true,
     C(0x28,0x2a,0x36), C(0xf8,0xf8,0xf2), C(0xf8,0xf8,0xf2), C(0x44,0x47,0x5a), C(0xd6,0xac,0xff),
     {C(0x21,0x22,0x2c), C(0xff,0x55,0x55), C(0x50,0xfa,0x7b), C(0xf1,0xfa,0x8c), C(0xbd,0x93,0xf9), C(0xff,0x79,0xc6), C(0x8b,0xe9,0xfd), C(0xf8,0xf8,0xf2), C(0x62,0x72,0xa4), C(0xff,0x6e,0x6e), C(0x69,0xff,0x94), C(0xff,0xff,0xa5), C(0xd6,0xac,0xff), C(0xff,0x92,0xdf), C(0xa4,0xff,0xff), C(0xff,0xff,0xff)}},
    {"dracula-1", "Dracula+", true,
     C(0x21,0x21,0x21), C(0xf8,0xf8,0xf2), C(0xec,0xef,0xf4), C(0xf8,0xf8,0xf2), C(0xd6,0xac,0xff),
     {C(0x21,0x22,0x2c), C(0xff,0x55,0x55), C(0x50,0xfa,0x7b), C(0xff,0xcb,0x6b), C(0x82,0xaa,0xff), C(0xc7,0x92,0xea), C(0x8b,0xe9,0xfd), C(0xf8,0xf8,0xf2), C(0x54,0x54,0x54), C(0xff,0x6e,0x6e), C(0x69,0xff,0x94), C(0xff,0xcb,0x6b), C(0xd6,0xac,0xff), C(0xff,0x92,0xdf), C(0xa4,0xff,0xff), C(0xf8,0xf8,0xf2)}},
    {"driftwood", "Driftwood", true,
     C(0x2a,0x26,0x22), C(0xe6,0xdd,0xd0), C(0xdf,0xb6,0x66), C(0x39,0x33,0x2b), C(0x92,0xc6,0xc7),
     {C(0x21,0x1d,0x19), C(0xe7,0x74,0x67), C(0xaa,0xb9,0x71), C(0xe1,0xb8,0x69), C(0x78,0xb3,0xb5), C(0xc9,0xa0,0xbd), C(0xa5,0xc4,0xb1), C(0xc2,0xb7,0xa6), C(0x9a,0x8e,0x7c), C(0xf3,0x8f,0x7e), C(0xbe,0xcc,0x8a), C(0xe3,0x99,0x62), C(0x92,0xc6,0xc7), C(0xda,0xb6,0xd1), C(0xbb,0xd6,0xc3), C(0xf2,0xea,0xdb)}},
    {"duckbones", "Duckbones", true,
     C(0x0e,0x10,0x1a), C(0xeb,0xef,0xc0), C(0xed,0xf2,0xc2), C(0x37,0x38,0x2d), C(0x00,0xb4,0xe0),
     {C(0x0e,0x10,0x1a), C(0xe0,0x36,0x00), C(0x5d,0xcd,0x97), C(0xe3,0x95,0x00), C(0x00,0xa3,0xcb), C(0x79,0x5c,0xcc), C(0x00,0xa3,0xcb), C(0xeb,0xef,0xc0), C(0x44,0x48,0x60), C(0xff,0x48,0x21), C(0x58,0xdb,0x9e), C(0xf6,0xa1,0x00), C(0x00,0xb4,0xe0), C(0xb3,0xa1,0xe6), C(0x00,0xb4,0xe0), C(0xb3,0xb6,0x92)}},
    {"duotone-dark", "Duotone Dark", true,
     C(0x1f,0x1d,0x27), C(0xb7,0xa1,0xff), C(0xff,0x98,0x39), C(0x35,0x31,0x47), C(0xff,0xc2,0x84),
     {C(0x1f,0x1d,0x27), C(0xd9,0x39,0x3e), C(0x2d,0xcd,0x73), C(0xd9,0xb7,0x6e), C(0xff,0xc2,0x84), C(0xde,0x8d,0x40), C(0x24,0x88,0xff), C(0xb7,0xa1,0xff), C(0x4e,0x4a,0x60), C(0xd9,0x39,0x3e), C(0x2d,0xcd,0x73), C(0xd9,0xb7,0x6e), C(0xff,0xc2,0x84), C(0xde,0x8d,0x40), C(0x24,0x88,0xff), C(0xea,0xe5,0xff)}},
    {"duskfox", "Duskfox", true,
     C(0x23,0x21,0x36), C(0xe0,0xde,0xf4), C(0xe0,0xde,0xf4), C(0x43,0x3c,0x59), C(0x65,0xb1,0xcd),
     {C(0x39,0x35,0x52), C(0xeb,0x6f,0x92), C(0xa3,0xbe,0x8c), C(0xf6,0xc1,0x77), C(0x56,0x9f,0xba), C(0xc4,0xa7,0xe7), C(0x9c,0xcf,0xd8), C(0xe0,0xde,0xf4), C(0x54,0x4d,0x8a), C(0xf0,0x83,0xa2), C(0xb1,0xd1,0x96), C(0xf9,0xcb,0x8c), C(0x65,0xb1,0xcd), C(0xcc,0xb1,0xed), C(0xa6,0xda,0xe3), C(0xe2,0xe0,0xf7)}},
    {"encom", "ENCOM", true,
     C(0x00,0x00,0x00), C(0x00,0xa5,0x95), C(0xbb,0xbb,0xbb), C(0x00,0xa4,0x8c), C(0x00,0x81,0xff),
     {C(0x00,0x00,0x00), C(0x9f,0x00,0x00), C(0x00,0x8b,0x00), C(0xff,0xd0,0x00), C(0x00,0x81,0xff), C(0xbc,0x00,0xca), C(0x00,0x8b,0x8b), C(0xbb,0xbb,0xbb), C(0x55,0x55,0x55), C(0xff,0x00,0x00), C(0x00,0xee,0x00), C(0xff,0xff,0x00), C(0x00,0x00,0xff), C(0xff,0x00,0xff), C(0x00,0xcd,0xcd), C(0xff,0xff,0xff)}},
    {"earthsong", "Earthsong", true,
     C(0x29,0x25,0x20), C(0xe5,0xc7,0xa9), C(0xf6,0xf7,0xec), C(0x12,0x14,0x18), C(0x5f,0xda,0xff),
     {C(0x12,0x14,0x18), C(0xc9,0x42,0x34), C(0x85,0xc5,0x4c), C(0xf5,0xae,0x2e), C(0x13,0x98,0xb9), C(0xd0,0x63,0x3d), C(0x50,0x95,0x52), C(0xe5,0xc6,0xaa), C(0x67,0x5f,0x54), C(0xff,0x64,0x5a), C(0x98,0xe0,0x36), C(0xe0,0xd5,0x61), C(0x5f,0xda,0xff), C(0xff,0x92,0x69), C(0x84,0xf0,0x88), C(0xf6,0xf7,0xec)}},
    {"eclipse", "Eclipse", true,
     C(0x0e,0x11,0x16), C(0xdc,0xe3,0xed), C(0xf6,0xc4,0x5f), C(0x25,0x32,0x4a), C(0x84,0xcc,0xff),
     {C(0x0a,0x0d,0x12), C(0xff,0x63,0x66), C(0x85,0xdf,0x5e), C(0xf1,0xc6,0x55), C(0x5f,0xb9,0xff), C(0xce,0xa5,0xff), C(0x3a,0xdd,0xc4), C(0xb7,0xc0,0xce), C(0x5c,0x66,0x75), C(0xff,0x86,0x88), C(0xa0,0xec,0x7e), C(0xfa,0xd7,0x7c), C(0x84,0xcc,0xff), C(0xdd,0xbf,0xff), C(0x68,0xea,0xd3), C(0xf4,0xf8,0xfd)}},
    {"electron-highlighter", "Electron Highlighter", true,
     C(0x23,0x28,0x3d), C(0xa5,0xb6,0xd4), C(0xa5,0xb6,0xd4), C(0x29,0x32,0x57), C(0x77,0xab,0xff),
     {C(0x15,0x16,0x1f), C(0xff,0x6c,0x8d), C(0x00,0xff,0xc3), C(0xff,0xeb,0xb1), C(0x77,0xab,0xff), C(0xda,0xa4,0xf4), C(0x00,0xe5,0xff), C(0x71,0x87,0xb7), C(0x4b,0x5b,0x8c), C(0xff,0x6c,0x8d), C(0x00,0xff,0xc3), C(0xff,0xeb,0xb1), C(0x77,0xab,0xff), C(0xda,0xa4,0xf4), C(0x00,0xe5,0xff), C(0xc3,0xcd,0xe2)}},
    {"electron-highlighter-day", "Electron Highlighter Day", false,
     C(0xee,0xf0,0xf5), C(0x2f,0x3b,0x54), C(0x2f,0x3b,0x54), C(0xd6,0xde,0xf5), C(0x36,0x6f,0xf0),
     {C(0xc2,0xc6,0xd4), C(0xf5,0x2a,0x65), C(0x10,0xa8,0x77), C(0xdf,0x8e,0x1d), C(0x36,0x6f,0xf0), C(0x8b,0x4f,0xe0), C(0x0a,0x9f,0xbf), C(0x59,0x64,0x7e), C(0x7b,0x88,0xa8), C(0xf5,0x2a,0x65), C(0x10,0xa8,0x77), C(0xdf,0x8e,0x1d), C(0x36,0x6f,0xf0), C(0x8b,0x4f,0xe0), C(0x0a,0x9f,0xbf), C(0x2f,0x3b,0x54)}},
    {"elegant", "Elegant", true,
     C(0x29,0x2b,0x31), C(0xce,0xd2,0xd6), C(0x00,0xbe,0xff), C(0xd5,0xd5,0xd5), C(0x8d,0xab,0xe1),
     {C(0x0a,0x12,0x22), C(0xff,0x02,0x57), C(0x85,0xcc,0x95), C(0xff,0xcb,0x8b), C(0x8d,0xab,0xe1), C(0xc7,0x92,0xeb), C(0x78,0xcc,0xf0), C(0xff,0xff,0xff), C(0x57,0x56,0x56), C(0xff,0x00,0x57), C(0x85,0xcc,0x95), C(0xff,0xcb,0x8b), C(0x8d,0xab,0xe1), C(0xc7,0x92,0xeb), C(0x3f,0xac,0xef), C(0xff,0xff,0xff)}},
    {"elemental", "Elemental", true,
     C(0x22,0x21,0x1d), C(0x80,0x7a,0x74), C(0xfa,0xcb,0x80), C(0x41,0x38,0x29), C(0x79,0xd9,0xd9),
     {C(0x3c,0x3c,0x30), C(0x98,0x29,0x0f), C(0x47,0x9a,0x43), C(0x7f,0x71,0x11), C(0x49,0x7f,0x7d), C(0x7f,0x4e,0x2f), C(0x38,0x7f,0x58), C(0x80,0x79,0x74), C(0x55,0x54,0x45), C(0xe0,0x50,0x2a), C(0x61,0xe0,0x70), C(0xd6,0x99,0x27), C(0x79,0xd9,0xd9), C(0xcd,0x7c,0x54), C(0x59,0xd5,0x99), C(0xff,0xf1,0xe9)}},
    {"elementary", "Elementary", true,
     C(0x18,0x18,0x18), C(0xef,0xef,0xef), C(0xbb,0xbb,0xbb), C(0xb5,0xd5,0xff), C(0x09,0x55,0xff),
     {C(0x24,0x24,0x24), C(0xd7,0x1c,0x15), C(0x5a,0xa5,0x13), C(0xfd,0xb4,0x0c), C(0x13,0x48,0x99), C(0xe4,0x00,0x38), C(0x25,0x95,0xe1), C(0xef,0xef,0xef), C(0x4b,0x4b,0x4b), C(0xfc,0x1c,0x18), C(0x6b,0xc2,0x19), C(0xfe,0xc8,0x0e), C(0x09,0x55,0xff), C(0xfb,0x00,0x50), C(0x3e,0xa8,0xfc), C(0x8c,0x00,0xec)}},
    {"embark", "Embark", true,
     C(0x1e,0x1c,0x31), C(0xee,0xff,0xff), C(0xa1,0xef,0xd3), C(0xfb,0xfc,0xfc), C(0x1d,0xa0,0xe2),
     {C(0x1e,0x1c,0x31), C(0xf0,0x71,0x9b), C(0xa1,0xef,0xd3), C(0xff,0xe9,0xaa), C(0x57,0xc7,0xff), C(0xc7,0x92,0xea), C(0x87,0xdf,0xeb), C(0xf8,0xf8,0xf2), C(0x58,0x52,0x73), C(0xf0,0x2e,0x6e), C(0x2c,0xe5,0x92), C(0xff,0xb3,0x78), C(0x1d,0xa0,0xe2), C(0xa7,0x42,0xea), C(0x63,0xf2,0xf1), C(0xa6,0xb3,0xcc)}},
    {"embers-dark", "Embers Dark", true,
     C(0x16,0x13,0x0f), C(0xa3,0x9a,0x90), C(0xa3,0x9a,0x90), C(0x43,0x3b,0x32), C(0x8a,0x80,0x75),
     {C(0x16,0x13,0x0f), C(0x82,0x6d,0x57), C(0x57,0x82,0x6d), C(0x6d,0x82,0x57), C(0x6d,0x57,0x82), C(0x82,0x57,0x6d), C(0x57,0x6d,0x82), C(0xa3,0x9a,0x90), C(0x5a,0x50,0x47), C(0x82,0x82,0x57), C(0x46,0x40,0x39), C(0x50,0x48,0x3f), C(0x8a,0x80,0x75), C(0xbe,0xb6,0xae), C(0x82,0x57,0x57), C(0xdb,0xd6,0xd1)}},
    {"emerald-synth", "Emerald Synth", true,
     C(0x0d,0x02,0x21), C(0x00,0xff,0xcc), C(0xff,0x79,0xc6), C(0x2e,0x6b,0x5f), C(0xb0,0xb8,0xfc),
     {C(0x0a,0x01,0x18), C(0xff,0x2a,0x6d), C(0x00,0xe6,0x7e), C(0xff,0xcc,0x66), C(0x8b,0x9c,0xf7), C(0xff,0x79,0xc6), C(0x4d,0xd0,0xe1), C(0xf0,0xe6,0xff), C(0x6a,0x55,0x85), C(0xff,0x5c,0x8a), C(0x40,0xff,0xdd), C(0xff,0xe0,0x99), C(0xb0,0xb8,0xfc), C(0xff,0x9e,0xd0), C(0x7e,0xe0,0xec), C(0xff,0xff,0xff)}},
    {"espresso", "Espresso", true,
     C(0x32,0x32,0x32), C(0xff,0xff,0xff), C(0xd6,0xd6,0xd6), C(0x5b,0x5b,0x5b), C(0x8a,0xb7,0xd9),
     {C(0x35,0x35,0x35), C(0xd2,0x52,0x52), C(0xa5,0xc2,0x61), C(0xff,0xc6,0x6d), C(0x6c,0x99,0xbb), C(0xd1,0x97,0xd9), C(0xbe,0xd6,0xff), C(0xee,0xee,0xec), C(0x60,0x60,0x60), C(0xf0,0x0c,0x0c), C(0xc2,0xe0,0x75), C(0xe1,0xe4,0x8b), C(0x8a,0xb7,0xd9), C(0xef,0xb5,0xf7), C(0xdc,0xf4,0xff), C(0xff,0xff,0xff)}},
    {"espresso-libre", "Espresso Libre", true,
     C(0x2a,0x21,0x1c), C(0xb8,0xa8,0x98), C(0xff,0xff,0xff), C(0xc3,0xdc,0xff), C(0x43,0xa8,0xed),
     {C(0x00,0x00,0x00), C(0xcc,0x00,0x00), C(0x1a,0x92,0x1c), C(0xf0,0xe5,0x3a), C(0x00,0x66,0xff), C(0xc5,0x65,0x6b), C(0x06,0x98,0x9a), C(0xd3,0xd7,0xcf), C(0x55,0x57,0x53), C(0xef,0x29,0x29), C(0x9a,0xff,0x87), C(0xff,0xfb,0x5c), C(0x43,0xa8,0xed), C(0xff,0x81,0x8a), C(0x34,0xe2,0xe2), C(0xee,0xee,0xec)}},
    {"everblush", "Everblush", true,
     C(0x14,0x1b,0x1e), C(0xda,0xda,0xda), C(0xda,0xda,0xda), C(0x14,0x1b,0x1e), C(0x71,0xba,0xf2),
     {C(0x23,0x2a,0x2d), C(0xe5,0x74,0x74), C(0x8c,0xcf,0x7e), C(0xe5,0xc7,0x6b), C(0x67,0xb0,0xe8), C(0xc4,0x7f,0xd5), C(0x6c,0xbf,0xbf), C(0xb3,0xb9,0xb8), C(0x46,0x4e,0x50), C(0xef,0x7e,0x7e), C(0x96,0xd9,0x88), C(0xf4,0xd6,0x7a), C(0x71,0xba,0xf2), C(0xce,0x89,0xdf), C(0x67,0xcb,0xe7), C(0xbd,0xc3,0xc2)}},
    {"everforest-dark-hard", "Everforest Dark Hard", true,
     C(0x1e,0x23,0x26), C(0xd3,0xc6,0xaa), C(0xe6,0x98,0x75), C(0x4c,0x37,0x43), C(0x3a,0x94,0xc5),
     {C(0x7a,0x84,0x78), C(0xe6,0x7e,0x80), C(0xa7,0xc0,0x80), C(0xdb,0xbc,0x7f), C(0x7f,0xbb,0xb3), C(0xd6,0x99,0xb6), C(0x83,0xc0,0x92), C(0xf2,0xef,0xdf), C(0xa6,0xb0,0xa0), C(0xf8,0x55,0x52), C(0x8d,0xa1,0x01), C(0xdf,0xa0,0x00), C(0x3a,0x94,0xc5), C(0xdf,0x69,0xba), C(0x35,0xa7,0x7c), C(0xff,0xfb,0xef)}},
    {"everforest-dark-med", "Everforest Dark Med", true,
     C(0x23,0x2a,0x2e), C(0xd3,0xc6,0xaa), C(0xe6,0x98,0x75), C(0x54,0x3a,0x48), C(0x3a,0x94,0xc5),
     {C(0x7a,0x84,0x78), C(0xe6,0x7e,0x80), C(0xa7,0xc0,0x80), C(0xdb,0xbc,0x7f), C(0x7f,0xbb,0xb3), C(0xd6,0x99,0xb6), C(0x83,0xc0,0x92), C(0xf2,0xef,0xdf), C(0xa6,0xb0,0xa0), C(0xf8,0x55,0x52), C(0x8d,0xa1,0x01), C(0xdf,0xa0,0x00), C(0x3a,0x94,0xc5), C(0xdf,0x69,0xba), C(0x35,0xa7,0x7c), C(0xff,0xfb,0xef)}},
    {"everforest-dark-soft", "Everforest Dark Soft", true,
     C(0x29,0x31,0x36), C(0xd3,0xc6,0xaa), C(0xe6,0x98,0x75), C(0x5c,0x3f,0x4f), C(0x3a,0x94,0xc5),
     {C(0x7a,0x84,0x78), C(0xe6,0x7e,0x80), C(0xa7,0xc0,0x80), C(0xdb,0xbc,0x7f), C(0x7f,0xbb,0xb3), C(0xd6,0x99,0xb6), C(0x83,0xc0,0x92), C(0xf2,0xef,0xdf), C(0xa6,0xb0,0xa0), C(0xf8,0x55,0x52), C(0x8d,0xa1,0x01), C(0xdf,0xa0,0x00), C(0x3a,0x94,0xc5), C(0xdf,0x69,0xba), C(0x35,0xa7,0x7c), C(0xff,0xfb,0xef)}},
    {"everforest-light-hard", "Everforest Light Hard", false,
     C(0xf2,0xef,0xdf), C(0x5c,0x6a,0x72), C(0xf5,0x7d,0x26), C(0xf0,0xf2,0xd4), C(0x3a,0x94,0xc5),
     {C(0x7a,0x84,0x78), C(0xe6,0x7e,0x80), C(0x9a,0xb3,0x73), C(0xce,0xaf,0x72), C(0x7f,0xbb,0xb3), C(0xd6,0x99,0xb6), C(0x83,0xc0,0x92), C(0xb2,0xaf,0x9f), C(0xa6,0xb0,0xa0), C(0xf8,0x55,0x52), C(0x8d,0xa1,0x01), C(0xdf,0xa0,0x00), C(0x3a,0x94,0xc5), C(0xdf,0x69,0xba), C(0x35,0xa7,0x7c), C(0xff,0xfb,0xef)}},
    {"everforest-light-med", "Everforest Light Med", false,
     C(0xef,0xeb,0xd4), C(0x5c,0x6a,0x72), C(0xf5,0x7d,0x26), C(0xea,0xed,0xc8), C(0x3a,0x94,0xc5),
     {C(0x7a,0x84,0x78), C(0xe6,0x7e,0x80), C(0x9a,0xb3,0x73), C(0xc1,0xa2,0x66), C(0x7f,0xbb,0xb3), C(0xd6,0x99,0xb6), C(0x83,0xc0,0x92), C(0xb2,0xaf,0x9f), C(0xa6,0xb0,0xa0), C(0xf8,0x55,0x52), C(0x8d,0xa1,0x01), C(0xdf,0xa0,0x00), C(0x3a,0x94,0xc5), C(0xdf,0x69,0xba), C(0x35,0xa7,0x7c), C(0xff,0xfb,0xef)}},
    {"everforest-light-soft", "Everforest Light Soft", false,
     C(0xe5,0xdf,0xc5), C(0x5c,0x6a,0x72), C(0xf5,0x7d,0x26), C(0xe1,0xe4,0xbd), C(0x3a,0x94,0xc5),
     {C(0x7a,0x84,0x78), C(0xe6,0x7e,0x80), C(0x8d,0xa6,0x66), C(0xc1,0xa2,0x66), C(0x72,0xae,0xa6), C(0xc9,0x8c,0xa9), C(0x76,0xb3,0x85), C(0xa5,0xa2,0x92), C(0x99,0xa3,0x93), C(0xf8,0x55,0x52), C(0x8d,0xa1,0x01), C(0xd2,0x93,0x00), C(0x3a,0x94,0xc5), C(0xdf,0x69,0xba), C(0x35,0xa7,0x7c), C(0xff,0xfb,0xef)}},
    {"fahrenheit", "Fahrenheit", true,
     C(0x00,0x00,0x00), C(0xff,0xff,0xce), C(0xbb,0xbb,0xbb), C(0x4e,0x73,0x9f), C(0xcb,0x4a,0x05),
     {C(0x1d,0x1d,0x1d), C(0xcd,0xa0,0x74), C(0x9e,0x74,0x4d), C(0xfe,0xcf,0x75), C(0x7f,0x0e,0x0f), C(0x73,0x4c,0x4d), C(0x97,0x97,0x97), C(0xff,0xff,0xce), C(0x40,0x40,0x40), C(0xfe,0xce,0xa0), C(0xcc,0x73,0x4d), C(0xfd,0x9f,0x4d), C(0xcb,0x4a,0x05), C(0x4e,0x73,0x9f), C(0xfe,0xd0,0x4d), C(0xff,0xff,0xff)}},
    {"fairyfloss", "Fairyfloss", true,
     C(0x5a,0x54,0x75), C(0xf8,0xf8,0xf2), C(0xf8,0xf8,0xf0), C(0x80,0x77,0xa8), C(0xc2,0xff,0xdf),
     {C(0x04,0x03,0x03), C(0xf9,0x26,0x72), C(0xc2,0xff,0xdf), C(0xe6,0xc0,0x00), C(0xc2,0xff,0xdf), C(0xff,0xb8,0xd1), C(0xc5,0xa3,0xff), C(0xf8,0xf8,0xf0), C(0x60,0x90,0xcb), C(0xff,0x85,0x7f), C(0xc2,0xff,0xdf), C(0xff,0xea,0x00), C(0xc2,0xff,0xdf), C(0xff,0xb8,0xd1), C(0xc5,0xa3,0xff), C(0xf8,0xf8,0xf0)}},
    {"farmhouse-dark", "Farmhouse Dark", true,
     C(0x1d,0x20,0x27), C(0xe8,0xe4,0xe1), C(0x00,0x6e,0xfe), C(0x4d,0x56,0x58), C(0x00,0x6e,0xfe),
     {C(0x1d,0x20,0x27), C(0xba,0x00,0x04), C(0x54,0x9d,0x00), C(0xc8,0x73,0x00), C(0x00,0x49,0xe6), C(0x9f,0x1b,0x61), C(0x1f,0xb6,0x5c), C(0xe8,0xe4,0xe1), C(0x46,0x4d,0x54), C(0xeb,0x00,0x09), C(0x7a,0xc1,0x00), C(0xea,0x9a,0x00), C(0x00,0x6e,0xfe), C(0xbf,0x3b,0x7f), C(0x19,0xe0,0x62), C(0xf4,0xee,0xf0)}},
    {"farmhouse-light", "Farmhouse Light", false,
     C(0xe8,0xe4,0xe1), C(0x1d,0x20,0x27), C(0x00,0x6e,0xfe), C(0xb3,0xb1,0xaa), C(0x00,0x6e,0xfe),
     {C(0x1d,0x20,0x27), C(0x8d,0x00,0x03), C(0x3a,0x7d,0x00), C(0xa9,0x56,0x00), C(0x09,0x2c,0xcd), C(0x82,0x00,0x46), C(0x22,0x92,0x56), C(0xa8,0xa4,0xa1), C(0x39,0x40,0x47), C(0xeb,0x00,0x09), C(0x7a,0xc1,0x00), C(0xea,0x9a,0x00), C(0x00,0x6e,0xfe), C(0xbf,0x3b,0x7f), C(0x00,0xc6,0x49), C(0xf4,0xee,0xf0)}},
    {"fideloper", "Fideloper", true,
     C(0x29,0x2f,0x33), C(0xdb,0xda,0xe0), C(0xd4,0x60,0x5a), C(0xef,0xb8,0xac), C(0x7c,0x85,0xc4),
     {C(0x29,0x2f,0x33), C(0xcb,0x1e,0x2d), C(0xed,0xb8,0xac), C(0xb7,0xab,0x9b), C(0x2e,0x78,0xc2), C(0xc0,0x23,0x6f), C(0x30,0x91,0x86), C(0xea,0xe3,0xce), C(0x49,0x60,0x68), C(0xd4,0x60,0x5a), C(0xd4,0x60,0x5a), C(0xa8,0x66,0x71), C(0x7c,0x85,0xc4), C(0x5c,0x5d,0xb2), C(0x81,0x90,0x90), C(0xfc,0xf4,0xdf)}},
    {"firefly-traditional", "Firefly Traditional", true,
     C(0x00,0x00,0x00), C(0xf5,0xf5,0xf5), C(0x00,0xf9,0x00), C(0xcf,0xea,0xc6), C(0x83,0x8d,0xff),
     {C(0x00,0x00,0x00), C(0xc2,0x37,0x20), C(0x33,0xbc,0x26), C(0xaf,0xad,0x24), C(0x5a,0x63,0xff), C(0xd5,0x3a,0xd2), C(0x33,0xbb,0xc7), C(0xcc,0xcc,0xcc), C(0x82,0x82,0x82), C(0xff,0x3b,0x1e), C(0x2e,0xe7,0x20), C(0xec,0xec,0x16), C(0x83,0x8d,0xff), C(0xff,0x5c,0xfe), C(0x29,0xf0,0xf0), C(0xeb,0xeb,0xeb)}},
    {"firefox-dev", "Firefox Dev", true,
     C(0x0e,0x10,0x11), C(0x7c,0x8f,0xa4), C(0x70,0x82,0x84), C(0x16,0x3c,0x61), C(0x00,0x6f,0xc0),
     {C(0x00,0x28,0x31), C(0xe6,0x38,0x53), C(0x5e,0xb8,0x3c), C(0xa5,0x77,0x06), C(0x35,0x9d,0xdf), C(0xd7,0x5c,0xff), C(0x4b,0x73,0xa2), C(0xdc,0xdc,0xdc), C(0x26,0x44,0x4d), C(0xe1,0x00,0x3f), C(0x1d,0x90,0x00), C(0xcd,0x94,0x09), C(0x00,0x6f,0xc0), C(0xa2,0x00,0xda), C(0x00,0x57,0x94), C(0xe2,0xe2,0xe2)}},
    {"firewatch", "Firewatch", true,
     C(0x1e,0x20,0x27), C(0x9b,0xa2,0xb2), C(0xf6,0xf7,0xec), C(0x2f,0x36,0x3e), C(0x4c,0x89,0xc5),
     {C(0x58,0x5f,0x6d), C(0xd9,0x53,0x60), C(0x5a,0xb9,0x77), C(0xdf,0xb5,0x63), C(0x4d,0x89,0xc4), C(0xd5,0x51,0x19), C(0x44,0xa8,0xb6), C(0xe6,0xe5,0xff), C(0x58,0x5f,0x6d), C(0xd9,0x53,0x60), C(0x5a,0xb9,0x77), C(0xdf,0xb5,0x63), C(0x4c,0x89,0xc5), C(0xd5,0x51,0x19), C(0x44,0xa8,0xb6), C(0xe6,0xe5,0xff)}},
    {"fish-tank", "Fish Tank", true,
     C(0x23,0x25,0x37), C(0xec,0xf0,0xfe), C(0xfe,0xcd,0x5e), C(0xfc,0xf7,0xe9), C(0xb2,0xbe,0xfa),
     {C(0x03,0x07,0x3c), C(0xc6,0x00,0x4a), C(0xac,0xf1,0x57), C(0xfe,0xcd,0x5e), C(0x52,0x5f,0xb8), C(0x98,0x6f,0x82), C(0x96,0x87,0x63), C(0xec,0xf0,0xfc), C(0x6c,0x5b,0x30), C(0xda,0x4b,0x8a), C(0xdb,0xff,0xa9), C(0xfe,0xe6,0xa9), C(0xb2,0xbe,0xfa), C(0xfd,0xa5,0xcd), C(0xa5,0xbd,0x86), C(0xf6,0xff,0xec)}},
    {"flat", "Flat", true,
     C(0x00,0x22,0x40), C(0x2c,0xc5,0x5d), C(0xe5,0xbe,0x0c), C(0x79,0x2b,0x9c), C(0x3c,0x7d,0xd2),
     {C(0x22,0x2d,0x3f), C(0xa8,0x23,0x20), C(0x32,0xa5,0x48), C(0xe5,0x8d,0x11), C(0x31,0x67,0xac), C(0x78,0x1a,0xa0), C(0x2c,0x93,0x70), C(0xb0,0xb6,0xba), C(0x47,0x52,0x62), C(0xd4,0x31,0x2e), C(0x2d,0x94,0x40), C(0xe5,0xbe,0x0c), C(0x3c,0x7d,0xd2), C(0x82,0x30,0xa7), C(0x35,0xb3,0x87), C(0xe7,0xec,0xed)}},
    {"flatland", "Flatland", true,
     C(0x1d,0x1f,0x21), C(0xb8,0xdb,0xef), C(0x70,0x82,0x84), C(0x2b,0x2a,0x24), C(0x61,0xb9,0xd0),
     {C(0x1d,0x1d,0x19), C(0xf1,0x83,0x39), C(0x9f,0xd3,0x64), C(0xf4,0xef,0x6d), C(0x50,0x96,0xbe), C(0x69,0x5a,0xbc), C(0xd6,0x38,0x65), C(0xff,0xff,0xff), C(0x50,0x50,0x4c), C(0xd2,0x2a,0x24), C(0xa7,0xd4,0x2c), C(0xff,0x89,0x49), C(0x61,0xb9,0xd0), C(0x69,0x5a,0xbc), C(0xd6,0x38,0x65), C(0xff,0xff,0xff)}},
    {"flexoki-dark", "Flexoki Dark", true,
     C(0x10,0x0f,0x0f), C(0xce,0xcd,0xc3), C(0xce,0xcd,0xc3), C(0x40,0x3e,0x3c), C(0x20,0x5e,0xa6),
     {C(0x10,0x0f,0x0f), C(0xd1,0x4d,0x41), C(0x87,0x9a,0x39), C(0xd0,0xa2,0x15), C(0x43,0x85,0xbe), C(0xce,0x5d,0x97), C(0x3a,0xa9,0x9f), C(0x87,0x85,0x80), C(0x57,0x56,0x53), C(0xaf,0x30,0x29), C(0x66,0x80,0x0b), C(0xad,0x83,0x01), C(0x20,0x5e,0xa6), C(0xa0,0x2f,0x6f), C(0x24,0x83,0x7b), C(0xce,0xcd,0xc3)}},
    {"flexoki-light", "Flexoki Light", false,
     C(0xff,0xfc,0xf0), C(0x10,0x0f,0x0f), C(0x10,0x0f,0x0f), C(0xce,0xcd,0xc3), C(0x43,0x85,0xbe),
     {C(0x10,0x0f,0x0f), C(0xaf,0x30,0x29), C(0x66,0x80,0x0b), C(0xad,0x83,0x01), C(0x20,0x5e,0xa6), C(0xa0,0x2f,0x6f), C(0x24,0x83,0x7b), C(0x6f,0x6e,0x69), C(0xb7,0xb5,0xac), C(0xd1,0x4d,0x41), C(0x87,0x9a,0x39), C(0xd0,0xa2,0x15), C(0x43,0x85,0xbe), C(0xce,0x5d,0x97), C(0x3a,0xa9,0x9f), C(0xce,0xcd,0xc3)}},
    {"floraverse", "Floraverse", true,
     C(0x0e,0x0d,0x15), C(0xdb,0xd1,0xb9), C(0xbb,0xbb,0xbb), C(0xf3,0xe0,0xb8), C(0x40,0xa4,0xcf),
     {C(0x08,0x00,0x2e), C(0x7e,0x1a,0x46), C(0x5d,0x73,0x1a), C(0xcd,0x75,0x1c), C(0x1d,0x6d,0xa1), C(0xb7,0x07,0x7e), C(0x42,0xa3,0x8c), C(0xf3,0xe0,0xb8), C(0x4c,0x38,0x66), C(0xd0,0x20,0x63), C(0xb4,0xce,0x59), C(0xfa,0xc3,0x57), C(0x40,0xa4,0xcf), C(0xf1,0x2a,0xae), C(0x62,0xca,0xa8), C(0xff,0xf5,0xdb)}},
    {"forest-blue", "Forest Blue", true,
     C(0x05,0x15,0x19), C(0xe2,0xd8,0xcd), C(0x9e,0x9e,0xcb), C(0x4d,0x4d,0x4d), C(0x39,0xa7,0xa2),
     {C(0x33,0x33,0x33), C(0xf8,0x81,0x8e), C(0x92,0xd3,0xa2), C(0x1a,0x8e,0x63), C(0x8e,0xd0,0xce), C(0x5e,0x46,0x8c), C(0x31,0x65,0x8c), C(0xe2,0xd8,0xcd), C(0x4a,0x4a,0x4a), C(0xfb,0x3d,0x66), C(0x6b,0xb4,0x8d), C(0x30,0xc8,0x5a), C(0x39,0xa7,0xa2), C(0x7e,0x62,0xb3), C(0x60,0x96,0xbf), C(0xe2,0xd8,0xcd)}},
    {"forge-ember", "Forge Ember", true,
     C(0x14,0x0c,0x07), C(0xf4,0xe2,0xc8), C(0xff,0x6a,0x1f), C(0x33,0x22,0x0f), C(0xf0,0xa2,0x4f),
     {C(0x24,0x18,0x10), C(0xff,0x47,0x33), C(0xc4,0xc2,0x4a), C(0xff,0xb3,0x47), C(0xf0,0xa2,0x4f), C(0xff,0x6a,0x4d), C(0xff,0xd2,0x7a), C(0xe6,0xd2,0xb6), C(0x7a,0x62,0x48), C(0xff,0x47,0x33), C(0xc4,0xc2,0x4a), C(0xff,0x7a,0x2d), C(0xf0,0xa2,0x4f), C(0xff,0x6a,0x4d), C(0xff,0xd2,0x7a), C(0xf4,0xe2,0xc8)}},
    {"framer", "Framer", true,
     C(0x11,0x11,0x11), C(0x77,0x77,0x77), C(0xfc,0xdc,0x08), C(0x66,0x66,0x66), C(0x33,0xbb,0xff),
     {C(0x14,0x14,0x14), C(0xff,0x55,0x55), C(0x98,0xec,0x65), C(0xff,0xcc,0x33), C(0x00,0xaa,0xff), C(0xaa,0x88,0xff), C(0x88,0xdd,0xff), C(0xcc,0xcc,0xcc), C(0x41,0x41,0x41), C(0xff,0x88,0x88), C(0xb6,0xf2,0x92), C(0xff,0xd9,0x66), C(0x33,0xbb,0xff), C(0xce,0xbb,0xff), C(0xbb,0xec,0xff), C(0xff,0xff,0xff)}},
    {"front-end-delight", "Front End Delight", true,
     C(0x1b,0x1c,0x1d), C(0xad,0xad,0xad), C(0xcd,0xcd,0xcd), C(0xea,0x61,0x54), C(0x33,0x93,0xca),
     {C(0x24,0x25,0x26), C(0xf8,0x51,0x1b), C(0x56,0x57,0x47), C(0xfa,0x77,0x1d), C(0x2c,0x70,0xb7), C(0xf0,0x2e,0x4f), C(0x3c,0xa1,0xa6), C(0xad,0xad,0xad), C(0x5f,0xac,0x6d), C(0xf7,0x43,0x19), C(0x74,0xec,0x4c), C(0xfd,0xc3,0x25), C(0x33,0x93,0xca), C(0xe7,0x5e,0x4f), C(0x4f,0xbc,0xe6), C(0x8c,0x73,0x5b)}},
    {"frostbyte", "Frostbyte", false,
     C(0xee,0xf5,0xfc), C(0x28,0x36,0x45), C(0x1f,0x73,0xcc), C(0xd2,0xe4,0xf4), C(0x1a,0x66,0xbe),
     {C(0x28,0x36,0x45), C(0xc2,0x38,0x4f), C(0x2e,0x7a,0x56), C(0x87,0x60,0x10), C(0x1a,0x66,0xbe), C(0x55,0x52,0xcc), C(0x1a,0x7e,0x9e), C(0x58,0x68,0x78), C(0x93,0xa4,0xb6), C(0xc2,0x38,0x4f), C(0x2e,0x7a,0x56), C(0x9a,0x52,0x20), C(0x1a,0x66,0xbe), C(0x55,0x52,0xcc), C(0x1a,0x7e,0x9e), C(0x28,0x36,0x45)}},
    {"fun-forrest", "Fun Forrest", true,
     C(0x25,0x12,0x00), C(0xde,0xc1,0x65), C(0xe5,0x59,0x1c), C(0xe5,0x59,0x1c), C(0x7c,0xc9,0xcf),
     {C(0x00,0x00,0x00), C(0xd6,0x26,0x2b), C(0x91,0x9c,0x00), C(0xbe,0x8a,0x13), C(0x46,0x99,0xa3), C(0x8d,0x43,0x31), C(0xda,0x82,0x13), C(0xdd,0xc2,0x65), C(0x7f,0x6a,0x55), C(0xe5,0x5a,0x1c), C(0xbf,0xc6,0x5a), C(0xff,0xcb,0x1b), C(0x7c,0xc9,0xcf), C(0xd2,0x63,0x49), C(0xe6,0xa9,0x6b), C(0xff,0xea,0xa3)}},
    {"galaxy", "Galaxy", true,
     C(0x1d,0x28,0x37), C(0xff,0xff,0xff), C(0xbb,0xbb,0xbb), C(0xb5,0xd5,0xff), C(0x58,0x9d,0xf6),
     {C(0x00,0x00,0x00), C(0xf9,0x55,0x5f), C(0x21,0xb0,0x89), C(0xfe,0xf0,0x2a), C(0x58,0x9d,0xf6), C(0x94,0x4d,0x95), C(0x1f,0x9e,0xe7), C(0xbb,0xbb,0xbb), C(0x55,0x55,0x55), C(0xfa,0x8c,0x8f), C(0x35,0xbb,0x9a), C(0xff,0xff,0x55), C(0x58,0x9d,0xf6), C(0xe7,0x56,0x99), C(0x39,0x79,0xbc), C(0xff,0xff,0xff)}},
    {"galizur", "Galizur", true,
     C(0x07,0x13,0x17), C(0xdd,0xee,0xff), C(0xdd,0xee,0xff), C(0x07,0x13,0x17), C(0x33,0x77,0xff),
     {C(0x22,0x33,0x44), C(0xaa,0x11,0x22), C(0x33,0xaa,0x11), C(0xcc,0xaa,0x22), C(0x22,0x55,0xcc), C(0x77,0x55,0xaa), C(0x22,0xbb,0xdd), C(0x88,0x99,0xaa), C(0x55,0x66,0x77), C(0xff,0x11,0x33), C(0x33,0xff,0x11), C(0xff,0xdd,0x33), C(0x33,0x77,0xff), C(0xaa,0x77,0xff), C(0x33,0xdd,0xff), C(0xbb,0xcc,0xdd)}},
    {"ghostty-default-style-dark", "Ghostty Default Style Dark", true,
     C(0x28,0x2c,0x34), C(0xff,0xff,0xff), C(0xff,0xff,0xff), C(0xff,0xff,0xff), C(0x7a,0xa6,0xda),
     {C(0x1d,0x1f,0x21), C(0xcc,0x65,0x66), C(0xb6,0xbd,0x68), C(0xf0,0xc6,0x74), C(0x82,0xa2,0xbe), C(0xb2,0x94,0xbb), C(0x8a,0xbe,0xb7), C(0xc4,0xc8,0xc6), C(0x66,0x66,0x66), C(0xd5,0x4e,0x53), C(0xb9,0xca,0x4b), C(0xe7,0xc5,0x47), C(0x7a,0xa6,0xda), C(0xc3,0x97,0xd8), C(0x70,0xc0,0xb1), C(0xea,0xea,0xea)}},
    {"github", "GitHub", false,
     C(0xf4,0xf4,0xf4), C(0x3e,0x3e,0x3e), C(0x3f,0x3f,0x3f), C(0xa9,0xc1,0xe2), C(0x2e,0x6c,0xba),
     {C(0x3e,0x3e,0x3e), C(0x97,0x0b,0x16), C(0x07,0x96,0x2a), C(0xc5,0xbb,0x94), C(0x00,0x3e,0x8a), C(0xe9,0x46,0x91), C(0x7c,0xc4,0xdf), C(0xb2,0xb2,0xb2), C(0x66,0x66,0x66), C(0xde,0x00,0x00), C(0x7a,0xc8,0x95), C(0xd7,0xb6,0x00), C(0x2e,0x6c,0xba), C(0xf2,0x95,0x92), C(0x00,0xc7,0xcb), C(0xff,0xff,0xff)}},
    {"github-dark", "GitHub Dark", true,
     C(0x10,0x12,0x16), C(0x8b,0x94,0x9e), C(0xc9,0xd1,0xd9), C(0x3b,0x50,0x70), C(0x6c,0xa4,0xf8),
     {C(0x00,0x00,0x00), C(0xf7,0x81,0x66), C(0x56,0xd3,0x64), C(0xe3,0xb3,0x41), C(0x6c,0xa4,0xf8), C(0xdb,0x61,0xa2), C(0x2b,0x74,0x89), C(0xff,0xff,0xff), C(0x4d,0x4d,0x4d), C(0xf7,0x81,0x66), C(0x56,0xd3,0x64), C(0xe3,0xb3,0x41), C(0x6c,0xa4,0xf8), C(0xdb,0x61,0xa2), C(0x2b,0x74,0x89), C(0xff,0xff,0xff)}},
    {"github-dark-colorblind", "GitHub Dark Colorblind", true,
     C(0x0d,0x11,0x17), C(0xc9,0xd1,0xd9), C(0x58,0xa6,0xff), C(0xc9,0xd1,0xd9), C(0x79,0xc0,0xff),
     {C(0x48,0x4f,0x58), C(0xec,0x8e,0x2c), C(0x58,0xa6,0xff), C(0xd2,0x99,0x22), C(0x58,0xa6,0xff), C(0xbc,0x8c,0xff), C(0x39,0xc5,0xcf), C(0xb1,0xba,0xc4), C(0x6e,0x76,0x81), C(0xfd,0xac,0x54), C(0x79,0xc0,0xff), C(0xe3,0xb3,0x41), C(0x79,0xc0,0xff), C(0xd2,0xa8,0xff), C(0x56,0xd4,0xdd), C(0xff,0xff,0xff)}},
    {"github-dark-default", "GitHub Dark Default", true,
     C(0x0d,0x11,0x17), C(0xe6,0xed,0xf3), C(0x2f,0x81,0xf7), C(0xe6,0xed,0xf3), C(0x79,0xc0,0xff),
     {C(0x48,0x4f,0x58), C(0xff,0x7b,0x72), C(0x3f,0xb9,0x50), C(0xd2,0x99,0x22), C(0x58,0xa6,0xff), C(0xbc,0x8c,0xff), C(0x39,0xc5,0xcf), C(0xb1,0xba,0xc4), C(0x6e,0x76,0x81), C(0xff,0xa1,0x98), C(0x56,0xd3,0x64), C(0xe3,0xb3,0x41), C(0x79,0xc0,0xff), C(0xd2,0xa8,0xff), C(0x56,0xd4,0xdd), C(0xff,0xff,0xff)}},
    {"github-dark-dimmed", "GitHub Dark Dimmed", true,
     C(0x22,0x27,0x2e), C(0xad,0xba,0xc7), C(0x53,0x9b,0xf5), C(0xad,0xba,0xc7), C(0x6c,0xb6,0xff),
     {C(0x54,0x5d,0x68), C(0xf4,0x70,0x67), C(0x57,0xab,0x5a), C(0xc6,0x90,0x26), C(0x53,0x9b,0xf5), C(0xb0,0x83,0xf0), C(0x39,0xc5,0xcf), C(0x90,0x9d,0xab), C(0x63,0x6e,0x7b), C(0xff,0x93,0x8a), C(0x6b,0xc4,0x6d), C(0xda,0xaa,0x3f), C(0x6c,0xb6,0xff), C(0xdc,0xbd,0xfb), C(0x56,0xd4,0xdd), C(0xcd,0xd9,0xe5)}},
    {"github-dark-high-contrast", "GitHub Dark High Contrast", true,
     C(0x0a,0x0c,0x10), C(0xf0,0xf3,0xf6), C(0x71,0xb7,0xff), C(0xf0,0xf3,0xf6), C(0x91,0xcb,0xff),
     {C(0x7a,0x82,0x8e), C(0xff,0x94,0x92), C(0x26,0xcd,0x4d), C(0xf0,0xb7,0x2f), C(0x71,0xb7,0xff), C(0xcb,0x9e,0xff), C(0x39,0xc5,0xcf), C(0xd9,0xde,0xe3), C(0x9e,0xa7,0xb3), C(0xff,0xb1,0xaf), C(0x4a,0xe1,0x68), C(0xf7,0xc8,0x43), C(0x91,0xcb,0xff), C(0xdb,0xb7,0xff), C(0x56,0xd4,0xdd), C(0xff,0xff,0xff)}},
    {"github-light-colorblind", "GitHub Light Colorblind", false,
     C(0xff,0xff,0xff), C(0x24,0x29,0x2f), C(0x09,0x69,0xda), C(0x24,0x29,0x2f), C(0x21,0x8b,0xff),
     {C(0x24,0x29,0x2f), C(0xb3,0x59,0x00), C(0x05,0x50,0xae), C(0x4d,0x2d,0x00), C(0x09,0x69,0xda), C(0x82,0x50,0xdf), C(0x1b,0x7c,0x83), C(0x6e,0x77,0x81), C(0x57,0x60,0x6a), C(0x8a,0x46,0x00), C(0x09,0x69,0xda), C(0x63,0x3c,0x01), C(0x21,0x8b,0xff), C(0xa4,0x75,0xf9), C(0x31,0x92,0xaa), C(0x8c,0x95,0x9f)}},
    {"github-light-default", "GitHub Light Default", false,
     C(0xff,0xff,0xff), C(0x1f,0x23,0x28), C(0x09,0x69,0xda), C(0x1f,0x23,0x28), C(0x21,0x8b,0xff),
     {C(0x24,0x29,0x2f), C(0xcf,0x22,0x2e), C(0x11,0x63,0x29), C(0x4d,0x2d,0x00), C(0x09,0x69,0xda), C(0x82,0x50,0xdf), C(0x1b,0x7c,0x83), C(0x6e,0x77,0x81), C(0x57,0x60,0x6a), C(0xa4,0x0e,0x26), C(0x1a,0x7f,0x37), C(0x63,0x3c,0x01), C(0x21,0x8b,0xff), C(0xa4,0x75,0xf9), C(0x31,0x92,0xaa), C(0x8c,0x95,0x9f)}},
    {"github-light-high-contrast", "GitHub Light High Contrast", false,
     C(0xff,0xff,0xff), C(0x0e,0x11,0x16), C(0x03,0x49,0xb4), C(0x0e,0x11,0x16), C(0x11,0x68,0xe3),
     {C(0x0e,0x11,0x16), C(0xa0,0x11,0x1f), C(0x02,0x4c,0x1a), C(0x3f,0x22,0x00), C(0x03,0x49,0xb4), C(0x62,0x2c,0xbc), C(0x1b,0x7c,0x83), C(0x66,0x70,0x7b), C(0x4b,0x53,0x5d), C(0x86,0x06,0x1d), C(0x05,0x5d,0x20), C(0x4e,0x2c,0x00), C(0x11,0x68,0xe3), C(0x84,0x4a,0xe7), C(0x31,0x92,0xaa), C(0x88,0x92,0x9d)}},
    {"gitlab-dark", "GitLab Dark", true,
     C(0x28,0x26,0x2b), C(0xff,0xff,0xff), C(0xff,0xff,0xff), C(0xad,0x95,0xe9), C(0x49,0x8d,0xd1),
     {C(0x00,0x00,0x00), C(0xf5,0x7f,0x6c), C(0x52,0xb8,0x7a), C(0xd9,0x95,0x30), C(0x7f,0xb6,0xed), C(0xf8,0x8a,0xaf), C(0x32,0xc5,0xd2), C(0xff,0xff,0xff), C(0x66,0x66,0x66), C(0xfc,0xb5,0xaa), C(0x91,0xd4,0xa8), C(0xe9,0xbe,0x74), C(0x49,0x8d,0xd1), C(0xfc,0xac,0xc5), C(0x5e,0xde,0xe3), C(0xff,0xff,0xff)}},
    {"gitlab-dark-grey", "GitLab Dark Grey", true,
     C(0x22,0x22,0x22), C(0xff,0xff,0xff), C(0xff,0xff,0xff), C(0xad,0x95,0xe9), C(0x49,0x8d,0xd1),
     {C(0x00,0x00,0x00), C(0xf5,0x7f,0x6c), C(0x52,0xb8,0x7a), C(0xd9,0x95,0x30), C(0x7f,0xb6,0xed), C(0xf8,0x8a,0xaf), C(0x32,0xc5,0xd2), C(0xff,0xff,0xff), C(0x66,0x66,0x66), C(0xfc,0xb5,0xaa), C(0x91,0xd4,0xa8), C(0xe9,0xbe,0x74), C(0x49,0x8d,0xd1), C(0xfc,0xac,0xc5), C(0x5e,0xde,0xe3), C(0xff,0xff,0xff)}},
    {"gitlab-light", "GitLab Light", false,
     C(0xfa,0xfa,0xff), C(0x30,0x30,0x30), C(0x30,0x30,0x30), C(0xad,0x95,0xe9), C(0x00,0x6c,0xd8),
     {C(0x30,0x30,0x30), C(0xa3,0x17,0x00), C(0x0a,0x7f,0x3d), C(0xaf,0x55,0x1d), C(0x00,0x6c,0xd8), C(0x58,0x3c,0xac), C(0x00,0x79,0x8a), C(0x30,0x30,0x30), C(0x30,0x30,0x30), C(0xa3,0x17,0x00), C(0x0a,0x7f,0x3d), C(0xaf,0x55,0x1d), C(0x00,0x6c,0xd8), C(0x58,0x3c,0xac), C(0x00,0x79,0x8a), C(0x30,0x30,0x30)}},
    {"glacier", "Glacier", true,
     C(0x0c,0x11,0x15), C(0xff,0xff,0xff), C(0x6c,0x6c,0x6c), C(0xbd,0x25,0x23), C(0x2a,0x8b,0xc1),
     {C(0x2e,0x34,0x3c), C(0xbd,0x0f,0x2f), C(0x35,0xa7,0x70), C(0xfb,0x94,0x35), C(0x1f,0x58,0x72), C(0xbd,0x25,0x23), C(0x77,0x83,0x97), C(0xff,0xff,0xff), C(0x40,0x4a,0x55), C(0xbd,0x0f,0x2f), C(0x49,0xe9,0x98), C(0xfd,0xdf,0x6e), C(0x2a,0x8b,0xc1), C(0xea,0x47,0x27), C(0xa0,0xb6,0xd3), C(0xff,0xff,0xff)}},
    {"gleam", "Gleam", true,
     C(0x29,0x2d,0x3e), C(0xff,0xff,0xff), C(0xff,0xff,0xff), C(0x39,0x3f,0x57), C(0x9c,0xe7,0xff),
     {C(0x00,0x00,0x00), C(0xf4,0x47,0x47), C(0xaa,0xdd,0x8b), C(0xff,0xd5,0x96), C(0x67,0x96,0xe6), C(0xfe,0x7a,0xb2), C(0xb1,0x81,0xec), C(0xf7,0xf7,0xf7), C(0x80,0x80,0x80), C(0xff,0x4a,0x4a), C(0xc8,0xff,0xa7), C(0xfd,0xff,0xab), C(0x9c,0xe7,0xff), C(0xff,0xaf,0xf3), C(0xd9,0xba,0xff), C(0xff,0xff,0xff)}},
    {"gleam-classic", "Gleam Classic", true,
     C(0x1e,0x1e,0x1e), C(0xff,0xff,0xff), C(0xff,0xff,0xff), C(0x77,0x77,0x77), C(0x9c,0xe7,0xff),
     {C(0x00,0x00,0x00), C(0xf4,0x47,0x47), C(0xaa,0xdd,0x8b), C(0xff,0xd5,0x96), C(0x67,0x96,0xe6), C(0xfe,0x7a,0xb2), C(0xb1,0x81,0xec), C(0xf7,0xf7,0xf7), C(0x80,0x80,0x80), C(0xff,0x4a,0x4a), C(0xc8,0xff,0xa7), C(0xfd,0xff,0xab), C(0x9c,0xe7,0xff), C(0xff,0xaf,0xf3), C(0xd9,0xba,0xff), C(0xff,0xff,0xff)}},
    {"grape", "Grape", true,
     C(0x17,0x14,0x23), C(0x9f,0x9f,0xa1), C(0xa2,0x88,0xf7), C(0x49,0x3d,0x70), C(0xa9,0xbc,0xec),
     {C(0x2d,0x28,0x3f), C(0xed,0x22,0x61), C(0x1f,0xa9,0x1b), C(0x8d,0xdc,0x20), C(0x48,0x7d,0xf4), C(0x8d,0x35,0xc9), C(0x3b,0xde,0xed), C(0x9e,0x9e,0xa0), C(0x59,0x51,0x6a), C(0xf0,0x72,0x9a), C(0x53,0xaa,0x5e), C(0xb2,0xdc,0x87), C(0xa9,0xbc,0xec), C(0xad,0x81,0xc2), C(0x9d,0xe3,0xeb), C(0xa2,0x88,0xf7)}},
    {"graphite", "Graphite", true,
     C(0x1c,0x1e,0x22), C(0xd2,0xd6,0xdc), C(0xc4,0xce,0xdb), C(0x2e,0x33,0x3b), C(0xa5,0xc6,0xde),
     {C(0x15,0x17,0x1a), C(0xe5,0x88,0x88), C(0xa7,0xc5,0x9f), C(0xce,0xc5,0x9d), C(0x8d,0xb4,0xd0), C(0xba,0xab,0xcb), C(0xa8,0xc6,0xd4), C(0xb4,0xb9,0xc0), C(0x7e,0x85,0x90), C(0xf1,0x9f,0x9f), C(0xb9,0xd5,0xb1), C(0xcf,0xba,0x97), C(0xa5,0xc6,0xde), C(0xcc,0xbe,0xdd), C(0xbc,0xd6,0xe2), C(0xec,0xef,0xf3)}},
    {"grass", "Grass", true,
     C(0x13,0x77,0x3d), C(0xff,0xf0,0xa5), C(0xd9,0x74,0x4c), C(0xb6,0x49,0x26), C(0x00,0x00,0xa3),
     {C(0x00,0x00,0x00), C(0xff,0x59,0x59), C(0x00,0xbb,0x00), C(0xe7,0xb0,0x00), C(0x00,0x00,0xa3), C(0xee,0x59,0xbb), C(0x00,0xbb,0xbb), C(0xbb,0xbb,0xbb), C(0x95,0x95,0x95), C(0xff,0x59,0x59), C(0x00,0xbb,0x00), C(0xe7,0xb0,0x00), C(0x00,0x00,0xbb), C(0xff,0x55,0xff), C(0x55,0xff,0xff), C(0xff,0xff,0xff)}},
    {"green-phosphor-crt", "Green Phosphor CRT", true,
     C(0x0b,0x0f,0x0b), C(0x33,0xff,0x33), C(0x33,0xff,0x33), C(0x0a,0x3a,0x0a), C(0x33,0xff,0x77),
     {C(0x00,0x22,0x00), C(0x00,0xaa,0x00), C(0x33,0xff,0x33), C(0x66,0xff,0x66), C(0x00,0xcc,0x44), C(0x00,0xff,0x88), C(0x66,0xff,0xaa), C(0xb6,0xff,0xb6), C(0x0a,0x5a,0x0a), C(0x19,0xcc,0x19), C(0x66,0xff,0x66), C(0x99,0xff,0x99), C(0x33,0xff,0x77), C(0x66,0xff,0xaa), C(0x99,0xff,0xcc), C(0xe6,0xff,0xe6)}},
    {"grey-green", "Grey Green", true,
     C(0x00,0x2a,0x1a), C(0xff,0xff,0xff), C(0xff,0xf4,0x00), C(0x51,0x7e,0x50), C(0x00,0xaf,0xff),
     {C(0x00,0x00,0x00), C(0xfe,0x14,0x14), C(0x74,0xff,0x00), C(0xf1,0xff,0x01), C(0x00,0xde,0xff), C(0xff,0x00,0xf0), C(0x00,0xff,0xbc), C(0xff,0xff,0xff), C(0x66,0x66,0x66), C(0xff,0x39,0x39), C(0x00,0xff,0x44), C(0xff,0xd1,0x00), C(0x00,0xaf,0xff), C(0xff,0x00,0x8a), C(0x00,0xff,0xd3), C(0xf5,0xec,0xec)}},
    {"gruber-darker", "Gruber Darker", true,
     C(0x18,0x18,0x18), C(0xe4,0xe4,0xe4), C(0xff,0xdb,0x00), C(0xff,0xff,0xff), C(0x92,0xa7,0xcb),
     {C(0x18,0x18,0x18), C(0xff,0x0a,0x36), C(0x42,0xdc,0x00), C(0xff,0xdb,0x00), C(0x92,0xa7,0xcb), C(0xa0,0x95,0xcb), C(0x90,0xaa,0x9e), C(0xe4,0xe4,0xe4), C(0x54,0x49,0x4e), C(0xff,0x38,0x51), C(0x42,0xdc,0x00), C(0xff,0xdb,0x00), C(0x92,0xa7,0xcb), C(0xaf,0xaf,0xda), C(0x90,0xaa,0x9e), C(0xf5,0xf5,0xf5)}},
    {"gruvbox-dark", "Gruvbox Dark", true,
     C(0x28,0x28,0x28), C(0xeb,0xdb,0xb2), C(0xeb,0xdb,0xb2), C(0x66,0x5c,0x54), C(0x83,0xa5,0x98),
     {C(0x28,0x28,0x28), C(0xcc,0x24,0x1d), C(0x98,0x97,0x1a), C(0xd7,0x99,0x21), C(0x45,0x85,0x88), C(0xb1,0x62,0x86), C(0x68,0x9d,0x6a), C(0xa8,0x99,0x84), C(0x92,0x83,0x74), C(0xfb,0x49,0x34), C(0xb8,0xbb,0x26), C(0xfa,0xbd,0x2f), C(0x83,0xa5,0x98), C(0xd3,0x86,0x9b), C(0x8e,0xc0,0x7c), C(0xeb,0xdb,0xb2)}},
    {"gruvbox-dark-hard", "Gruvbox Dark Hard", true,
     C(0x1d,0x20,0x21), C(0xeb,0xdb,0xb2), C(0xeb,0xdb,0xb2), C(0x66,0x5c,0x54), C(0x83,0xa5,0x98),
     {C(0x1d,0x20,0x21), C(0xcc,0x24,0x1d), C(0x98,0x97,0x1a), C(0xd7,0x99,0x21), C(0x45,0x85,0x88), C(0xb1,0x62,0x86), C(0x68,0x9d,0x6a), C(0xa8,0x99,0x84), C(0x92,0x83,0x74), C(0xfb,0x49,0x34), C(0xb8,0xbb,0x26), C(0xfa,0xbd,0x2f), C(0x83,0xa5,0x98), C(0xd3,0x86,0x9b), C(0x8e,0xc0,0x7c), C(0xeb,0xdb,0xb2)}},
    {"gruvbox-light", "Gruvbox Light", false,
     C(0xfb,0xf1,0xc7), C(0x3c,0x38,0x36), C(0x3c,0x38,0x36), C(0x3c,0x38,0x36), C(0x07,0x66,0x78),
     {C(0xfb,0xf1,0xc7), C(0xcc,0x24,0x1d), C(0x98,0x97,0x1a), C(0xd7,0x99,0x21), C(0x45,0x85,0x88), C(0xb1,0x62,0x86), C(0x68,0x9d,0x6a), C(0x7c,0x6f,0x64), C(0x92,0x83,0x74), C(0x9d,0x00,0x06), C(0x79,0x74,0x0e), C(0xb5,0x76,0x14), C(0x07,0x66,0x78), C(0x8f,0x3f,0x71), C(0x42,0x7b,0x58), C(0x3c,0x38,0x36)}},
    {"gruvbox-light-hard", "Gruvbox Light Hard", false,
     C(0xf9,0xf5,0xd7), C(0x3c,0x38,0x36), C(0x3c,0x38,0x36), C(0x3c,0x38,0x36), C(0x07,0x66,0x78),
     {C(0xf9,0xf5,0xd7), C(0xcc,0x24,0x1d), C(0x98,0x97,0x1a), C(0xd7,0x99,0x21), C(0x45,0x85,0x88), C(0xb1,0x62,0x86), C(0x68,0x9d,0x6a), C(0x7c,0x6f,0x64), C(0x92,0x83,0x74), C(0x9d,0x00,0x06), C(0x79,0x74,0x0e), C(0xb5,0x76,0x14), C(0x07,0x66,0x78), C(0x8f,0x3f,0x71), C(0x42,0x7b,0x58), C(0x3c,0x38,0x36)}},
    {"gruvbox-material", "Gruvbox Material", true,
     C(0x1d,0x20,0x21), C(0xd4,0xbe,0x98), C(0xff,0xff,0xff), C(0x2b,0x2c,0x3f), C(0x2c,0x86,0xff),
     {C(0x14,0x16,0x17), C(0xea,0x69,0x26), C(0xc1,0xd0,0x41), C(0xee,0xcf,0x75), C(0x6d,0xa3,0xec), C(0xfd,0x9b,0xc1), C(0xfe,0x9d,0x6e), C(0xff,0xff,0xff), C(0x4c,0x4c,0x4c), C(0xd3,0x57,0x3b), C(0xc1,0xd0,0x41), C(0xee,0xcf,0x75), C(0x2c,0x86,0xff), C(0xfd,0x9b,0xc1), C(0x92,0xa5,0xdf), C(0xff,0xff,0xff)}},
    {"gruvbox-material-dark", "Gruvbox Material Dark", true,
     C(0x28,0x28,0x28), C(0xd4,0xbe,0x98), C(0xd4,0xbe,0x98), C(0xd4,0xbe,0x98), C(0x7d,0xae,0xa3),
     {C(0x28,0x28,0x28), C(0xea,0x69,0x62), C(0xa9,0xb6,0x65), C(0xd8,0xa6,0x57), C(0x7d,0xae,0xa3), C(0xd3,0x86,0x9b), C(0x89,0xb4,0x82), C(0xd4,0xbe,0x98), C(0x7c,0x6f,0x64), C(0xea,0x69,0x62), C(0xa9,0xb6,0x65), C(0xd8,0xa6,0x57), C(0x7d,0xae,0xa3), C(0xd3,0x86,0x9b), C(0x89,0xb4,0x82), C(0xdd,0xc7,0xa1)}},
    {"gruvbox-material-light", "Gruvbox Material Light", false,
     C(0xfb,0xf1,0xc7), C(0x65,0x47,0x35), C(0x65,0x47,0x35), C(0x65,0x47,0x35), C(0x45,0x70,0x7a),
     {C(0xfb,0xf1,0xc7), C(0xc1,0x4a,0x4a), C(0x6c,0x78,0x2e), C(0xb4,0x71,0x09), C(0x45,0x70,0x7a), C(0x94,0x5e,0x80), C(0x4c,0x7a,0x5d), C(0x65,0x47,0x35), C(0xa8,0x99,0x84), C(0xc1,0x4a,0x4a), C(0x6c,0x78,0x2e), C(0xb4,0x71,0x09), C(0x45,0x70,0x7a), C(0x94,0x5e,0x80), C(0x4c,0x7a,0x5d), C(0x4f,0x38,0x29)}},
    {"guezwhoz", "Guezwhoz", true,
     C(0x1d,0x1d,0x1d), C(0xd9,0xd9,0xd9), C(0x99,0xd4,0xb1), C(0x24,0x53,0x54), C(0x64,0xb2,0xed),
     {C(0x33,0x33,0x33), C(0xe8,0x51,0x81), C(0x7a,0xd6,0x94), C(0xb7,0xd0,0x74), C(0x5a,0xa0,0xd6), C(0x9a,0x90,0xe0), C(0x58,0xd6,0xce), C(0xd9,0xd9,0xd9), C(0x80,0x80,0x80), C(0xe8,0x51,0x81), C(0xaf,0xd7,0xaf), C(0xd1,0xed,0x85), C(0x64,0xb2,0xed), C(0xa3,0x98,0xed), C(0x61,0xed,0xe4), C(0xed,0xed,0xed)}},
    {"hax0r-blue", "HaX0R Blue", true,
     C(0x01,0x05,0x15), C(0x11,0xb7,0xff), C(0x10,0xb6,0xff), C(0xc1,0xe4,0xff), C(0x00,0xb3,0xf7),
     {C(0x01,0x09,0x21), C(0x10,0xb6,0xff), C(0x10,0xb6,0xff), C(0x10,0xb6,0xff), C(0x10,0xb6,0xff), C(0x10,0xb6,0xff), C(0x10,0xb6,0xff), C(0xfa,0xfa,0xfa), C(0x48,0x41,0x57), C(0x00,0xb3,0xf7), C(0x00,0xb3,0xf7), C(0x00,0xb3,0xf7), C(0x00,0xb3,0xf7), C(0x00,0xb3,0xf7), C(0x00,0xb3,0xf7), C(0xfe,0xfe,0xfe)}},
    {"hax0r-gr33n", "HaX0R Gr33N", true,
     C(0x02,0x0f,0x01), C(0x16,0xb1,0x0e), C(0x15,0xd0,0x0d), C(0xd4,0xff,0xc1), C(0x19,0xe2,0x0e),
     {C(0x00,0x1f,0x0b), C(0x15,0xd0,0x0d), C(0x15,0xd0,0x0d), C(0x15,0xd0,0x0d), C(0x15,0xd0,0x0d), C(0x15,0xd0,0x0d), C(0x15,0xd0,0x0d), C(0xfa,0xfa,0xfa), C(0x33,0x48,0x43), C(0x19,0xe2,0x0e), C(0x19,0xe2,0x0e), C(0x19,0xe2,0x0e), C(0x19,0xe2,0x0e), C(0x19,0xe2,0x0e), C(0x19,0xe2,0x0e), C(0xfe,0xfe,0xfe)}},
    {"hax0r-r3d", "HaX0R R3D", true,
     C(0x20,0x01,0x01), C(0xb1,0x0e,0x0e), C(0xb0,0x0d,0x0d), C(0xeb,0xc1,0xff), C(0xff,0x10,0x10),
     {C(0x1f,0x00,0x00), C(0xb0,0x0d,0x0d), C(0xb0,0x0d,0x0d), C(0xb0,0x0d,0x0d), C(0xb0,0x0d,0x0d), C(0xb0,0x0d,0x0d), C(0xb0,0x0d,0x0d), C(0xfa,0xfa,0xfa), C(0x55,0x40,0x40), C(0xff,0x11,0x11), C(0xff,0x10,0x10), C(0xff,0x10,0x10), C(0xff,0x10,0x10), C(0xff,0x10,0x10), C(0xff,0x10,0x10), C(0xfe,0xfe,0xfe)}},
    {"hacktober", "Hacktober", true,
     C(0x14,0x14,0x14), C(0xc9,0xc9,0xc9), C(0xc9,0xc9,0xc9), C(0x14,0x14,0x14), C(0x53,0x89,0xc5),
     {C(0x19,0x19,0x18), C(0xb3,0x45,0x38), C(0x58,0x77,0x44), C(0xd0,0x89,0x49), C(0x20,0x6e,0xc5), C(0x86,0x46,0x51), C(0xac,0x91,0x66), C(0xf1,0xee,0xe7), C(0x46,0x44,0x44), C(0xb3,0x33,0x23), C(0x42,0x82,0x4a), C(0xc7,0x5a,0x22), C(0x53,0x89,0xc5), C(0xe7,0x95,0xa5), C(0xeb,0xc5,0x87), C(0xff,0xff,0xff)}},
    {"hardcore", "Hardcore", true,
     C(0x12,0x12,0x12), C(0xa0,0xa0,0xa0), C(0xbb,0xbb,0xbb), C(0x45,0x3b,0x39), C(0x66,0xd9,0xef),
     {C(0x1b,0x1d,0x1e), C(0xf9,0x26,0x72), C(0xa6,0xe2,0x2e), C(0xfd,0x97,0x1f), C(0x66,0xd9,0xef), C(0x9e,0x6f,0xfe), C(0x5e,0x71,0x75), C(0xcc,0xcc,0xc6), C(0x50,0x53,0x54), C(0xff,0x66,0x9d), C(0xbe,0xed,0x5f), C(0xe6,0xdb,0x74), C(0x66,0xd9,0xef), C(0x9e,0x6f,0xfe), C(0xa3,0xba,0xbf), C(0xf8,0xf8,0xf2)}},
    {"harper", "Harper", true,
     C(0x01,0x01,0x01), C(0xa8,0xa4,0x9d), C(0xa8,0xa4,0x9d), C(0x5a,0x57,0x53), C(0x48,0x9e,0x48),
     {C(0x01,0x01,0x01), C(0xf8,0xb6,0x3f), C(0x7f,0xb5,0xe1), C(0xd6,0xda,0x25), C(0x48,0x9e,0x48), C(0xb2,0x96,0xc6), C(0xf5,0xbf,0xd7), C(0xa8,0xa4,0x9d), C(0x72,0x6e,0x6a), C(0xf8,0xb6,0x3f), C(0x7f,0xb5,0xe1), C(0xd6,0xda,0x25), C(0x48,0x9e,0x48), C(0xb2,0x96,0xc6), C(0xf5,0xbf,0xd7), C(0xfe,0xfb,0xea)}},
    {"havn-daggry", "Havn Daggry", false,
     C(0xf8,0xf9,0xfb), C(0x3b,0x4a,0x7a), C(0x22,0x6c,0x4f), C(0xcf,0xe9,0xdd), C(0x60,0x89,0xc0),
     {C(0x1f,0x28,0x42), C(0x98,0x52,0x48), C(0x57,0x71,0x59), C(0xbe,0x6b,0x00), C(0x3a,0x57,0x7d), C(0x7c,0x5c,0x97), C(0x92,0x57,0x80), C(0xb0,0xb5,0xc5), C(0x1f,0x28,0x42), C(0xcc,0x4a,0x35), C(0x71,0x96,0x79), C(0xf1,0xa5,0x27), C(0x60,0x89,0xc0), C(0x7d,0x73,0x96), C(0xaa,0x86,0x9d), C(0xd6,0xdb,0xeb)}},
    {"havn-skumring", "Havn Skumring", true,
     C(0x11,0x15,0x22), C(0xd6,0xdb,0xeb), C(0x27,0x7a,0x6f), C(0x2b,0x51,0x4b), C(0x51,0x86,0xcb),
     {C(0x25,0x2c,0x47), C(0xea,0x56,0x3e), C(0x6e,0xad,0x7b), C(0xf8,0xb3,0x30), C(0x59,0x6c,0xf7), C(0x7c,0x71,0x9e), C(0xd5,0x88,0xc1), C(0xdc,0xe0,0xee), C(0x38,0x42,0x5c), C(0xd1,0x72,0x64), C(0x8c,0x9e,0x8f), C(0xea,0xc5,0x8c), C(0x51,0x86,0xcb), C(0x9b,0x7c,0xee), C(0xd1,0x7a,0xb6), C(0xff,0xf6,0xe1)}},
    {"heeler", "Heeler", true,
     C(0x21,0x1f,0x46), C(0xfd,0xfd,0xfd), C(0xff,0xff,0xff), C(0x2b,0x2c,0x41), C(0x00,0x88,0xff),
     {C(0x00,0x00,0x00), C(0xe4,0x4c,0x2e), C(0xbd,0xd1,0x00), C(0xf4,0xce,0x65), C(0x5b,0xa5,0xf2), C(0xff,0x95,0xc2), C(0xff,0x97,0x63), C(0xff,0xff,0xff), C(0x4c,0x4c,0x4c), C(0xe4,0x4c,0x2e), C(0xbd,0xd1,0x00), C(0xf4,0xce,0x65), C(0x00,0x88,0xff), C(0xff,0x95,0xc2), C(0x8d,0xa6,0xe4), C(0xff,0xff,0xff)}},
    {"highway", "Highway", true,
     C(0x22,0x22,0x25), C(0xed,0xed,0xed), C(0xe0,0xd9,0xb9), C(0x38,0x45,0x64), C(0x4f,0xc2,0xfd),
     {C(0x00,0x00,0x00), C(0xd0,0x0e,0x18), C(0x13,0x80,0x34), C(0xff,0xcb,0x3e), C(0x00,0x6b,0xb3), C(0x78,0x34,0x82), C(0x45,0x52,0x71), C(0xed,0xed,0xed), C(0x5d,0x50,0x4a), C(0xf0,0x7e,0x18), C(0xb1,0xd1,0x30), C(0xff,0xf1,0x20), C(0x4f,0xc2,0xfd), C(0xde,0x00,0x71), C(0x5d,0x50,0x4a), C(0xff,0xff,0xff)}},
    {"hipster-green", "Hipster Green", true,
     C(0x10,0x0b,0x05), C(0x84,0xc1,0x38), C(0x23,0xff,0x18), C(0x08,0x39,0x05), C(0x24,0x6e,0xb2),
     {C(0x00,0x00,0x00), C(0xb6,0x21,0x4a), C(0x00,0xa6,0x00), C(0xbf,0xbf,0x00), C(0x24,0x6e,0xb2), C(0xb2,0x00,0xb2), C(0x00,0xa6,0xb2), C(0xbf,0xbf,0xbf), C(0x66,0x66,0x66), C(0xe5,0x00,0x00), C(0x86,0xa9,0x3e), C(0xe5,0xe5,0x00), C(0x00,0x00,0xff), C(0xe5,0x00,0xe5), C(0x00,0xe5,0xe5), C(0xe5,0xe5,0xe5)}},
    {"hivacruz", "Hivacruz", true,
     C(0x13,0x26,0x38), C(0xed,0xe4,0xe4), C(0x97,0x9d,0xb4), C(0x5e,0x66,0x87), C(0x89,0x8e,0xa4),
     {C(0x20,0x27,0x46), C(0xc9,0x49,0x22), C(0xac,0x97,0x39), C(0xc0,0x8b,0x30), C(0x3d,0x8f,0xd1), C(0x66,0x79,0xcc), C(0x22,0xa2,0xc9), C(0x97,0x9d,0xb4), C(0x6b,0x73,0x94), C(0xc7,0x6b,0x29), C(0x73,0xad,0x43), C(0x5e,0x66,0x87), C(0x89,0x8e,0xa4), C(0xdf,0xe2,0xf1), C(0x9c,0x63,0x7a), C(0xf5,0xf7,0xff)}},
    {"homebrew", "Homebrew", true,
     C(0x00,0x00,0x00), C(0x00,0xff,0x00), C(0x23,0xff,0x18), C(0x08,0x39,0x05), C(0x0d,0x0d,0xbf),
     {C(0x00,0x00,0x00), C(0x99,0x00,0x00), C(0x00,0xa6,0x00), C(0x99,0x99,0x00), C(0x0d,0x0d,0xbf), C(0xb2,0x00,0xb2), C(0x00,0xa6,0xb2), C(0xbf,0xbf,0xbf), C(0x66,0x66,0x66), C(0xe5,0x00,0x00), C(0x00,0xd9,0x00), C(0xe5,0xe5,0x00), C(0x00,0x00,0xff), C(0xe5,0x00,0xe5), C(0x00,0xe5,0xe5), C(0xe5,0xe5,0xe5)}},
    {"hopscotch", "Hopscotch", true,
     C(0x32,0x29,0x31), C(0xb9,0xb5,0xb8), C(0xb9,0xb5,0xb8), C(0x5c,0x54,0x5b), C(0x98,0x94,0x98),
     {C(0x32,0x29,0x31), C(0xdd,0x46,0x4c), C(0x8f,0xc1,0x3e), C(0xfd,0xcc,0x59), C(0x12,0x90,0xbf), C(0xc8,0x5e,0x7c), C(0x14,0x9b,0x93), C(0xb9,0xb5,0xb8), C(0x79,0x73,0x79), C(0xfd,0x8b,0x19), C(0x5c,0x54,0x5c), C(0x5c,0x54,0x5b), C(0x98,0x94,0x98), C(0xd5,0xd3,0xd5), C(0xb3,0x35,0x08), C(0xff,0xff,0xff)}},
    {"hopscotch-256", "Hopscotch.256", true,
     C(0x32,0x29,0x31), C(0xb9,0xb5,0xb8), C(0xb9,0xb5,0xb8), C(0x5c,0x54,0x5b), C(0x12,0x90,0xbf),
     {C(0x32,0x29,0x31), C(0xdd,0x46,0x4c), C(0x8f,0xc1,0x3e), C(0xfd,0xcc,0x59), C(0x12,0x90,0xbf), C(0xc8,0x5e,0x7c), C(0x14,0x9b,0x93), C(0xb9,0xb5,0xb8), C(0x79,0x73,0x79), C(0xdd,0x46,0x4c), C(0x8f,0xc1,0x3e), C(0xfd,0xcc,0x59), C(0x12,0x90,0xbf), C(0xc8,0x5e,0x7c), C(0x14,0x9b,0x93), C(0xff,0xff,0xff)}},
    {"horizon", "Horizon", true,
     C(0x1c,0x1e,0x26), C(0xd5,0xd8,0xda), C(0x6c,0x6f,0x93), C(0x6c,0x6f,0x93), C(0x3f,0xc4,0xde),
     {C(0x00,0x00,0x00), C(0xe9,0x56,0x78), C(0x29,0xd3,0x98), C(0xfa,0xb7,0x95), C(0x26,0xbb,0xd9), C(0xee,0x64,0xac), C(0x59,0xe1,0xe3), C(0xe5,0xe5,0xe5), C(0x66,0x66,0x66), C(0xec,0x6a,0x88), C(0x3f,0xda,0xa4), C(0xfb,0xc3,0xa7), C(0x3f,0xc4,0xde), C(0xf0,0x75,0xb5), C(0x6b,0xe4,0xe6), C(0xe5,0xe5,0xe5)}},
    {"horizon-bright", "Horizon Bright", false,
     C(0xfd,0xf0,0xed), C(0x16,0x16,0x1d), C(0xd3,0xa8,0x9d), C(0xf9,0xce,0xc3), C(0x00,0xc9,0xe2),
     {C(0x16,0x16,0x1d), C(0xfc,0x47,0x77), C(0x00,0xca,0x86), C(0xf2,0xa6,0x82), C(0x00,0xbe,0xdd), C(0xff,0x58,0xb1), C(0x00,0xcd,0xcb), C(0xbf,0xaf,0xac), C(0x1a,0x1c,0x24), C(0xfe,0x5f,0x87), C(0x00,0xd1,0x93), C(0xe5,0xa6,0x88), C(0x00,0xc9,0xe2), C(0xff,0x6c,0xba), C(0x00,0xc3,0xc2), C(0xff,0xf2,0xef)}},
    {"hot-dog-stand", "Hot Dog Stand", true,
     C(0xea,0x33,0x23), C(0xff,0xff,0xff), C(0xff,0xff,0x54), C(0xff,0xff,0x54), C(0x00,0x00,0x00),
     {C(0x00,0x00,0x00), C(0xff,0xff,0x54), C(0xff,0xff,0x54), C(0xff,0xff,0x54), C(0x00,0x00,0x00), C(0xff,0xff,0x54), C(0xff,0xff,0xff), C(0xc6,0xc6,0xc6), C(0x00,0x00,0x00), C(0xff,0xff,0x54), C(0xff,0xff,0x54), C(0xff,0xff,0x54), C(0x00,0x00,0x00), C(0xff,0xff,0x54), C(0xff,0xff,0xff), C(0xc6,0xc6,0xc6)}},
    {"hot-dog-stand-mustard", "Hot Dog Stand (Mustard)", false,
     C(0xff,0xff,0x54), C(0x00,0x00,0x00), C(0xea,0x33,0x23), C(0xea,0x33,0x23), C(0x00,0x00,0x00),
     {C(0x00,0x00,0x00), C(0xea,0x33,0x23), C(0xea,0x33,0x23), C(0xea,0x33,0x23), C(0x00,0x00,0x00), C(0xea,0x33,0x23), C(0x00,0x00,0x00), C(0xb9,0xb9,0xb9), C(0x00,0x00,0x00), C(0xea,0x33,0x23), C(0xea,0x33,0x23), C(0xea,0x33,0x23), C(0x00,0x00,0x00), C(0xea,0x33,0x23), C(0x00,0x00,0x00), C(0xc6,0xc6,0xc6)}},
    {"hurtado", "Hurtado", true,
     C(0x00,0x00,0x00), C(0xdb,0xdb,0xdb), C(0xbb,0xbb,0xbb), C(0xb5,0xd5,0xff), C(0x89,0xbe,0xff),
     {C(0x57,0x57,0x57), C(0xff,0x1b,0x00), C(0xa5,0xe0,0x55), C(0xfb,0xe7,0x4a), C(0x49,0x64,0x87), C(0xfd,0x5f,0xf1), C(0x86,0xe9,0xfe), C(0xcb,0xcc,0xcb), C(0x40,0x40,0x40), C(0xd5,0x1d,0x00), C(0xa5,0xdf,0x55), C(0xfb,0xe8,0x4a), C(0x89,0xbe,0xff), C(0xc0,0x01,0xc1), C(0x86,0xea,0xfe), C(0xdb,0xdb,0xdb)}},
    {"hybrid", "Hybrid", true,
     C(0x16,0x17,0x19), C(0xb7,0xbc,0xba), C(0xb7,0xbc,0xba), C(0x1e,0x1f,0x22), C(0x4b,0x6b,0x88),
     {C(0x2a,0x2e,0x33), C(0xb8,0x4d,0x51), C(0xb3,0xbf,0x5a), C(0xe4,0xb5,0x5e), C(0x6e,0x90,0xb0), C(0xa1,0x7e,0xac), C(0x7f,0xbf,0xb4), C(0xb5,0xb9,0xb6), C(0x43,0x45,0x48), C(0x8d,0x2e,0x32), C(0x79,0x84,0x31), C(0xe5,0x8a,0x50), C(0x4b,0x6b,0x88), C(0x6e,0x50,0x79), C(0x4d,0x7b,0x74), C(0x5a,0x62,0x6a)}},
    {"ibm-5153-cga", "IBM 5153 CGA", true,
     C(0x14,0x14,0x14), C(0xce,0xce,0xce), C(0xce,0xce,0xce), C(0xce,0xce,0xce), C(0x4e,0x4e,0xdc),
     {C(0x14,0x14,0x14), C(0xd0,0x33,0x33), C(0x1b,0xd0,0x1b), C(0xd0,0x8c,0x1b), C(0x1b,0x1b,0xd0), C(0xd0,0x1b,0xd0), C(0x1b,0xd0,0xd0), C(0xce,0xce,0xce), C(0x4e,0x4e,0x4e), C(0xdc,0x4e,0x4e), C(0x4e,0xdc,0x4e), C(0xf3,0xf3,0x4e), C(0x4e,0x4e,0xdc), C(0xf3,0x4e,0xf3), C(0x4e,0xf3,0xf3), C(0xff,0xff,0xff)}},
    {"ibm-5153-cga-black", "IBM 5153 CGA (Black)", true,
     C(0x00,0x00,0x00), C(0xc4,0xc4,0xc4), C(0xc4,0xc4,0xc4), C(0xc4,0xc4,0xc4), C(0x4e,0x4e,0xdc),
     {C(0x00,0x00,0x00), C(0xc4,0x00,0x00), C(0x00,0xc4,0x00), C(0xc4,0x7e,0x00), C(0x00,0x00,0xc4), C(0xc4,0x00,0xc4), C(0x00,0xc4,0xc4), C(0xc4,0xc4,0xc4), C(0x4e,0x4e,0x4e), C(0xdc,0x4e,0x4e), C(0x4e,0xdc,0x4e), C(0xf3,0xf3,0x4e), C(0x4e,0x4e,0xdc), C(0xf3,0x4e,0xf3), C(0x4e,0xf3,0xf3), C(0xff,0xff,0xff)}},
    {"ic-green-ppl", "IC Green PPL", true,
     C(0x2c,0x2c,0x2c), C(0xe0,0xf1,0xdc), C(0x47,0xfa,0x6b), C(0x11,0x6b,0x41), C(0x2e,0xfa,0xeb),
     {C(0x01,0x44,0x01), C(0xff,0x27,0x36), C(0x41,0xa6,0x38), C(0x76,0xa8,0x31), C(0x2e,0xc3,0xb9), C(0x50,0xa0,0x96), C(0x3c,0xa0,0x78), C(0xe6,0xfe,0xf2), C(0x10,0x69,0x10), C(0xb4,0xfa,0x5c), C(0xae,0xfb,0x86), C(0xda,0xfa,0x87), C(0x2e,0xfa,0xeb), C(0x50,0xfa,0xfa), C(0x3c,0xfa,0xc8), C(0xe0,0xf1,0xdc)}},
    {"ic-orange-ppl", "IC Orange PPL", true,
     C(0x26,0x26,0x26), C(0xff,0xcb,0x83), C(0xfc,0x53,0x1d), C(0xc1,0x40,0x20), C(0xff,0xbe,0x55),
     {C(0x00,0x00,0x00), C(0xc1,0x39,0x00), C(0xa4,0xa9,0x00), C(0xca,0xaf,0x00), C(0xbd,0x6d,0x00), C(0xfc,0x5e,0x00), C(0xf7,0x95,0x00), C(0xff,0xc8,0x8a), C(0x6a,0x4f,0x2a), C(0xff,0x8c,0x68), C(0xf6,0xff,0x40), C(0xff,0xe3,0x6e), C(0xff,0xbe,0x55), C(0xfc,0x87,0x4f), C(0xc6,0x97,0x52), C(0xfa,0xfa,0xff)}},
    {"ir-black", "IR Black", true,
     C(0x00,0x00,0x00), C(0xf1,0xf1,0xf1), C(0x80,0x80,0x80), C(0xb5,0xd5,0xff), C(0xb5,0xdc,0xff),
     {C(0x4f,0x4f,0x4f), C(0xfa,0x6c,0x60), C(0xa8,0xff,0x60), C(0xff,0xfe,0xb7), C(0x96,0xca,0xfe), C(0xfa,0x73,0xfd), C(0xc6,0xc5,0xfe), C(0xef,0xed,0xef), C(0x7b,0x7b,0x7b), C(0xfc,0xb6,0xb0), C(0xcf,0xff,0xab), C(0xff,0xff,0xcc), C(0xb5,0xdc,0xff), C(0xfb,0x9c,0xfe), C(0xe0,0xe0,0xfe), C(0xff,0xff,0xff)}},
    {"irix-console", "IRIX Console", true,
     C(0x0c,0x0c,0x0c), C(0xf2,0xf2,0xf2), C(0xc7,0xc7,0xc7), C(0xc2,0xde,0xff), C(0x40,0x79,0xff),
     {C(0x1a,0x19,0x19), C(0xd4,0x24,0x26), C(0x37,0xa3,0x27), C(0xc2,0x9d,0x28), C(0x07,0x39,0xe2), C(0x91,0x1f,0x9c), C(0x44,0x97,0xdf), C(0xcc,0xcc,0xcc), C(0x76,0x76,0x76), C(0xf3,0x4f,0x59), C(0x45,0xc7,0x31), C(0xf9,0xf2,0xa7), C(0x40,0x79,0xff), C(0xc3,0x1b,0xa2), C(0x6e,0xd7,0xd7), C(0xf2,0xf2,0xf2)}},
    {"irix-terminal", "IRIX Terminal", true,
     C(0x00,0x00,0x43), C(0xf2,0xf2,0xf2), C(0xc7,0xc7,0xc7), C(0xc2,0xde,0xff), C(0xff,0xff,0x44),
     {C(0x1a,0x19,0x19), C(0xff,0x2b,0x1e), C(0x57,0xff,0x3d), C(0xff,0xff,0x44), C(0x00,0x04,0xff), C(0xff,0x2c,0xff), C(0x56,0xff,0xff), C(0xff,0xff,0xff), C(0xff,0xff,0x44), C(0xff,0xff,0x44), C(0xff,0xff,0x44), C(0xff,0xfc,0x72), C(0xff,0xff,0x44), C(0xff,0xff,0x44), C(0xff,0xff,0x44), C(0xff,0xff,0x44)}},
    {"iceberg-dark", "Iceberg Dark", true,
     C(0x16,0x18,0x21), C(0xc6,0xc8,0xd1), C(0xc6,0xc8,0xd1), C(0xc6,0xc8,0xd1), C(0x91,0xac,0xd1),
     {C(0x1e,0x21,0x32), C(0xe2,0x78,0x78), C(0xb4,0xbe,0x82), C(0xe2,0xa4,0x78), C(0x84,0xa0,0xc6), C(0xa0,0x93,0xc7), C(0x89,0xb8,0xc2), C(0xc6,0xc8,0xd1), C(0x6b,0x70,0x89), C(0xe9,0x89,0x89), C(0xc0,0xca,0x8e), C(0xe9,0xb1,0x89), C(0x91,0xac,0xd1), C(0xad,0xa0,0xd3), C(0x95,0xc4,0xce), C(0xd2,0xd4,0xde)}},
    {"iceberg-light", "Iceberg Light", false,
     C(0xe8,0xe9,0xec), C(0x33,0x37,0x4c), C(0x33,0x37,0x4c), C(0x33,0x37,0x4c), C(0x22,0x47,0x8e),
     {C(0xdc,0xdf,0xe7), C(0xcc,0x51,0x7a), C(0x66,0x8e,0x3d), C(0xc5,0x73,0x39), C(0x2d,0x53,0x9e), C(0x77,0x59,0xb4), C(0x3f,0x83,0xa6), C(0x33,0x37,0x4c), C(0x83,0x89,0xa3), C(0xcc,0x37,0x68), C(0x59,0x80,0x30), C(0xb6,0x66,0x2d), C(0x22,0x47,0x8e), C(0x68,0x45,0xad), C(0x32,0x76,0x98), C(0x26,0x2a,0x3f)}},
    {"idea", "Idea", true,
     C(0x20,0x20,0x20), C(0xad,0xad,0xad), C(0xbb,0xbb,0xbb), C(0x44,0x47,0x5a), C(0x6c,0x9c,0xed),
     {C(0xad,0xad,0xad), C(0xfc,0x52,0x56), C(0x98,0xb6,0x1c), C(0xcc,0xb4,0x44), C(0x43,0x7e,0xe7), C(0x9d,0x74,0xb0), C(0x24,0x88,0x87), C(0x4b,0x4b,0x4b), C(0xff,0xff,0xff), C(0xfc,0x70,0x72), C(0x98,0xb6,0x1c), C(0xff,0xff,0x0b), C(0x6c,0x9c,0xed), C(0xfc,0x7e,0xff), C(0x24,0x88,0x87), C(0x18,0x18,0x18)}},
    {"idle-toes", "Idle Toes", true,
     C(0x32,0x32,0x32), C(0xff,0xff,0xff), C(0xd6,0xd6,0xd6), C(0x5b,0x5b,0x5b), C(0x5e,0xb7,0xf7),
     {C(0x32,0x32,0x32), C(0xd2,0x52,0x52), C(0x7f,0xe1,0x73), C(0xff,0xc6,0x6d), C(0x40,0x99,0xff), C(0xf6,0x80,0xff), C(0xbe,0xd6,0xff), C(0xee,0xee,0xec), C(0x60,0x60,0x60), C(0xf0,0x70,0x70), C(0x9d,0xff,0x91), C(0xff,0xe4,0x8b), C(0x5e,0xb7,0xf7), C(0xff,0x9d,0xff), C(0xdc,0xf4,0xff), C(0xff,0xff,0xff)}},
    {"jackie-brown", "Jackie Brown", true,
     C(0x2c,0x1d,0x16), C(0xff,0xcc,0x2f), C(0x23,0xff,0x18), C(0xaf,0x8d,0x21), C(0x24,0x6e,0xb2),
     {C(0x2c,0x1d,0x16), C(0xef,0x57,0x34), C(0x2b,0xaf,0x2b), C(0xbe,0xbf,0x00), C(0x24,0x6e,0xb2), C(0xd0,0x5e,0xc1), C(0x00,0xac,0xee), C(0xbf,0xbf,0xbf), C(0x66,0x66,0x66), C(0xe5,0x00,0x00), C(0x86,0xa9,0x3e), C(0xe5,0xe5,0x00), C(0x00,0x00,0xff), C(0xe5,0x00,0xe5), C(0x00,0xe5,0xe5), C(0xe5,0xe5,0xe5)}},
    {"japanesque", "Japanesque", true,
     C(0x1e,0x1e,0x1e), C(0xf7,0xf6,0xec), C(0xed,0xcf,0x4f), C(0x17,0x58,0x77), C(0x13,0x59,0x79),
     {C(0x34,0x39,0x35), C(0xcf,0x3f,0x61), C(0x7b,0xb7,0x5b), C(0xe9,0xb3,0x2a), C(0x4c,0x9a,0xd4), C(0xa5,0x7f,0xc4), C(0x38,0x9a,0xad), C(0xfa,0xfa,0xf6), C(0x59,0x5b,0x59), C(0xd1,0x8f,0xa6), C(0x76,0x7f,0x2c), C(0x78,0x59,0x2f), C(0x13,0x59,0x79), C(0x60,0x42,0x91), C(0x76,0xbb,0xca), C(0xb2,0xb5,0xae)}},
    {"jellybeans", "Jellybeans", true,
     C(0x12,0x12,0x12), C(0xde,0xde,0xde), C(0xff,0xa5,0x60), C(0x47,0x4e,0x91), C(0xb1,0xd8,0xf6),
     {C(0x92,0x92,0x92), C(0xe2,0x73,0x73), C(0x94,0xb9,0x79), C(0xff,0xba,0x7b), C(0x97,0xbe,0xdc), C(0xe1,0xc0,0xfa), C(0x00,0x98,0x8e), C(0xde,0xde,0xde), C(0xbd,0xbd,0xbd), C(0xff,0xa1,0xa1), C(0xbd,0xde,0xab), C(0xff,0xdc,0xa0), C(0xb1,0xd8,0xf6), C(0xfb,0xda,0xff), C(0x1a,0xb2,0xa8), C(0xff,0xff,0xff)}},
    {"jetbrains-darcula", "JetBrains Darcula", true,
     C(0x20,0x20,0x20), C(0xad,0xad,0xad), C(0xff,0xff,0xff), C(0x1a,0x32,0x72), C(0x6d,0x9d,0xf1),
     {C(0x00,0x00,0x00), C(0xfa,0x53,0x55), C(0x12,0x6e,0x00), C(0xc2,0xc3,0x00), C(0x45,0x81,0xeb), C(0xfa,0x54,0xff), C(0x33,0xc2,0xc1), C(0xad,0xad,0xad), C(0x55,0x55,0x55), C(0xfb,0x71,0x72), C(0x67,0xff,0x4f), C(0xff,0xff,0x00), C(0x6d,0x9d,0xf1), C(0xfb,0x82,0xff), C(0x60,0xd3,0xd1), C(0xee,0xee,0xee)}},
    {"jetbrains-islands-dark", "JetBrains Islands Dark", true,
     C(0x19,0x1a,0x1c), C(0xbc,0xbe,0xc4), C(0xce,0xd0,0xd6), C(0x2a,0x43,0x71), C(0x54,0x8a,0xf7),
     {C(0x19,0x1a,0x1c), C(0xf7,0x54,0x64), C(0x6a,0xab,0x73), C(0xcf,0x8e,0x6d), C(0x56,0xa8,0xf5), C(0xc7,0x7d,0xbb), C(0x2a,0xac,0xb8), C(0xbc,0xbe,0xc4), C(0x7a,0x7e,0x85), C(0xf5,0x7e,0x84), C(0x6d,0xb0,0x83), C(0xf0,0xac,0x81), C(0x54,0x8a,0xf7), C(0xb1,0x89,0xf5), C(0x16,0xba,0xac), C(0xff,0xff,0xff)}},
    {"jetcalm-light", "JetCalm Light", false,
     C(0xed,0xed,0xed), C(0x1c,0x24,0x10), C(0x08,0x21,0x08), C(0x3c,0x44,0x4d), C(0x00,0x80,0x80),
     {C(0x38,0x3a,0x42), C(0xa5,0x2a,0x2a), C(0x55,0x6b,0x2f), C(0x5c,0x3e,0x00), C(0x46,0x82,0xb4), C(0xa6,0x26,0xa4), C(0x09,0x97,0xb3), C(0x6b,0x8e,0x23), C(0x4f,0x52,0x5d), C(0xdf,0x6c,0x75), C(0x2e,0x8b,0x57), C(0x80,0x80,0x00), C(0x00,0x80,0x80), C(0xc5,0x77,0xdd), C(0x00,0x80,0x80), C(0x7b,0x8d,0x9e)}},
    {"jubi", "Jubi", true,
     C(0x26,0x2b,0x33), C(0xc3,0xd3,0xde), C(0xc3,0xd3,0xde), C(0x5b,0x51,0x84), C(0x8c,0x9f,0xcd),
     {C(0x3b,0x37,0x50), C(0xcf,0x7b,0x98), C(0x90,0xa9,0x4b), C(0x6e,0xbf,0xc0), C(0x57,0x6e,0xa6), C(0xbc,0x4f,0x68), C(0x75,0xa7,0xd2), C(0xc3,0xd3,0xde), C(0xa8,0x74,0xce), C(0xde,0x90,0xab), C(0xbc,0xdd,0x61), C(0x87,0xe9,0xea), C(0x8c,0x9f,0xcd), C(0xe1,0x6c,0x87), C(0xb7,0xc9,0xef), C(0xd5,0xe5,0xf1)}},
    {"kanagawa-dragon", "Kanagawa Dragon", true,
     C(0x18,0x16,0x16), C(0xc5,0xc9,0xc5), C(0xc8,0xc0,0x93), C(0xc5,0xc9,0xc5), C(0x7f,0xb4,0xca),
     {C(0x0d,0x0c,0x0c), C(0xc4,0x74,0x6e), C(0x8a,0x9a,0x7b), C(0xc4,0xb2,0x8a), C(0x8b,0xa4,0xb0), C(0xa2,0x92,0xa3), C(0x8e,0xa4,0xa2), C(0xc8,0xc0,0x93), C(0xa6,0xa6,0x9c), C(0xe4,0x68,0x76), C(0x87,0xa9,0x87), C(0xe6,0xc3,0x84), C(0x7f,0xb4,0xca), C(0x93,0x8a,0xa9), C(0x7a,0xa8,0x9f), C(0xc5,0xc9,0xc5)}},
    {"kanagawa-lotus", "Kanagawa Lotus", false,
     C(0xf2,0xec,0xbc), C(0x54,0x54,0x64), C(0x43,0x43,0x6c), C(0x54,0x54,0x64), C(0x66,0x93,0xbf),
     {C(0x1f,0x1f,0x28), C(0xc8,0x40,0x53), C(0x6f,0x89,0x4e), C(0x77,0x71,0x3f), C(0x4d,0x69,0x9b), C(0xb3,0x5b,0x79), C(0x59,0x7b,0x75), C(0x54,0x54,0x64), C(0x8a,0x89,0x80), C(0xd7,0x47,0x4b), C(0x6e,0x91,0x5f), C(0x83,0x6f,0x4a), C(0x66,0x93,0xbf), C(0x62,0x4c,0x83), C(0x5e,0x85,0x7a), C(0x43,0x43,0x6c)}},
    {"kanagawa-wave", "Kanagawa Wave", true,
     C(0x1f,0x1f,0x28), C(0xdc,0xd7,0xba), C(0xdc,0xd7,0xba), C(0xdc,0xd7,0xba), C(0x7f,0xb4,0xca),
     {C(0x09,0x06,0x18), C(0xc3,0x40,0x43), C(0x76,0x94,0x6a), C(0xc0,0xa3,0x6e), C(0x7e,0x9c,0xd8), C(0x95,0x7f,0xb8), C(0x6a,0x95,0x89), C(0xc8,0xc0,0x93), C(0x72,0x71,0x69), C(0xe8,0x24,0x24), C(0x98,0xbb,0x6c), C(0xe6,0xc3,0x84), C(0x7f,0xb4,0xca), C(0x93,0x8a,0xa9), C(0x7a,0xa8,0x9f), C(0xdc,0xd7,0xba)}},
    {"kanagawabones", "Kanagawabones", true,
     C(0x1f,0x1f,0x28), C(0xdd,0xd8,0xbb), C(0xe6,0xe0,0xc2), C(0x49,0x47,0x3e), C(0x7b,0xc2,0xdf),
     {C(0x1f,0x1f,0x28), C(0xe4,0x6a,0x78), C(0x98,0xbc,0x6d), C(0xe5,0xc2,0x83), C(0x7e,0xb3,0xc9), C(0x95,0x7f,0xb8), C(0x7e,0xb3,0xc9), C(0xdd,0xd8,0xbb), C(0x49,0x49,0x5e), C(0xec,0x81,0x8c), C(0x9e,0xc9,0x67), C(0xf1,0xc9,0x82), C(0x7b,0xc2,0xdf), C(0xa9,0x8f,0xd2), C(0x7b,0xc2,0xdf), C(0xa8,0xa4,0x8d)}},
    {"kanso-ink", "Kanso Ink", true,
     C(0x14,0x17,0x1d), C(0xc5,0xc9,0xc7), C(0xc5,0xc9,0xc7), C(0x22,0x26,0x2d), C(0x7f,0xb4,0xca),
     {C(0x14,0x17,0x1d), C(0xc4,0x74,0x6e), C(0x8a,0x9a,0x7b), C(0xc4,0xb2,0x8a), C(0x8b,0xa4,0xb0), C(0xa2,0x92,0xa3), C(0x8e,0xa4,0xa2), C(0xc8,0xc0,0x93), C(0xa4,0xa7,0xa4), C(0xe4,0x68,0x76), C(0x87,0xa9,0x87), C(0xe6,0xc3,0x84), C(0x7f,0xb4,0xca), C(0x93,0x8a,0xa9), C(0x7a,0xa8,0x9f), C(0xc5,0xc9,0xc7)}},
    {"kanso-mist", "Kanso Mist", true,
     C(0x22,0x26,0x2d), C(0xc5,0xc9,0xc7), C(0xc5,0xc9,0xc7), C(0x43,0x46,0x4e), C(0x7f,0xb4,0xca),
     {C(0x22,0x26,0x2d), C(0xc4,0x74,0x6e), C(0x8a,0x9a,0x7b), C(0xc4,0xb2,0x8a), C(0x8b,0xa4,0xb0), C(0xa2,0x92,0xa3), C(0x8e,0xa4,0xa2), C(0xa4,0xa7,0xa4), C(0x5c,0x60,0x66), C(0xe4,0x68,0x76), C(0x87,0xa9,0x87), C(0xe6,0xc3,0x84), C(0x7f,0xb4,0xca), C(0x93,0x8a,0xa9), C(0x7a,0xa8,0x9f), C(0xc5,0xc9,0xc7)}},
    {"kanso-pearl", "Kanso Pearl", false,
     C(0xf2,0xf1,0xef), C(0x22,0x26,0x2d), C(0x22,0x26,0x2d), C(0xe2,0xe1,0xdf), C(0x66,0x93,0xbf),
     {C(0x22,0x26,0x2d), C(0xc8,0x40,0x53), C(0x6f,0x89,0x4e), C(0x77,0x71,0x3f), C(0x4d,0x69,0x9b), C(0xb3,0x5b,0x79), C(0x59,0x7b,0x75), C(0x54,0x54,0x64), C(0x6d,0x6f,0x6e), C(0xd7,0x47,0x4b), C(0x6e,0x91,0x5f), C(0x83,0x6f,0x4a), C(0x66,0x93,0xbf), C(0x62,0x4c,0x83), C(0x5e,0x85,0x7a), C(0x43,0x43,0x6c)}},
    {"kanso-zen", "Kanso Zen", true,
     C(0x09,0x0e,0x13), C(0xc5,0xc9,0xc7), C(0xc5,0xc9,0xc7), C(0x39,0x3b,0x44), C(0x7f,0xb4,0xca),
     {C(0x0d,0x0c,0x0c), C(0xc4,0x74,0x6e), C(0x8a,0x9a,0x7b), C(0xc4,0xb2,0x8a), C(0x8b,0xa4,0xb0), C(0xa2,0x92,0xa3), C(0x8e,0xa4,0xa2), C(0xc8,0xc0,0x93), C(0xa4,0xa7,0xa4), C(0xe4,0x68,0x76), C(0x87,0xa9,0x87), C(0xe6,0xc3,0x84), C(0x7f,0xb4,0xca), C(0x93,0x8a,0xa9), C(0x7a,0xa8,0x9f), C(0xc5,0xc9,0xc7)}},
    {"karasu-night", "Karasu Night", true,
     C(0x0a,0x0a,0x0a), C(0xe7,0xe5,0xe4), C(0xf5,0xf5,0xf5), C(0x26,0x26,0x26), C(0x8c,0xb4,0xe2),
     {C(0x0a,0x0a,0x0a), C(0xe0,0x6c,0x75), C(0x8f,0xbf,0x7a), C(0xd4,0xb8,0x6a), C(0x7a,0xa2,0xc8), C(0xb4,0xa1,0xd8), C(0x76,0xb7,0xb2), C(0xf5,0xf5,0xf5), C(0x44,0x40,0x3c), C(0xff,0x5c,0x5c), C(0xa6,0xd1,0x89), C(0xe8,0xd0,0x7d), C(0x8c,0xb4,0xe2), C(0xc7,0xb3,0xee), C(0x8a,0xd4,0xce), C(0xe7,0xe5,0xe4)}},
    {"karasu-snow", "Karasu Snow", false,
     C(0xfa,0xfa,0xfa), C(0x29,0x25,0x24), C(0x0a,0x0a,0x0a), C(0xe5,0xe5,0xe5), C(0x2b,0x72,0xc7),
     {C(0x0a,0x0a,0x0a), C(0xb8,0x47,0x55), C(0x3f,0x7e,0x4a), C(0x8a,0x6a,0x1f), C(0x2e,0x5e,0x9b), C(0x6c,0x4b,0xb8), C(0x2d,0x7e,0x7a), C(0xb5,0xb5,0xb5), C(0x40,0x40,0x40), C(0xd9,0x3c,0x3c), C(0x2f,0x91,0x50), C(0x9a,0x7a,0x1d), C(0x2b,0x72,0xc7), C(0x7b,0x59,0xd6), C(0x1f,0x96,0x8f), C(0xff,0xff,0xff)}},
    {"karma-dark", "Karma Dark", true,
     C(0x0a,0x0e,0x14), C(0xf7,0xf1,0xff), C(0xfc,0xe5,0x66), C(0x3a,0x38,0x4a), C(0x7f,0xe0,0xee),
     {C(0x0a,0x0e,0x14), C(0xfc,0x61,0x8d), C(0x7b,0xd8,0x8f), C(0xfc,0xe5,0x66), C(0x5a,0xd4,0xe6), C(0xaf,0x98,0xe6), C(0x5a,0xd4,0xe6), C(0xba,0xb6,0xc0), C(0x69,0x67,0x6c), C(0xff,0x7b,0xa0), C(0x9c,0xe3,0xab), C(0xfc,0xe5,0x66), C(0x7f,0xe0,0xee), C(0xc3,0xb0,0xf0), C(0x7f,0xe0,0xee), C(0xf7,0xf1,0xff)}},
    {"karma-dark-dimmed", "Karma Dark Dimmed", true,
     C(0x14,0x18,0x1f), C(0xe2,0xde,0xf0), C(0xeb,0xd8,0x70), C(0x2f,0x2d,0x3d), C(0x80,0xc8,0xd2),
     {C(0x14,0x18,0x1f), C(0xe8,0x76,0x91), C(0x82,0xc8,0x91), C(0xeb,0xd8,0x70), C(0x6c,0xc4,0xd2), C(0xa8,0x92,0xd4), C(0x6c,0xc4,0xd2), C(0xa8,0xa4,0xae), C(0x5c,0x5a,0x5f), C(0xe8,0x86,0x9c), C(0x98,0xce,0xa4), C(0xeb,0xd8,0x70), C(0x80,0xc8,0xd2), C(0xb6,0xa4,0xd6), C(0x80,0xc8,0xd2), C(0xe2,0xde,0xf0)}},
    {"karma-dark-hc", "Karma Dark HC", true,
     C(0x00,0x00,0x00), C(0xff,0xff,0xff), C(0xfc,0xe5,0x66), C(0x4d,0x4a,0x5e), C(0x87,0xe5,0xf1),
     {C(0x00,0x00,0x00), C(0xff,0x5c,0x87), C(0x80,0xe5,0x98), C(0xfc,0xe5,0x66), C(0x61,0xdc,0xeb), C(0xb9,0xa3,0xee), C(0x61,0xdc,0xeb), C(0xd6,0xd2,0xdb), C(0x69,0x67,0x6c), C(0xff,0x8a,0xab), C(0xa3,0xe9,0xb1), C(0xff,0xf0,0x80), C(0x87,0xe5,0xf1), C(0xca,0xb6,0xf4), C(0x87,0xe5,0xf1), C(0xff,0xff,0xff)}},
    {"karma-light", "Karma Light", false,
     C(0xff,0xff,0xff), C(0x0a,0x0e,0x14), C(0xa8,0x6e,0xfd), C(0xe5,0xe3,0xea), C(0x56,0x88,0xc7),
     {C(0x0a,0x0e,0x14), C(0xfc,0x61,0x8d), C(0x2d,0x97,0x2f), C(0xee,0xae,0x11), C(0x56,0x88,0xc7), C(0x6f,0x42,0xc1), C(0x56,0x88,0xc7), C(0x52,0x50,0x53), C(0x99,0x99,0x99), C(0xfc,0x61,0x8d), C(0x2d,0x97,0x2f), C(0xff,0xaa,0x33), C(0x56,0x88,0xc7), C(0xa8,0x6e,0xfd), C(0x56,0x88,0xc7), C(0x0a,0x0e,0x14)}},
    {"karma-light-dimmed", "Karma Light Dimmed", false,
     C(0xf5,0xf3,0xf7), C(0x1c,0x1f,0x24), C(0x96,0x76,0xd0), C(0xdd,0xd8,0xe2), C(0x66,0x88,0xb8),
     {C(0x1c,0x1f,0x24), C(0xe0,0x7a,0x90), C(0x4a,0x9a,0x4c), C(0xd4,0x9a,0x26), C(0x66,0x88,0xb8), C(0x7c,0x5a,0xb0), C(0x66,0x88,0xb8), C(0x5a,0x58,0x60), C(0x99,0x99,0x99), C(0xe0,0x7a,0x90), C(0x4a,0x9a,0x4c), C(0xe0,0xa0,0x40), C(0x66,0x88,0xb8), C(0x96,0x76,0xd0), C(0x66,0x88,0xb8), C(0x1c,0x1f,0x24)}},
    {"karma-light-hc", "Karma Light HC", false,
     C(0xff,0xff,0xff), C(0x00,0x00,0x00), C(0x4d,0x2d,0x9a), C(0xcf,0xca,0xd8), C(0x2f,0x5e,0x9e),
     {C(0x00,0x00,0x00), C(0xc0,0x16,0x50), C(0x1a,0x6e,0x1c), C(0x9c,0x68,0x00), C(0x2f,0x5e,0x9e), C(0x4d,0x2d,0x9a), C(0x2f,0x5e,0x9e), C(0x2e,0x2c,0x30), C(0x99,0x99,0x99), C(0xc0,0x16,0x50), C(0x1a,0x6e,0x1c), C(0x9c,0x68,0x00), C(0x2f,0x5e,0x9e), C(0x4d,0x2d,0x9a), C(0x2f,0x5e,0x9e), C(0x0a,0x0e,0x14)}},
    {"keys-ocean-sunset", "Keys Ocean Sunset", true,
     C(0x0a,0x10,0x18), C(0xb8,0xc8,0xdc), C(0xfc,0x90,0x77), C(0x1a,0x24,0x30), C(0x5a,0x8f,0xd4),
     {C(0x10,0x19,0x27), C(0xe8,0x5a,0x52), C(0x4a,0x9a,0x72), C(0xe8,0x9a,0x2e), C(0x52,0x88,0xb8), C(0xbc,0x50,0x90), C(0x5e,0xc8,0xc8), C(0xa5,0xb5,0xd5), C(0x34,0x46,0x58), C(0xfc,0x90,0x77), C(0x62,0xc4,0x8e), C(0xff,0xcb,0x9a), C(0x5a,0x8f,0xd4), C(0xfd,0xbf,0xde), C(0x7e,0xd4,0xe0), C(0xff,0xf5,0xbe)}},
    {"keys-ocean-sunset-hc", "Keys Ocean Sunset HC", true,
     C(0x06,0x09,0x10), C(0xf0,0xf4,0xfa), C(0xff,0x85,0x31), C(0x2c,0x48,0x75), C(0x88,0xc4,0xff),
     {C(0x7a,0x92,0xa8), C(0xff,0x63,0x61), C(0x4a,0xd6,0x8a), C(0xff,0xa6,0x00), C(0x6a,0xa8,0xf0), C(0xde,0x72,0xb0), C(0x5e,0xde,0xe8), C(0xc8,0xd8,0xec), C(0x8a,0xa0,0xb8), C(0xff,0x85,0x78), C(0x72,0xf0,0xa8), C(0xff,0xd3,0x80), C(0x88,0xc4,0xff), C(0xf0,0xa8,0xd8), C(0x88,0xf0,0xf8), C(0xff,0xf5,0xbe)}},
    {"kibble", "Kibble", true,
     C(0x0e,0x10,0x0a), C(0xf7,0xf7,0xf7), C(0x9f,0xda,0x9c), C(0x9b,0xa7,0x87), C(0x97,0xa4,0xf7),
     {C(0x4d,0x4d,0x4d), C(0xc7,0x00,0x31), C(0x29,0xcf,0x13), C(0xd8,0xe3,0x0e), C(0x34,0x49,0xd1), C(0x84,0x00,0xff), C(0x07,0x98,0xab), C(0xe2,0xd1,0xe3), C(0x5a,0x5a,0x5a), C(0xf0,0x15,0x78), C(0x6c,0xe0,0x5c), C(0xf3,0xf7,0x9e), C(0x97,0xa4,0xf7), C(0xc4,0x95,0xf0), C(0x68,0xf2,0xe0), C(0xff,0xff,0xff)}},
    {"kitty-default", "Kitty Default", true,
     C(0x00,0x00,0x00), C(0xdd,0xdd,0xdd), C(0xcc,0xcc,0xcc), C(0xff,0xfa,0xcd), C(0x1a,0x8f,0xff),
     {C(0x00,0x00,0x00), C(0xcc,0x04,0x03), C(0x19,0xcb,0x00), C(0xce,0xcb,0x00), C(0x0d,0x73,0xcc), C(0xcb,0x1e,0xd1), C(0x0d,0xcd,0xcd), C(0xdd,0xdd,0xdd), C(0x76,0x76,0x76), C(0xf2,0x20,0x1f), C(0x23,0xfd,0x00), C(0xff,0xfd,0x00), C(0x1a,0x8f,0xff), C(0xfd,0x28,0xff), C(0x14,0xff,0xff), C(0xff,0xff,0xff)}},
    {"kitty-low-contrast", "Kitty Low Contrast", true,
     C(0x33,0x33,0x33), C(0xff,0xff,0xff), C(0xcc,0xcc,0xcc), C(0xff,0xfa,0xcd), C(0x1a,0x8f,0xff),
     {C(0x00,0x00,0x00), C(0xcc,0x04,0x03), C(0x19,0xcb,0x00), C(0xce,0xcb,0x00), C(0x0d,0x73,0xcc), C(0xcb,0x1e,0xd1), C(0x0d,0xcd,0xcd), C(0xdd,0xdd,0xdd), C(0x76,0x76,0x76), C(0xf2,0x20,0x1f), C(0x23,0xfd,0x00), C(0xff,0xfd,0x00), C(0x1a,0x8f,0xff), C(0xfd,0x28,0xff), C(0x14,0xff,0xff), C(0xff,0xff,0xff)}},
    {"klein-void", "Klein Void", true,
     C(0x0b,0x0d,0x14), C(0xed,0xe6,0xd3), C(0xed,0xe6,0xd3), C(0x00,0x2f,0xa7), C(0xa8,0xbe,0xf0),
     {C(0x1a,0x1c,0x24), C(0xf0,0x98,0x90), C(0xa6,0xc0,0x80), C(0xe8,0xbc,0x75), C(0x00,0x2f,0xa7), C(0xd4,0x9b,0xb5), C(0x9f,0xc0,0xe5), C(0xcd,0xc7,0xb8), C(0x92,0x90,0x7a), C(0xd9,0x77,0x57), C(0xbc,0xc8,0x9c), C(0xf0,0xc8,0x80), C(0xa8,0xbe,0xf0), C(0xc8,0xb4,0xd4), C(0xb0,0xd0,0xed), C(0xf5,0xef,0xde)}},
    {"kolorit", "Kolorit", true,
     C(0x1d,0x1a,0x1e), C(0xef,0xec,0xec), C(0xc7,0xc7,0xc7), C(0xe1,0x92,0x5c), C(0x5d,0xb4,0xee),
     {C(0x1d,0x1a,0x1e), C(0xff,0x5b,0x82), C(0x47,0xd7,0xa1), C(0xe8,0xe5,0x62), C(0x5d,0xb4,0xee), C(0xda,0x6c,0xda), C(0x57,0xe9,0xeb), C(0xed,0xed,0xed), C(0x50,0x4d,0x51), C(0xff,0x5b,0x82), C(0x47,0xd7,0xa1), C(0xe8,0xe5,0x62), C(0x5d,0xb4,0xee), C(0xda,0x6c,0xda), C(0x57,0xe9,0xeb), C(0xed,0xed,0xed)}},
    {"konsolas", "Konsolas", true,
     C(0x06,0x06,0x06), C(0xc8,0xc1,0xc1), C(0xc8,0xc1,0xc1), C(0x06,0x06,0x06), C(0x4b,0x4b,0xff),
     {C(0x00,0x00,0x00), C(0xaa,0x17,0x17), C(0x18,0xb2,0x18), C(0xeb,0xae,0x1f), C(0x23,0x23,0xa5), C(0xad,0x1e,0xdc), C(0x42,0xb0,0xc8), C(0xc8,0xc1,0xc1), C(0x7b,0x71,0x6e), C(0xff,0x41,0x41), C(0x5f,0xff,0x5f), C(0xff,0xff,0x55), C(0x4b,0x4b,0xff), C(0xff,0x54,0xff), C(0x69,0xff,0xff), C(0xff,0xff,0xff)}},
    {"kurokula", "Kurokula", true,
     C(0x14,0x15,0x15), C(0xe0,0xcf,0xc2), C(0x7a,0x1c,0x1c), C(0x51,0x51,0x51), C(0x90,0xdb,0xff),
     {C(0x33,0x33,0x33), C(0xc3,0x5a,0x52), C(0x78,0xb3,0xa9), C(0xe1,0xb9,0x17), C(0x5c,0x91,0xdd), C(0x8b,0x79,0xa6), C(0x86,0x72,0x68), C(0xe0,0xcf,0xc2), C(0x51,0x51,0x51), C(0xff,0xc3,0x4c), C(0xaf,0xff,0xa5), C(0xff,0xf7,0x00), C(0x90,0xdb,0xff), C(0xad,0x93,0xff), C(0xff,0xcd,0xb6), C(0xff,0xff,0xff)}},
    {"lab-fox", "Lab Fox", true,
     C(0x2e,0x2e,0x2e), C(0xff,0xff,0xff), C(0x7f,0x7f,0x7f), C(0xcb,0x39,0x2e), C(0xdb,0x50,0x1f),
     {C(0x2e,0x2e,0x2e), C(0xfc,0x6d,0x26), C(0x3e,0xb3,0x83), C(0xfc,0xa1,0x21), C(0xdb,0x3b,0x21), C(0x6b,0x40,0xa8), C(0x6e,0x49,0xcb), C(0xff,0xff,0xff), C(0x53,0x53,0x53), C(0xff,0x65,0x17), C(0x53,0xea,0xa8), C(0xfc,0xa0,0x13), C(0xdb,0x50,0x1f), C(0x6a,0x36,0xb6), C(0x7d,0x53,0xe7), C(0xff,0xff,0xff)}},
    {"laser", "Laser", true,
     C(0x03,0x0d,0x18), C(0xf1,0x06,0xe3), C(0x00,0xff,0x9c), C(0x2e,0x20,0x6a), C(0xf9,0x28,0x83),
     {C(0x62,0x62,0x62), C(0xff,0x83,0x73), C(0xb4,0xfb,0x73), C(0x09,0xb4,0xbd), C(0xfe,0xd3,0x00), C(0xff,0x90,0xfe), C(0xd1,0xd1,0xfe), C(0xf1,0xf1,0xf1), C(0x8f,0x8f,0x8f), C(0xff,0xc4,0xbe), C(0xd6,0xfc,0xba), C(0xff,0xfe,0xd5), C(0xf9,0x28,0x83), C(0xff,0xb2,0xfe), C(0xe6,0xe7,0xfe), C(0xff,0xff,0xff)}},
    {"later-this-evening", "Later This Evening", true,
     C(0x22,0x22,0x22), C(0x95,0x95,0x95), C(0x4f,0x4f,0x4f), C(0x42,0x42,0x42), C(0x66,0x99,0xd6),
     {C(0x2b,0x2b,0x2b), C(0xd4,0x5a,0x60), C(0xaf,0xba,0x67), C(0xe5,0xd2,0x89), C(0xa0,0xba,0xd6), C(0xc0,0x92,0xd6), C(0x91,0xbf,0xb7), C(0x49,0x4a,0x4a), C(0x52,0x54,0x54), C(0xd3,0x23,0x2f), C(0xaa,0xbb,0x39), C(0xe5,0xbe,0x39), C(0x66,0x99,0xd6), C(0xab,0x53,0xd6), C(0x5f,0xc0,0xae), C(0xc1,0xc2,0xc2)}},
    {"lavandula", "Lavandula", true,
     C(0x05,0x00,0x14), C(0x73,0x6e,0x7d), C(0x8c,0x91,0xfa), C(0x37,0x32,0x3c), C(0x8e,0x87,0xe0),
     {C(0x23,0x00,0x46), C(0x7d,0x16,0x25), C(0x33,0x7e,0x6f), C(0x7f,0x6f,0x49), C(0x4f,0x4a,0x7f), C(0x5a,0x3f,0x7f), C(0x58,0x77,0x7f), C(0x73,0x6e,0x7d), C(0x44,0x3a,0x53), C(0xe0,0x51,0x67), C(0x52,0xe0,0xc4), C(0xe0,0xc3,0x86), C(0x8e,0x87,0xe0), C(0xa7,0x76,0xe0), C(0x9a,0xd4,0xe0), C(0x8c,0x91,0xfa)}},
    {"letterpress", "Letterpress", false,
     C(0xf3,0xec,0xdf), C(0x3a,0x35,0x2c), C(0x2a,0x5c,0x8a), C(0xe3,0xd8,0xc4), C(0x2a,0x5c,0x8a),
     {C(0x3a,0x35,0x2c), C(0xb0,0x20,0x2a), C(0x50,0x6b,0x24), C(0x8a,0x5e,0x0a), C(0x2a,0x5c,0x8a), C(0x6e,0x4b,0x2e), C(0x17,0x6b,0x5f), C(0xae,0xab,0xa4), C(0x8e,0x88,0x6f), C(0xb0,0x20,0x2a), C(0x50,0x6b,0x24), C(0x8a,0x4f,0xa0), C(0x2a,0x5c,0x8a), C(0x17,0x6b,0x5f), C(0x17,0x6b,0x5f), C(0x3a,0x35,0x2c)}},
    {"light-owl", "Light Owl", false,
     C(0xfb,0xfb,0xfb), C(0x40,0x3f,0x53), C(0x40,0x3f,0x53), C(0xe0,0xe0,0xe0), C(0x28,0x8e,0xd7),
     {C(0x40,0x3f,0x53), C(0xde,0x3d,0x3b), C(0x08,0x91,0x6a), C(0xe0,0xaf,0x02), C(0x28,0x8e,0xd7), C(0xd6,0x43,0x8a), C(0x2a,0xa2,0x98), C(0xbd,0xbd,0xbd), C(0x98,0x9f,0xb1), C(0xde,0x3d,0x3b), C(0x08,0x91,0x6a), C(0xda,0xaa,0x01), C(0x28,0x8e,0xd7), C(0xd6,0x43,0x8a), C(0x2a,0xa2,0x98), C(0xf0,0xf0,0xf0)}},
    {"liquid-carbon", "Liquid Carbon", true,
     C(0x30,0x30,0x30), C(0xaf,0xc2,0xc2), C(0xff,0xff,0xff), C(0x7d,0xbe,0xff), C(0x00,0x99,0xcc),
     {C(0x00,0x00,0x00), C(0xff,0x30,0x30), C(0x55,0x9a,0x70), C(0xcc,0xac,0x00), C(0x00,0x99,0xcc), C(0xcc,0x69,0xc8), C(0x7a,0xc4,0xcc), C(0xbc,0xcc,0xcc), C(0x59,0x59,0x59), C(0xff,0x30,0x30), C(0x55,0x9a,0x70), C(0xcc,0xac,0x00), C(0x00,0x99,0xcc), C(0xcc,0x69,0xc8), C(0x7a,0xc4,0xcc), C(0xbc,0xcc,0xcc)}},
    {"liquid-carbon-transparent", "Liquid Carbon Transparent", true,
     C(0x00,0x00,0x00), C(0xaf,0xc2,0xc2), C(0xff,0xff,0xff), C(0x7d,0xbe,0xff), C(0x00,0x99,0xcc),
     {C(0x00,0x00,0x00), C(0xff,0x30,0x30), C(0x55,0x9a,0x70), C(0xcc,0xac,0x00), C(0x00,0x99,0xcc), C(0xcc,0x69,0xc8), C(0x7a,0xc4,0xcc), C(0xbc,0xcc,0xcc), C(0x40,0x40,0x40), C(0xff,0x30,0x30), C(0x55,0x9a,0x70), C(0xcc,0xac,0x00), C(0x00,0x99,0xcc), C(0xcc,0x69,0xc8), C(0x7a,0xc4,0xcc), C(0xbc,0xcc,0xcc)}},
    {"london-bonfire-night", "London Bonfire Night", true,
     C(0x0e,0x0c,0x0e), C(0xe8,0xe0,0xc8), C(0xe8,0x5a,0xa8), C(0x2a,0x22,0x28), C(0x7a,0x96,0xd0),
     {C(0x1a,0x14,0x18), C(0xd6,0x5a,0x3a), C(0x6a,0x8a,0x4a), C(0xe8,0xb0,0x48), C(0x5a,0x7a,0xb8), C(0xd7,0x6a,0xa8), C(0x88,0xa8,0xc8), C(0xe8,0xe0,0xc8), C(0x44,0x40,0x3c), C(0xec,0x76,0x54), C(0x88,0xa8,0x68), C(0xf5,0xc2,0x5c), C(0x7a,0x96,0xd0), C(0xed,0x85,0xbc), C(0xa0,0xbc,0xd6), C(0xfd,0xf6,0xdf)}},
    {"london-columbia-road", "London Columbia Road", false,
     C(0xf8,0xf5,0xec), C(0x1f,0x3a,0x2f), C(0xd4,0x70,0x8e), C(0xec,0xe5,0xd0), C(0x55,0x98,0xab),
     {C(0x2a,0x25,0x20), C(0xc1,0x4a,0x4a), C(0x5a,0x8a,0x3a), C(0xd4,0xa8,0x2c), C(0x3a,0x7a,0x8a), C(0xc4,0x5f,0x8a), C(0x5f,0xa8,0x9a), C(0x1f,0x3a,0x2f), C(0x75,0x6a,0x55), C(0xd9,0x6a,0x6a), C(0x6e,0xa0,0x50), C(0xd8,0xaf,0x33), C(0x55,0x98,0xab), C(0xd9,0x7a,0xa3), C(0x7a,0xc0,0xb0), C(0x14,0x22,0x17)}},
    {"london-embankment-dusk", "London Embankment Dusk", true,
     C(0x16,0x1f,0x2c), C(0xe8,0xee,0xf2), C(0xf2,0xc4,0x55), C(0x2c,0x3a,0x52), C(0x82,0xa4,0xcc),
     {C(0x1c,0x25,0x33), C(0xc5,0x57,0x3f), C(0x6a,0x8e,0x85), C(0xe2,0xbd,0x5c), C(0x5e,0x87,0xb3), C(0x9b,0x86,0xa8), C(0x82,0xa8,0xb8), C(0xe8,0xee,0xf2), C(0x4a,0x56,0x6a), C(0xe0,0x70,0x50), C(0x88,0xaa,0xa3), C(0xf0,0xcd,0x6c), C(0x82,0xa4,0xcc), C(0xb0,0x9b,0xc0), C(0xa0,0xc2,0xd0), C(0xfa,0xfb,0xfc)}},
    {"london-soho-night", "London Soho Night", true,
     C(0x1a,0x16,0x12), C(0xeb,0xe0,0xc8), C(0xff,0x5d,0xb1), C(0x3a,0x2f,0x24), C(0x88,0xa8,0xc8),
     {C(0x2a,0x22,0x1a), C(0xd4,0x57,0x4a), C(0x8f,0xae,0x5e), C(0xe8,0xb0,0x4a), C(0x6a,0x8f,0xb5), C(0xd9,0x6a,0xa5), C(0x9a,0xb8,0xa8), C(0xeb,0xe0,0xc8), C(0x6b,0x5a,0x48), C(0xe8,0x77,0x65), C(0xaa,0xc8,0x74), C(0xf4,0xc5,0x60), C(0x88,0xa8,0xc8), C(0xed,0x85,0xb8), C(0xb8,0xce,0xbd), C(0xf8,0xee,0xd2)}},
    {"lovelace", "Lovelace", true,
     C(0x1d,0x1f,0x28), C(0xfd,0xfd,0xfd), C(0xc5,0x74,0xdd), C(0xc1,0xde,0xff), C(0x55,0x6f,0xff),
     {C(0x28,0x2a,0x36), C(0xf3,0x7f,0x97), C(0x5a,0xde,0xcd), C(0xf2,0xa2,0x72), C(0x88,0x97,0xf4), C(0xc5,0x74,0xdd), C(0x79,0xe6,0xf3), C(0xfd,0xfd,0xfd), C(0x4e,0x51,0x65), C(0xff,0x49,0x71), C(0x18,0xe3,0xc8), C(0xff,0x80,0x37), C(0x55,0x6f,0xff), C(0xb0,0x43,0xd1), C(0x3f,0xdc,0xee), C(0xbe,0xbe,0xc1)}},
    {"man-page", "Man Page", false,
     C(0xfe,0xf4,0x9c), C(0x00,0x00,0x00), C(0x7f,0x7f,0x7f), C(0xa4,0xc9,0xcd), C(0x00,0x00,0xb2),
     {C(0x00,0x00,0x00), C(0xcc,0x00,0x00), C(0x00,0xa6,0x00), C(0x99,0x99,0x00), C(0x00,0x00,0xb2), C(0xb2,0x00,0xb2), C(0x00,0xa6,0xb2), C(0xb2,0xb2,0xb2), C(0x66,0x66,0x66), C(0xe5,0x00,0x00), C(0x00,0xcc,0x00), C(0xbf,0xbf,0x00), C(0x00,0x00,0xff), C(0xe5,0x00,0xe5), C(0x00,0xcb,0xcb), C(0xe5,0xe5,0xe5)}},
    {"mariana", "Mariana", true,
     C(0x34,0x3d,0x46), C(0xd8,0xde,0xe9), C(0xfc,0xbb,0x6a), C(0x4e,0x5a,0x65), C(0x85,0xad,0xd6),
     {C(0x00,0x00,0x00), C(0xec,0x5f,0x66), C(0x99,0xc7,0x94), C(0xf9,0xae,0x58), C(0x66,0x99,0xcc), C(0xc6,0x95,0xc6), C(0x5f,0xb4,0xb4), C(0xf7,0xf7,0xf7), C(0x66,0x66,0x66), C(0xf9,0x7b,0x58), C(0xac,0xd1,0xa8), C(0xfa,0xc7,0x61), C(0x85,0xad,0xd6), C(0xd8,0xb6,0xd8), C(0x82,0xc4,0xc4), C(0xff,0xff,0xff)}},
    {"matcha-zen", "Matcha Zen", false,
     C(0xf5,0xf7,0xea), C(0x35,0x40,0x29), C(0x4e,0x8c,0x2e), C(0xdd,0xe7,0xcc), C(0x2e,0x7c,0x78),
     {C(0x35,0x40,0x29), C(0xc2,0x45,0x2a), C(0x4e,0x8c,0x2e), C(0x92,0x70,0x00), C(0x2e,0x7c,0x78), C(0x7e,0x5b,0xa6), C(0x2a,0x85,0x85), C(0x56,0x66,0x4a), C(0x97,0xa8,0x87), C(0xc2,0x45,0x2a), C(0x4e,0x8c,0x2e), C(0xb0,0x5a,0x1e), C(0x2e,0x7c,0x78), C(0x7e,0x5b,0xa6), C(0x2a,0x85,0x85), C(0x35,0x40,0x29)}},
    {"material", "Material", false,
     C(0xea,0xea,0xea), C(0x23,0x23,0x22), C(0x16,0xaf,0xca), C(0xc2,0xc2,0xc2), C(0x54,0xa4,0xf3),
     {C(0x21,0x21,0x21), C(0xb7,0x14,0x1f), C(0x45,0x7b,0x24), C(0xf6,0x98,0x1e), C(0x13,0x4e,0xb2), C(0x56,0x00,0x88), C(0x0e,0x71,0x7c), C(0xaf,0xaf,0xaf), C(0x42,0x42,0x42), C(0xe8,0x3b,0x3f), C(0x7a,0xba,0x3a), C(0xbf,0xaa,0x00), C(0x54,0xa4,0xf3), C(0xaa,0x4d,0xbc), C(0x26,0xbb,0xd1), C(0xd9,0xd9,0xd9)}},
    {"material-dark", "Material Dark", true,
     C(0x23,0x23,0x22), C(0xe5,0xe5,0xe5), C(0x16,0xaf,0xca), C(0xdf,0xdf,0xdf), C(0x54,0xa4,0xf3),
     {C(0x21,0x21,0x21), C(0xb7,0x14,0x1f), C(0x45,0x7b,0x24), C(0xf6,0x98,0x1e), C(0x13,0x4e,0xb2), C(0x70,0x1a,0xa2), C(0x0e,0x71,0x7c), C(0xef,0xef,0xef), C(0x4f,0x4f,0x4f), C(0xe8,0x3b,0x3f), C(0x7a,0xba,0x3a), C(0xff,0xea,0x2e), C(0x54,0xa4,0xf3), C(0xaa,0x4d,0xbc), C(0x26,0xbb,0xd1), C(0xd9,0xd9,0xd9)}},
    {"material-darker", "Material Darker", true,
     C(0x21,0x21,0x21), C(0xee,0xff,0xff), C(0xff,0xff,0xff), C(0xee,0xff,0xff), C(0x82,0xaa,0xff),
     {C(0x00,0x00,0x00), C(0xff,0x53,0x70), C(0xc3,0xe8,0x8d), C(0xff,0xcb,0x6b), C(0x82,0xaa,0xff), C(0xc7,0x92,0xea), C(0x89,0xdd,0xff), C(0xff,0xff,0xff), C(0x54,0x54,0x54), C(0xff,0x53,0x70), C(0xc3,0xe8,0x8d), C(0xff,0xcb,0x6b), C(0x82,0xaa,0xff), C(0xc7,0x92,0xea), C(0x89,0xdd,0xff), C(0xff,0xff,0xff)}},
    {"material-design-colors", "Material Design Colors", true,
     C(0x1d,0x26,0x2a), C(0xe7,0xeb,0xed), C(0xea,0xea,0xea), C(0x4e,0x6a,0x78), C(0x70,0xcf,0xff),
     {C(0x43,0x5b,0x67), C(0xfc,0x38,0x41), C(0x5c,0xf1,0x9e), C(0xfe,0xd0,0x32), C(0x37,0xb6,0xff), C(0xfc,0x22,0x6e), C(0x59,0xff,0xd1), C(0xff,0xff,0xff), C(0xa1,0xb0,0xb8), C(0xfc,0x74,0x6d), C(0xad,0xf7,0xbe), C(0xfe,0xe1,0x6c), C(0x70,0xcf,0xff), C(0xfc,0x66,0x9b), C(0x9a,0xff,0xe6), C(0xff,0xff,0xff)}},
    {"material-ocean", "Material Ocean", true,
     C(0x0f,0x11,0x1a), C(0x8f,0x93,0xa2), C(0xff,0xcc,0x00), C(0x1f,0x22,0x33), C(0x82,0xaa,0xff),
     {C(0x54,0x6e,0x7a), C(0xff,0x53,0x70), C(0xc3,0xe8,0x8d), C(0xff,0xcb,0x6b), C(0x82,0xaa,0xff), C(0xc7,0x92,0xea), C(0x89,0xdd,0xff), C(0xff,0xff,0xff), C(0x54,0x6e,0x7a), C(0xff,0x53,0x70), C(0xc3,0xe8,0x8d), C(0xff,0xcb,0x6b), C(0x82,0xaa,0xff), C(0xc7,0x92,0xea), C(0x89,0xdd,0xff), C(0xff,0xff,0xff)}},
    {"mathias", "Mathias", true,
     C(0x00,0x00,0x00), C(0xbb,0xbb,0xbb), C(0xbb,0xbb,0xbb), C(0x55,0x55,0x55), C(0x55,0x55,0xff),
     {C(0x00,0x00,0x00), C(0xe5,0x22,0x22), C(0xa6,0xe3,0x2d), C(0xfc,0x95,0x1e), C(0xc4,0x8d,0xff), C(0xfa,0x25,0x73), C(0x67,0xd9,0xf0), C(0xf2,0xf2,0xf2), C(0x55,0x55,0x55), C(0xff,0x55,0x55), C(0x55,0xff,0x55), C(0xff,0xff,0x55), C(0x55,0x55,0xff), C(0xff,0x55,0xff), C(0x55,0xff,0xff), C(0xff,0xff,0xff)}},
    {"matrix", "Matrix", true,
     C(0x0f,0x19,0x1c), C(0x42,0x66,0x44), C(0x38,0x45,0x45), C(0x18,0x28,0x2e), C(0x4f,0x7e,0x7e),
     {C(0x0f,0x19,0x1c), C(0x23,0x75,0x5a), C(0x82,0xd9,0x67), C(0xff,0xd7,0x00), C(0x3f,0x52,0x42), C(0x40,0x99,0x31), C(0x50,0xb4,0x5a), C(0x50,0x73,0x50), C(0x68,0x80,0x60), C(0x2f,0xc0,0x79), C(0x90,0xd7,0x62), C(0xfa,0xff,0x00), C(0x4f,0x7e,0x7e), C(0x11,0xff,0x25), C(0xc1,0xff,0x8a), C(0x67,0x8c,0x61)}},
    {"matte-black", "Matte Black", true,
     C(0x12,0x12,0x12), C(0xbe,0xbe,0xbe), C(0xea,0xea,0xea), C(0x33,0x33,0x33), C(0xf5,0x9e,0x0b),
     {C(0x33,0x33,0x33), C(0xd3,0x5f,0x5f), C(0xff,0xc1,0x07), C(0xb9,0x1c,0x1c), C(0xe6,0x8e,0x0d), C(0xd3,0x5f,0x5f), C(0xbe,0xbe,0xbe), C(0xbe,0xbe,0xbe), C(0x8a,0x8a,0x8d), C(0x89,0x1c,0x1c), C(0xff,0xc1,0x07), C(0xb9,0x0a,0x0a), C(0xf5,0x9e,0x0b), C(0xb9,0x1c,0x1c), C(0xea,0xea,0xea), C(0xff,0xff,0xff)}},
    {"medallion", "Medallion", true,
     C(0x1d,0x19,0x08), C(0xca,0xc2,0x96), C(0xd3,0xba,0x30), C(0x62,0x6d,0xac), C(0xac,0xb8,0xff),
     {C(0x00,0x00,0x00), C(0xb6,0x4c,0x00), C(0x7c,0x8b,0x16), C(0xd3,0xbd,0x26), C(0x61,0x6b,0xb0), C(0x8c,0x5a,0x90), C(0x91,0x6c,0x25), C(0xca,0xc2,0x9a), C(0x5e,0x52,0x19), C(0xff,0x91,0x49), C(0xb2,0xca,0x3b), C(0xff,0xe5,0x4a), C(0xac,0xb8,0xff), C(0xff,0xa0,0xff), C(0xff,0xbc,0x51), C(0xfe,0xd6,0x98)}},
    {"melange-dark", "Melange Dark", true,
     C(0x29,0x25,0x22), C(0xec,0xe1,0xd7), C(0xec,0xe1,0xd7), C(0xec,0xe1,0xd7), C(0xa3,0xa9,0xce),
     {C(0x34,0x30,0x2c), C(0xbd,0x81,0x83), C(0x78,0x99,0x7a), C(0xe4,0x9b,0x5d), C(0x7f,0x91,0xb2), C(0xb3,0x80,0xb0), C(0x7b,0x96,0x95), C(0xc1,0xa7,0x8e), C(0x86,0x74,0x62), C(0xd4,0x77,0x66), C(0x85,0xb6,0x95), C(0xeb,0xc0,0x6d), C(0xa3,0xa9,0xce), C(0xcf,0x9b,0xc2), C(0x89,0xb3,0xb6), C(0xec,0xe1,0xd7)}},
    {"melange-light", "Melange Light", false,
     C(0xf1,0xf1,0xf1), C(0x54,0x43,0x3a), C(0x54,0x43,0x3a), C(0x54,0x43,0x3a), C(0x46,0x5a,0xa4),
     {C(0xe9,0xe1,0xdb), C(0xc7,0x7b,0x8b), C(0x6e,0x9b,0x72), C(0xbc,0x5c,0x00), C(0x78,0x92,0xbd), C(0xbe,0x79,0xbb), C(0x73,0x97,0x97), C(0x7d,0x66,0x58), C(0xa9,0x8a,0x78), C(0xbf,0x00,0x21), C(0x3a,0x68,0x4a), C(0xa0,0x6d,0x00), C(0x46,0x5a,0xa4), C(0x90,0x41,0x80), C(0x3d,0x65,0x68), C(0x54,0x43,0x3a)}},
    {"mellifluous", "Mellifluous", true,
     C(0x1a,0x1a,0x1a), C(0xda,0xda,0xda), C(0xbf,0xad,0x9e), C(0x2d,0x2d,0x2d), C(0x5a,0x65,0x99),
     {C(0x1a,0x1a,0x1a), C(0xd2,0x93,0x93), C(0xb3,0xb3,0x93), C(0xcb,0xaa,0x89), C(0xa8,0xa1,0xbe), C(0xb3,0x9f,0xb0), C(0xc0,0xaf,0x8c), C(0xda,0xda,0xda), C(0x5b,0x5b,0x5b), C(0xc9,0x59,0x54), C(0x82,0x80,0x40), C(0xa6,0x79,0x4c), C(0x5a,0x65,0x99), C(0x9c,0x69,0x95), C(0x74,0xa3,0x9e), C(0xff,0xff,0xff)}},
    {"mellow", "Mellow", true,
     C(0x16,0x16,0x17), C(0xc9,0xc7,0xcd), C(0xca,0xc9,0xdd), C(0x2a,0x2a,0x2d), C(0xb9,0xae,0xda),
     {C(0x27,0x27,0x2a), C(0xf5,0xa1,0x91), C(0x90,0xb9,0x9f), C(0xe6,0xb9,0x9d), C(0xac,0xa1,0xcf), C(0xe2,0x9e,0xca), C(0xea,0x83,0xa5), C(0xc1,0xc0,0xd4), C(0x42,0x42,0x46), C(0xff,0xae,0x9f), C(0x9d,0xc6,0xac), C(0xf0,0xc5,0xa9), C(0xb9,0xae,0xda), C(0xec,0xaa,0xd6), C(0xf5,0x91,0xb2), C(0xca,0xc9,0xdd)}},
    {"mesila-one", "Mesila One", true,
     C(0x1b,0x1f,0x23), C(0xe9,0xfa,0xe3), C(0x5c,0xc8,0xff), C(0x33,0x41,0x55), C(0xde,0xc1,0xff),
     {C(0x10,0x14,0x18), C(0x93,0x86,0x7f), C(0x5c,0xc8,0xff), C(0xeb,0xb3,0xa9), C(0xde,0xc1,0xff), C(0x7d,0x70,0xba), C(0x5c,0xc8,0xff), C(0xe9,0xfa,0xe3), C(0x7d,0x70,0xba), C(0x93,0x86,0x7f), C(0x5c,0xc8,0xff), C(0xeb,0xb3,0xa9), C(0xde,0xc1,0xff), C(0x7d,0x70,0xba), C(0x5c,0xc8,0xff), C(0xe9,0xfa,0xe3)}},
    {"miami-heat", "Miami Heat", true,
     C(0x12,0x0b,0x2e), C(0xfc,0xe7,0xff), C(0xff,0x2e,0x97), C(0x34,0x21,0x5c), C(0x29,0xb6,0xff),
     {C(0x2a,0x1a,0x4a), C(0xff,0x3d,0x7f), C(0x2e,0xe6,0xb6), C(0xff,0xcb,0x52), C(0x29,0xb6,0xff), C(0xb8,0x6b,0xff), C(0x18,0xe0,0xff), C(0xe6,0xd4,0xff), C(0x5e,0x53,0x88), C(0xff,0x2e,0x97), C(0x2e,0xe6,0xb6), C(0xff,0x78,0x47), C(0x29,0xb6,0xff), C(0xb8,0x6b,0xff), C(0x18,0xe0,0xff), C(0xfc,0xe7,0xff)}},
    {"miasma", "Miasma", true,
     C(0x22,0x22,0x22), C(0xc2,0xc2,0xb0), C(0xc7,0xc7,0xc7), C(0xe5,0xc4,0x7b), C(0x78,0x82,0x4b),
     {C(0x00,0x00,0x00), C(0x68,0x57,0x42), C(0x5f,0x87,0x5f), C(0xb3,0x6d,0x43), C(0x78,0x82,0x4b), C(0xbb,0x77,0x44), C(0xc9,0xa5,0x54), C(0xd7,0xc4,0x83), C(0x66,0x66,0x66), C(0x68,0x57,0x42), C(0x5f,0x87,0x5f), C(0xb3,0x6d,0x43), C(0x78,0x82,0x4b), C(0xbb,0x77,0x44), C(0xc9,0xa5,0x54), C(0xd7,0xc4,0x83)}},
    {"midnight-arcade", "Midnight Arcade", true,
     C(0x0b,0x12,0x20), C(0xf8,0xfa,0xfc), C(0xf8,0xfa,0xfc), C(0xf8,0xfa,0xfc), C(0x80,0xb7,0xfb),
     {C(0x3f,0x45,0x50), C(0xfb,0x71,0x85), C(0x22,0xc5,0x5e), C(0xfb,0xbf,0x24), C(0x60,0xa5,0xfa), C(0xe8,0x79,0xf9), C(0x22,0xd3,0xee), C(0xb6,0xc2,0xd5), C(0x3d,0x44,0x52), C(0xfc,0x8d,0x9d), C(0x4e,0xd1,0x7e), C(0xfc,0xcb,0x4b), C(0x80,0xb7,0xfb), C(0xed,0x94,0xfa), C(0x4e,0xdc,0xf1), C(0xf8,0xfa,0xfc)}},
    {"midnight-in-mojave", "Midnight In Mojave", true,
     C(0x1e,0x1e,0x1e), C(0xff,0xff,0xff), C(0x32,0xd7,0x4b), C(0x4a,0x50,0x4d), C(0x0a,0x84,0xff),
     {C(0x1e,0x1e,0x1e), C(0xff,0x45,0x3a), C(0x32,0xd7,0x4b), C(0xff,0xd6,0x0a), C(0x0a,0x84,0xff), C(0xbf,0x5a,0xf2), C(0x5a,0xc8,0xfa), C(0xff,0xff,0xff), C(0x51,0x51,0x51), C(0xff,0x45,0x3a), C(0x32,0xd7,0x4b), C(0xff,0xd6,0x0a), C(0x0a,0x84,0xff), C(0xbf,0x5a,0xf2), C(0x5a,0xc8,0xfa), C(0xff,0xff,0xff)}},
    {"mirage", "Mirage", true,
     C(0x1b,0x27,0x38), C(0xa6,0xb2,0xc0), C(0xdd,0xb3,0xff), C(0x27,0x39,0x51), C(0x7f,0xb5,0xff),
     {C(0x01,0x16,0x27), C(0xff,0x99,0x99), C(0x85,0xcc,0x95), C(0xff,0xd7,0x00), C(0x7f,0xb5,0xff), C(0xdd,0xb3,0xff), C(0x21,0xc7,0xa8), C(0xff,0xff,0xff), C(0x57,0x56,0x56), C(0xff,0x99,0x99), C(0x85,0xcc,0x95), C(0xff,0xd7,0x00), C(0x7f,0xb5,0xff), C(0xdd,0xb3,0xff), C(0x85,0xcc,0x95), C(0xff,0xff,0xff)}},
    {"misterioso", "Misterioso", true,
     C(0x2d,0x37,0x43), C(0xe1,0xe1,0xe0), C(0x66,0x66,0x66), C(0x2d,0x37,0xff), C(0x23,0xd7,0xd7),
     {C(0x00,0x00,0x00), C(0xff,0x42,0x42), C(0x74,0xaf,0x68), C(0xff,0xad,0x29), C(0x33,0x8f,0x86), C(0x94,0x14,0xe6), C(0x23,0xd7,0xd7), C(0xe1,0xe1,0xe0), C(0x62,0x62,0x62), C(0xff,0x32,0x42), C(0x74,0xcd,0x68), C(0xff,0xb9,0x29), C(0x23,0xd7,0xd7), C(0xff,0x37,0xff), C(0x00,0xed,0xe1), C(0xff,0xff,0xff)}},
    {"modus-operandi", "Modus Operandi", false,
     C(0xff,0xff,0xff), C(0x00,0x00,0x00), C(0x00,0x00,0x00), C(0xbd,0xbd,0xbd), C(0x35,0x48,0xcf),
     {C(0x00,0x00,0x00), C(0xa6,0x00,0x00), C(0x00,0x68,0x00), C(0x6f,0x55,0x00), C(0x00,0x31,0xa9), C(0x72,0x10,0x45), C(0x00,0x5e,0x8b), C(0xa6,0xa6,0xa6), C(0x59,0x59,0x59), C(0x97,0x25,0x00), C(0x00,0x66,0x3f), C(0x88,0x49,0x00), C(0x35,0x48,0xcf), C(0x53,0x1a,0xb6), C(0x00,0x5f,0x5f), C(0x59,0x59,0x59)}},
    {"modus-operandi-deuteranopia", "Modus Operandi Deuteranopia", false,
     C(0xff,0xff,0xff), C(0x00,0x00,0x00), C(0x00,0x00,0x00), C(0xbd,0xbd,0xbd), C(0x35,0x48,0xcf),
     {C(0x00,0x00,0x00), C(0xa6,0x00,0x00), C(0x00,0x68,0x00), C(0x69,0x55,0x00), C(0x00,0x31,0xa9), C(0x72,0x10,0x45), C(0x00,0x5e,0x8b), C(0xa6,0xa6,0xa6), C(0x59,0x59,0x59), C(0x97,0x25,0x00), C(0x00,0x66,0x3f), C(0x97,0x33,0x00), C(0x35,0x48,0xcf), C(0x53,0x1a,0xb6), C(0x00,0x5f,0x5f), C(0x59,0x59,0x59)}},
    {"modus-operandi-tinted", "Modus Operandi Tinted", false,
     C(0xfb,0xf7,0xf0), C(0x00,0x00,0x00), C(0xd0,0x00,0x00), C(0xc2,0xbc,0xb5), C(0x35,0x48,0xcf),
     {C(0x00,0x00,0x00), C(0xa6,0x00,0x00), C(0x00,0x68,0x00), C(0x6f,0x55,0x00), C(0x00,0x31,0xa9), C(0x72,0x10,0x45), C(0x00,0x5e,0x8b), C(0xa6,0xa6,0xa6), C(0x59,0x59,0x59), C(0x97,0x25,0x00), C(0x00,0x66,0x3f), C(0x88,0x49,0x00), C(0x35,0x48,0xcf), C(0x53,0x1a,0xb6), C(0x00,0x5f,0x5f), C(0x59,0x59,0x59)}},
    {"modus-operandi-tritanopia", "Modus Operandi Tritanopia", false,
     C(0xff,0xff,0xff), C(0x00,0x00,0x00), C(0x00,0x00,0x00), C(0xbd,0xbd,0xbd), C(0x35,0x48,0xcf),
     {C(0x00,0x00,0x00), C(0xa6,0x00,0x00), C(0x00,0x68,0x00), C(0x69,0x55,0x00), C(0x00,0x31,0xa9), C(0x72,0x10,0x45), C(0x00,0x5e,0x8b), C(0xa6,0xa6,0xa6), C(0x59,0x59,0x59), C(0xb2,0x11,0x00), C(0x00,0x66,0x3f), C(0x97,0x33,0x00), C(0x35,0x48,0xcf), C(0x53,0x1a,0xb6), C(0x00,0x5f,0x5f), C(0x59,0x59,0x59)}},
    {"modus-vivendi", "Modus Vivendi", true,
     C(0x00,0x00,0x00), C(0xff,0xff,0xff), C(0xff,0xff,0xff), C(0x5a,0x5a,0x5a), C(0x79,0xa8,0xff),
     {C(0x00,0x00,0x00), C(0xff,0x5f,0x59), C(0x44,0xbc,0x44), C(0xd0,0xbc,0x00), C(0x2f,0xaf,0xff), C(0xfe,0xac,0xd0), C(0x00,0xd3,0xd0), C(0xa6,0xa6,0xa6), C(0x59,0x59,0x59), C(0xff,0x7f,0x9f), C(0x00,0xc0,0x6f), C(0xfe,0xc4,0x3f), C(0x79,0xa8,0xff), C(0xb6,0xa0,0xff), C(0x6a,0xe4,0xb9), C(0xff,0xff,0xff)}},
    {"modus-vivendi-deuteranopia", "Modus Vivendi Deuteranopia", true,
     C(0x00,0x00,0x00), C(0xff,0xff,0xff), C(0xff,0xff,0xff), C(0x5a,0x5a,0x5a), C(0x79,0xa8,0xff),
     {C(0x00,0x00,0x00), C(0xff,0x5f,0x59), C(0x44,0xbc,0x44), C(0xca,0xbf,0x00), C(0x2f,0xaf,0xff), C(0xfe,0xac,0xd0), C(0x00,0xd3,0xd0), C(0xa6,0xa6,0xa6), C(0x59,0x59,0x59), C(0xff,0x7f,0x9f), C(0x00,0xc0,0x6f), C(0xff,0xa0,0x0f), C(0x79,0xa8,0xff), C(0xb6,0xa0,0xff), C(0x6a,0xe4,0xb9), C(0xff,0xff,0xff)}},
    {"modus-vivendi-tinted", "Modus Vivendi Tinted", true,
     C(0x0d,0x0e,0x1c), C(0xff,0xff,0xff), C(0xff,0x66,0xff), C(0x55,0x5a,0x66), C(0x79,0xa8,0xff),
     {C(0x0d,0x0e,0x1c), C(0xff,0x5f,0x59), C(0x44,0xbc,0x44), C(0xd0,0xbc,0x00), C(0x2f,0xaf,0xff), C(0xfe,0xac,0xd0), C(0x00,0xd3,0xd0), C(0xa6,0xa6,0xa6), C(0x59,0x59,0x59), C(0xff,0x6b,0x55), C(0x00,0xc0,0x6f), C(0xfe,0xc4,0x3f), C(0x79,0xa8,0xff), C(0xb6,0xa0,0xff), C(0x6a,0xe4,0xb9), C(0xff,0xff,0xff)}},
    {"modus-vivendi-tritanopia", "Modus Vivendi Tritanopia", true,
     C(0x00,0x00,0x00), C(0xff,0xff,0xff), C(0xff,0xff,0xff), C(0x5a,0x5a,0x5a), C(0x79,0xa8,0xff),
     {C(0x00,0x00,0x00), C(0xff,0x5f,0x59), C(0x44,0xbc,0x44), C(0xca,0xbf,0x00), C(0x2f,0xaf,0xff), C(0xfe,0xac,0xd0), C(0x00,0xd3,0xd0), C(0xa6,0xa6,0xa6), C(0x59,0x59,0x59), C(0xff,0x67,0x40), C(0x00,0xc0,0x6f), C(0xff,0xa0,0x0f), C(0x79,0xa8,0xff), C(0xb6,0xa0,0xff), C(0x6a,0xe4,0xb9), C(0xff,0xff,0xff)}},
    {"molokai", "Molokai", true,
     C(0x12,0x12,0x12), C(0xbb,0xbb,0xbb), C(0xbb,0xbb,0xbb), C(0xb5,0xd5,0xff), C(0x00,0xaf,0xff),
     {C(0x12,0x12,0x12), C(0xfa,0x25,0x73), C(0x98,0xe1,0x23), C(0xdf,0xd4,0x60), C(0x10,0x80,0xd0), C(0x87,0x00,0xff), C(0x43,0xa8,0xd0), C(0xbb,0xbb,0xbb), C(0x55,0x55,0x55), C(0xf6,0x66,0x9d), C(0xb1,0xe0,0x5f), C(0xff,0xf2,0x6d), C(0x00,0xaf,0xff), C(0xaf,0x87,0xff), C(0x51,0xce,0xff), C(0xff,0xff,0xff)}},
    {"mona-lisa", "Mona Lisa", true,
     C(0x12,0x0b,0x0d), C(0xf7,0xd6,0x6a), C(0xc4,0x6c,0x32), C(0xf7,0xd6,0x6a), C(0x9e,0xb2,0xb4),
     {C(0x35,0x1b,0x0e), C(0x9b,0x29,0x1c), C(0x63,0x62,0x32), C(0xc3,0x6e,0x28), C(0x51,0x5c,0x5d), C(0x9b,0x1d,0x29), C(0x58,0x80,0x56), C(0xf7,0xd7,0x5c), C(0x87,0x42,0x28), C(0xff,0x43,0x31), C(0xb4,0xb2,0x64), C(0xff,0x95,0x66), C(0x9e,0xb2,0xb4), C(0xff,0x5b,0x6a), C(0x8a,0xcd,0x8f), C(0xff,0xe5,0x98)}},
    {"monokai-classic", "Monokai Classic", true,
     C(0x27,0x28,0x22), C(0xfd,0xff,0xf1), C(0xc0,0xc1,0xb5), C(0x57,0x58,0x4f), C(0xfd,0x97,0x1f),
     {C(0x27,0x28,0x22), C(0xf9,0x26,0x72), C(0xa6,0xe2,0x2e), C(0xe6,0xdb,0x74), C(0xfd,0x97,0x1f), C(0xae,0x81,0xff), C(0x66,0xd9,0xef), C(0xfd,0xff,0xf1), C(0x6e,0x70,0x66), C(0xf9,0x26,0x72), C(0xa6,0xe2,0x2e), C(0xe6,0xdb,0x74), C(0xfd,0x97,0x1f), C(0xae,0x81,0xff), C(0x66,0xd9,0xef), C(0xfd,0xff,0xf1)}},
    {"monokai-pro", "Monokai Pro", true,
     C(0x2d,0x2a,0x2e), C(0xfc,0xfc,0xfa), C(0xc1,0xc0,0xc0), C(0x5b,0x59,0x5c), C(0xfc,0x98,0x67),
     {C(0x2d,0x2a,0x2e), C(0xff,0x61,0x88), C(0xa9,0xdc,0x76), C(0xff,0xd8,0x66), C(0xfc,0x98,0x67), C(0xab,0x9d,0xf2), C(0x78,0xdc,0xe8), C(0xfc,0xfc,0xfa), C(0x72,0x70,0x72), C(0xff,0x61,0x88), C(0xa9,0xdc,0x76), C(0xff,0xd8,0x66), C(0xfc,0x98,0x67), C(0xab,0x9d,0xf2), C(0x78,0xdc,0xe8), C(0xfc,0xfc,0xfa)}},
    {"monokai-pro-light", "Monokai Pro Light", false,
     C(0xfa,0xf4,0xf2), C(0x29,0x24,0x2a), C(0x70,0x6b,0x6e), C(0xbf,0xb9,0xba), C(0xe1,0x60,0x32),
     {C(0xfa,0xf4,0xf2), C(0xe1,0x47,0x75), C(0x26,0x9d,0x69), C(0xcc,0x7a,0x0a), C(0xe1,0x60,0x32), C(0x70,0x58,0xbe), C(0x1c,0x8c,0xa8), C(0x29,0x24,0x2a), C(0xa5,0x9f,0xa0), C(0xe1,0x47,0x75), C(0x26,0x9d,0x69), C(0xcc,0x7a,0x0a), C(0xe1,0x60,0x32), C(0x70,0x58,0xbe), C(0x1c,0x8c,0xa8), C(0x29,0x24,0x2a)}},
    {"monokai-pro-light-sun", "Monokai Pro Light Sun", false,
     C(0xf8,0xef,0xe7), C(0x2c,0x23,0x2e), C(0x72,0x69,0x6d), C(0xbe,0xb5,0xb3), C(0xd4,0x57,0x2b),
     {C(0xf8,0xef,0xe7), C(0xce,0x47,0x70), C(0x21,0x88,0x71), C(0xb1,0x68,0x03), C(0xd4,0x57,0x2b), C(0x68,0x51,0xa2), C(0x24,0x73,0xb6), C(0x2c,0x23,0x2e), C(0xa5,0x9c,0x9c), C(0xce,0x47,0x70), C(0x21,0x88,0x71), C(0xb1,0x68,0x03), C(0xd4,0x57,0x2b), C(0x68,0x51,0xa2), C(0x24,0x73,0xb6), C(0x2c,0x23,0x2e)}},
    {"monokai-pro-machine", "Monokai Pro Machine", true,
     C(0x27,0x31,0x36), C(0xf2,0xff,0xfc), C(0xb8,0xc4,0xc3), C(0x54,0x5f,0x62), C(0xff,0xb2,0x70),
     {C(0x27,0x31,0x36), C(0xff,0x6d,0x7e), C(0xa2,0xe5,0x7b), C(0xff,0xed,0x72), C(0xff,0xb2,0x70), C(0xba,0xa0,0xf8), C(0x7c,0xd5,0xf1), C(0xf2,0xff,0xfc), C(0x6b,0x76,0x78), C(0xff,0x6d,0x7e), C(0xa2,0xe5,0x7b), C(0xff,0xed,0x72), C(0xff,0xb2,0x70), C(0xba,0xa0,0xf8), C(0x7c,0xd5,0xf1), C(0xf2,0xff,0xfc)}},
    {"monokai-pro-octagon", "Monokai Pro Octagon", true,
     C(0x28,0x2a,0x3a), C(0xea,0xf2,0xf1), C(0xb2,0xb9,0xbd), C(0x53,0x57,0x63), C(0xff,0x9b,0x5e),
     {C(0x28,0x2a,0x3a), C(0xff,0x65,0x7a), C(0xba,0xd7,0x61), C(0xff,0xd7,0x6d), C(0xff,0x9b,0x5e), C(0xc3,0x9a,0xc9), C(0x9c,0xd1,0xbb), C(0xea,0xf2,0xf1), C(0x69,0x6d,0x77), C(0xff,0x65,0x7a), C(0xba,0xd7,0x61), C(0xff,0xd7,0x6d), C(0xff,0x9b,0x5e), C(0xc3,0x9a,0xc9), C(0x9c,0xd1,0xbb), C(0xea,0xf2,0xf1)}},
    {"monokai-pro-ristretto", "Monokai Pro Ristretto", true,
     C(0x2c,0x25,0x25), C(0xff,0xf1,0xf3), C(0xc3,0xb7,0xb8), C(0x5b,0x53,0x53), C(0xf3,0x8d,0x70),
     {C(0x2c,0x25,0x25), C(0xfd,0x68,0x83), C(0xad,0xda,0x78), C(0xf9,0xcc,0x6c), C(0xf3,0x8d,0x70), C(0xa8,0xa9,0xeb), C(0x85,0xda,0xcc), C(0xff,0xf1,0xf3), C(0x72,0x69,0x6a), C(0xfd,0x68,0x83), C(0xad,0xda,0x78), C(0xf9,0xcc,0x6c), C(0xf3,0x8d,0x70), C(0xa8,0xa9,0xeb), C(0x85,0xda,0xcc), C(0xff,0xf1,0xf3)}},
    {"monokai-pro-spectrum", "Monokai Pro Spectrum", true,
     C(0x22,0x22,0x22), C(0xf7,0xf1,0xff), C(0xba,0xb6,0xc0), C(0x52,0x50,0x53), C(0xfd,0x93,0x53),
     {C(0x22,0x22,0x22), C(0xfc,0x61,0x8d), C(0x7b,0xd8,0x8f), C(0xfc,0xe5,0x66), C(0xfd,0x93,0x53), C(0x94,0x8a,0xe3), C(0x5a,0xd4,0xe6), C(0xf7,0xf1,0xff), C(0x69,0x67,0x6c), C(0xfc,0x61,0x8d), C(0x7b,0xd8,0x8f), C(0xfc,0xe5,0x66), C(0xfd,0x93,0x53), C(0x94,0x8a,0xe3), C(0x5a,0xd4,0xe6), C(0xf7,0xf1,0xff)}},
    {"monokai-remastered", "Monokai Remastered", true,
     C(0x0c,0x0c,0x0c), C(0xd9,0xd9,0xd9), C(0xfc,0x97,0x1f), C(0x34,0x34,0x34), C(0x9d,0x65,0xff),
     {C(0x1a,0x1a,0x1a), C(0xf4,0x00,0x5f), C(0x98,0xe0,0x24), C(0xfd,0x97,0x1f), C(0x9d,0x65,0xff), C(0xf4,0x00,0x5f), C(0x58,0xd1,0xeb), C(0xc4,0xc5,0xb5), C(0x62,0x5e,0x4c), C(0xf4,0x00,0x5f), C(0x98,0xe0,0x24), C(0xe0,0xd5,0x61), C(0x9d,0x65,0xff), C(0xf4,0x00,0x5f), C(0x58,0xd1,0xeb), C(0xf6,0xf6,0xef)}},
    {"monokai-soda", "Monokai Soda", true,
     C(0x1a,0x1a,0x1a), C(0xc4,0xc5,0xb5), C(0xf6,0xf7,0xec), C(0x34,0x34,0x34), C(0x9d,0x65,0xff),
     {C(0x1a,0x1a,0x1a), C(0xf4,0x00,0x5f), C(0x98,0xe0,0x24), C(0xfa,0x84,0x19), C(0x9d,0x65,0xff), C(0xf4,0x00,0x5f), C(0x58,0xd1,0xeb), C(0xc4,0xc5,0xb5), C(0x62,0x5e,0x4c), C(0xf4,0x00,0x5f), C(0x98,0xe0,0x24), C(0xe0,0xd5,0x61), C(0x9d,0x65,0xff), C(0xf4,0x00,0x5f), C(0x58,0xd1,0xeb), C(0xf6,0xf6,0xef)}},
    {"monokai-sublimetext", "Monokai SublimeText", true,
     C(0x27,0x28,0x22), C(0xf8,0xf8,0xf2), C(0xf8,0xf8,0xf0), C(0x49,0x48,0x3e), C(0x81,0x9a,0xff),
     {C(0x33,0x33,0x33), C(0xc4,0x26,0x5e), C(0x86,0xb4,0x2b), C(0xb3,0xb4,0x2b), C(0x6a,0x7e,0xc8), C(0x8c,0x6b,0xc8), C(0x56,0xad,0xbc), C(0xe3,0xe3,0xdd), C(0x66,0x66,0x66), C(0xf9,0x26,0x72), C(0xa6,0xe2,0x2e), C(0xe2,0xe2,0x2e), C(0x81,0x9a,0xff), C(0xae,0x81,0xff), C(0x66,0xd9,0xef), C(0xf8,0xf8,0xf2)}},
    {"monokai-vivid", "Monokai Vivid", true,
     C(0x12,0x12,0x12), C(0xf9,0xf9,0xf9), C(0xfb,0x00,0x07), C(0xff,0xff,0xff), C(0x04,0x43,0xff),
     {C(0x12,0x12,0x12), C(0xfa,0x29,0x34), C(0x98,0xe1,0x23), C(0xff,0xf3,0x0a), C(0x04,0x43,0xff), C(0xf8,0x00,0xf8), C(0x01,0xb6,0xed), C(0xff,0xff,0xff), C(0x83,0x83,0x83), C(0xf6,0x66,0x9d), C(0xb1,0xe0,0x5f), C(0xff,0xf2,0x6d), C(0x04,0x43,0xff), C(0xf2,0x00,0xf6), C(0x51,0xce,0xff), C(0xff,0xff,0xff)}},
    {"monospace-dark", "Monospace Dark", true,
     C(0x10,0x15,0x1d), C(0xa4,0xaf,0xbd), C(0xc8,0xaa,0xff), C(0x26,0x4d,0xcb), C(0xa2,0xb6,0xff),
     {C(0x73,0x82,0x95), C(0xf7,0x67,0x69), C(0x17,0xb8,0x77), C(0xff,0xa2,0x3e), C(0x70,0x8f,0xff), C(0xa8,0x7f,0xfb), C(0x25,0xa6,0xe9), C(0xa4,0xaf,0xbd), C(0x8b,0x98,0xa9), C(0xfc,0x8f,0x8e), C(0x66,0xce,0x98), C(0xff,0xc2,0x6e), C(0xa2,0xb6,0xff), C(0xc8,0xaa,0xff), C(0x71,0xc2,0xee), C(0xfa,0xfb,0xfe)}},
    {"monospace-light", "Monospace Light", false,
     C(0xf4,0xf7,0xfd), C(0x47,0x53,0x65), C(0x6f,0x4c,0xde), C(0xc7,0xd3,0xff), C(0x3c,0x60,0xdd),
     {C(0x33,0x3e,0x4f), C(0xd0,0x39,0x41), C(0x00,0x7b,0x49), C(0xa6,0x59,0x21), C(0x3c,0x60,0xdd), C(0x6f,0x4c,0xde), C(0x00,0x75,0xa2), C(0x5d,0x6a,0x7d), C(0x00,0x00,0x00), C(0xa5,0x24,0x30), C(0x00,0x52,0x2f), C(0x90,0x4b,0x1a), C(0x00,0x24,0x87), C(0x4d,0x21,0xbb), C(0x00,0x60,0x7e), C(0x47,0x53,0x65)}},
    {"moonfly", "Moonfly", true,
     C(0x08,0x08,0x08), C(0xbd,0xbd,0xbd), C(0x9e,0x9e,0x9e), C(0xb2,0xce,0xee), C(0x74,0xb2,0xff),
     {C(0x32,0x34,0x37), C(0xff,0x54,0x54), C(0x8c,0xc8,0x5f), C(0xe3,0xc7,0x8a), C(0x80,0xa0,0xff), C(0xcf,0x87,0xe8), C(0x79,0xda,0xc8), C(0xc6,0xc6,0xc6), C(0x94,0x94,0x94), C(0xff,0x51,0x89), C(0x36,0xc6,0x92), C(0xc6,0xc6,0x84), C(0x74,0xb2,0xff), C(0xae,0x81,0xff), C(0x85,0xdc,0x85), C(0xe4,0xe4,0xe4)}},
    {"moonwalk", "Moonwalk", false,
     C(0xe4,0xe2,0xe0), C(0x06,0x1f,0x4a), C(0x06,0x1f,0x4a), C(0xb8,0xd2,0xe5), C(0x0d,0x50,0xc5),
     {C(0x08,0x08,0x08), C(0x7a,0x00,0x47), C(0x14,0x5b,0x0e), C(0x73,0x3a,0x11), C(0x00,0x2f,0xa7), C(0x54,0x00,0xa8), C(0x00,0x56,0x6b), C(0x9c,0x95,0x8d), C(0x49,0x44,0x40), C(0xaf,0x16,0x08), C(0x4c,0x61,0x29), C(0x7a,0x50,0x00), C(0x0d,0x50,0xc5), C(0x95,0x21,0x97), C(0x00,0x60,0x92), C(0xff,0xff,0xff)}},
    {"n0tch2k", "N0Tch2K", true,
     C(0x22,0x22,0x22), C(0xa0,0xa0,0xa0), C(0xaa,0x91,0x75), C(0x4d,0x4d,0x4d), C(0x98,0xbd,0x5e),
     {C(0x38,0x38,0x38), C(0xa9,0x55,0x51), C(0x66,0x66,0x66), C(0xa9,0x80,0x51), C(0x65,0x7d,0x3e), C(0x76,0x76,0x76), C(0xc9,0xc9,0xc9), C(0xd0,0xb8,0xa3), C(0x54,0x54,0x54), C(0xa9,0x77,0x75), C(0x8c,0x8c,0x8c), C(0xa9,0x91,0x75), C(0x98,0xbd,0x5e), C(0xa3,0xa3,0xa3), C(0xdc,0xdc,0xdc), C(0xd8,0xc8,0xbb)}},
    {"nebula-drift", "Nebula Drift", true,
     C(0x0a,0x04,0x20), C(0xe2,0xe0,0xfa), C(0xd5,0x8b,0xff), C(0x22,0x16,0x45), C(0x7c,0x9b,0xff),
     {C(0x1a,0x0e,0x38), C(0xff,0x5c,0x8d), C(0x66,0xe6,0xa8), C(0xff,0xcb,0x6b), C(0x7c,0x9b,0xff), C(0xc7,0x7d,0xff), C(0x57,0xe6,0xf0), C(0xc8,0xc6,0xe8), C(0x5c,0x5a,0x88), C(0xff,0x5c,0x8d), C(0x66,0xe6,0xa8), C(0xff,0x9e,0x64), C(0x7c,0x9b,0xff), C(0xc7,0x7d,0xff), C(0x57,0xe6,0xf0), C(0xe2,0xe0,0xfa)}},
    {"neobones-dark", "Neobones Dark", true,
     C(0x0f,0x19,0x1f), C(0xc6,0xd5,0xcf), C(0xce,0xdd,0xd7), C(0x3a,0x3e,0x3d), C(0x92,0xa0,0xe2),
     {C(0x0f,0x19,0x1f), C(0xde,0x6e,0x7c), C(0x90,0xff,0x6b), C(0xb7,0x7e,0x64), C(0x81,0x90,0xd4), C(0xb2,0x79,0xa7), C(0x66,0xa5,0xad), C(0xc6,0xd5,0xcf), C(0x33,0x46,0x52), C(0xe8,0x83,0x8f), C(0xa0,0xff,0x85), C(0xd6,0x8c,0x67), C(0x92,0xa0,0xe2), C(0xcf,0x86,0xc1), C(0x65,0xb8,0xc1), C(0x98,0xa3,0x9e)}},
    {"neobones-light", "Neobones Light", false,
     C(0xe5,0xed,0xe6), C(0x20,0x2e,0x18), C(0x20,0x2e,0x18), C(0xad,0xe4,0x8c), C(0x1d,0x55,0x73),
     {C(0xe5,0xed,0xe6), C(0xa8,0x33,0x4c), C(0x56,0x7a,0x30), C(0x94,0x49,0x27), C(0x28,0x64,0x86), C(0x88,0x50,0x7d), C(0x3b,0x89,0x92), C(0x20,0x2e,0x18), C(0x99,0xac,0x9c), C(0x94,0x25,0x3e), C(0x3f,0x5a,0x22), C(0x80,0x3d,0x1c), C(0x1d,0x55,0x73), C(0x7b,0x3b,0x70), C(0x2b,0x74,0x7c), C(0x41,0x59,0x34)}},
    {"neon", "Neon", true,
     C(0x14,0x16,0x1a), C(0x00,0xff,0xfc), C(0xc7,0xc7,0xc7), C(0x00,0x13,0xff), C(0x3c,0x40,0xcb),
     {C(0x00,0x00,0x00), C(0xff,0x30,0x45), C(0x5f,0xfa,0x74), C(0xff,0xfc,0x7e), C(0x0f,0x15,0xd8), C(0xf9,0x24,0xe7), C(0x00,0xff,0xfc), C(0xc7,0xc7,0xc7), C(0x68,0x68,0x68), C(0xff,0x5a,0x5a), C(0x75,0xff,0x88), C(0xff,0xfd,0x96), C(0x3c,0x40,0xcb), C(0xf1,0x5b,0xe5), C(0x88,0xff,0xfe), C(0xff,0xff,0xff)}},
    {"neon-purple", "Neon Purple", true,
     C(0x29,0x1b,0x47), C(0xe5,0xe5,0xe5), C(0x21,0xf6,0xbc), C(0xc1,0xde,0xff), C(0x1b,0xcc,0xfd),
     {C(0x00,0x00,0x00), C(0xcd,0x0d,0x76), C(0x03,0xeb,0xa5), C(0xff,0xfa,0x6a), C(0x00,0xbf,0xff), C(0xff,0x00,0xe0), C(0x9a,0xa5,0xed), C(0xff,0xff,0xff), C(0xa8,0xfc,0xff), C(0xff,0x0d,0xa5), C(0x00,0xff,0xb6), C(0xff,0xf7,0x87), C(0x1b,0xcc,0xfd), C(0xff,0x00,0xf8), C(0xa6,0xb6,0xff), C(0xff,0xff,0xff)}},
    {"neopolitan", "Neopolitan", true,
     C(0x27,0x1f,0x19), C(0xff,0xff,0xff), C(0xff,0xff,0xff), C(0x25,0x3b,0x76), C(0x32,0x48,0x83),
     {C(0x00,0x00,0x00), C(0x9a,0x1a,0x1a), C(0x61,0xce,0x3c), C(0xfb,0xde,0x2d), C(0x32,0x48,0x83), C(0xff,0x00,0x80), C(0x8d,0xa6,0xce), C(0xf8,0xf8,0xf8), C(0x4c,0x4c,0x4c), C(0x9a,0x1a,0x1a), C(0x61,0xce,0x3c), C(0xfb,0xde,0x2d), C(0x32,0x48,0x83), C(0xff,0x00,0x80), C(0x8d,0xa6,0xce), C(0xf8,0xf8,0xf8)}},
    {"neutron", "Neutron", true,
     C(0x1c,0x1e,0x22), C(0xe6,0xe8,0xef), C(0xf6,0xf7,0xec), C(0x2f,0x36,0x3e), C(0x6a,0x7c,0x93),
     {C(0x23,0x25,0x2b), C(0xb5,0x40,0x36), C(0x5a,0xb9,0x77), C(0xde,0xb5,0x66), C(0x6a,0x7c,0x93), C(0xa4,0x79,0x9d), C(0x3f,0x94,0xa8), C(0xe6,0xe8,0xef), C(0x49,0x4b,0x51), C(0xb5,0x40,0x36), C(0x5a,0xb9,0x77), C(0xde,0xb5,0x66), C(0x6a,0x7c,0x93), C(0xa4,0x79,0x9d), C(0x3f,0x94,0xa8), C(0xeb,0xed,0xf2)}},
    {"night-lion-v1", "Night Lion V1", true,
     C(0x00,0x00,0x00), C(0xbb,0xbb,0xbb), C(0xbb,0xbb,0xbb), C(0xb5,0xd5,0xff), C(0x55,0x55,0xff),
     {C(0x4c,0x4c,0x4c), C(0xbb,0x00,0x00), C(0x5f,0xde,0x8f), C(0xf3,0xf1,0x67), C(0x27,0x6b,0xd8), C(0xbb,0x00,0xbb), C(0x00,0xda,0xdf), C(0xbb,0xbb,0xbb), C(0x55,0x55,0x55), C(0xff,0x55,0x55), C(0x55,0xff,0x55), C(0xff,0xff,0x55), C(0x55,0x55,0xff), C(0xff,0x55,0xff), C(0x55,0xff,0xff), C(0xff,0xff,0xff)}},
    {"night-lion-v2", "Night Lion V2", true,
     C(0x17,0x17,0x17), C(0xbb,0xbb,0xbb), C(0xbb,0xbb,0xbb), C(0xb5,0xd5,0xff), C(0x62,0xcb,0xe8),
     {C(0x4c,0x4c,0x4c), C(0xbb,0x00,0x00), C(0x04,0xf6,0x23), C(0xf3,0xf1,0x67), C(0x64,0xd0,0xf0), C(0xce,0x6f,0xdb), C(0x00,0xda,0xdf), C(0xbb,0xbb,0xbb), C(0x55,0x55,0x55), C(0xff,0x55,0x55), C(0x7d,0xf7,0x1d), C(0xff,0xff,0x55), C(0x62,0xcb,0xe8), C(0xff,0x9b,0xf5), C(0x00,0xcc,0xd8), C(0xff,0xff,0xff)}},
    {"night-owl", "Night Owl", true,
     C(0x01,0x16,0x27), C(0xd6,0xde,0xeb), C(0x7e,0x57,0xc2), C(0x5f,0x7e,0x97), C(0x82,0xaa,0xff),
     {C(0x01,0x16,0x27), C(0xef,0x53,0x50), C(0x22,0xda,0x6e), C(0xad,0xdb,0x67), C(0x82,0xaa,0xff), C(0xc7,0x92,0xea), C(0x21,0xc7,0xa8), C(0xff,0xff,0xff), C(0x57,0x56,0x56), C(0xef,0x53,0x50), C(0x22,0xda,0x6e), C(0xff,0xeb,0x95), C(0x82,0xaa,0xff), C(0xc7,0x92,0xea), C(0x7f,0xdb,0xca), C(0xff,0xff,0xff)}},
    {"night-owlish-light", "Night Owlish Light", false,
     C(0xff,0xff,0xff), C(0x40,0x3f,0x53), C(0x40,0x3f,0x53), C(0xf2,0xf2,0xf2), C(0x5c,0xa7,0xe4),
     {C(0x01,0x16,0x27), C(0xd3,0x42,0x3e), C(0x2a,0xa2,0x98), C(0xda,0xaa,0x01), C(0x48,0x76,0xd6), C(0x40,0x3f,0x53), C(0x08,0x91,0x6a), C(0x7a,0x81,0x81), C(0x7a,0x81,0x81), C(0xf7,0x6e,0x6e), C(0x49,0xd0,0xc5), C(0xda,0xc2,0x6b), C(0x5c,0xa7,0xe4), C(0x69,0x70,0x98), C(0x00,0xc9,0x90), C(0x98,0x9f,0xb1)}},
    {"nightfox", "Nightfox", true,
     C(0x19,0x23,0x30), C(0xcd,0xce,0xcf), C(0xcd,0xce,0xcf), C(0x2b,0x3b,0x51), C(0x86,0xab,0xdc),
     {C(0x39,0x3b,0x44), C(0xc9,0x4f,0x6d), C(0x81,0xb2,0x9a), C(0xdb,0xc0,0x74), C(0x71,0x9c,0xd6), C(0x9d,0x79,0xd6), C(0x63,0xcd,0xcf), C(0xdf,0xdf,0xe0), C(0x57,0x58,0x60), C(0xd1,0x69,0x83), C(0x8e,0xba,0xa4), C(0xe0,0xc9,0x89), C(0x86,0xab,0xdc), C(0xba,0xa1,0xe2), C(0x7a,0xd5,0xd6), C(0xe4,0xe4,0xe5)}},
    {"niji", "Niji", true,
     C(0x14,0x15,0x15), C(0xff,0xff,0xff), C(0xff,0xc6,0x63), C(0x51,0x51,0x51), C(0x8e,0xff,0xf3),
     {C(0x33,0x33,0x33), C(0xd2,0x3e,0x08), C(0x54,0xca,0x74), C(0xff,0xf7,0x00), C(0x2a,0xb9,0xff), C(0xff,0x50,0xda), C(0x1e,0xf9,0xf5), C(0xdd,0xd0,0xc4), C(0x51,0x51,0x51), C(0xff,0xb7,0xb7), C(0xc1,0xff,0xae), C(0xfc,0xff,0xb8), C(0x8e,0xff,0xf3), C(0xff,0xa2,0xed), C(0xbc,0xff,0xc7), C(0xff,0xff,0xff)}},
    {"no-clown-fiesta", "No Clown Fiesta", true,
     C(0x10,0x10,0x10), C(0xe0,0xe1,0xe4), C(0xe0,0xe1,0xe4), C(0x69,0x6d,0x79), C(0xba,0xd7,0xff),
     {C(0x15,0x15,0x15), C(0xb4,0x69,0x58), C(0x90,0xa9,0x59), C(0xf4,0xbf,0x75), C(0xba,0xd7,0xff), C(0xaa,0x75,0x9f), C(0x88,0xaf,0xa2), C(0xe1,0xe1,0xe1), C(0x72,0x72,0x72), C(0x7e,0x97,0xab), C(0x90,0xa9,0x59), C(0xf4,0xbf,0x75), C(0xba,0xd7,0xff), C(0xaa,0x75,0x9f), C(0x88,0xaf,0xa2), C(0xaf,0xaf,0xaf)}},
    {"no-clown-fiesta-light", "No Clown Fiesta Light", false,
     C(0xe1,0xe1,0xe1), C(0x15,0x15,0x15), C(0x15,0x15,0x15), C(0xc6,0xd5,0xde), C(0x93,0xa2,0xab),
     {C(0xd6,0xd6,0xd6), C(0x87,0x4e,0x42), C(0x67,0x79,0x40), C(0xb8,0x90,0x58), C(0x8b,0xa1,0xbf), C(0xaa,0x75,0x9f), C(0x3e,0x5f,0x66), C(0x15,0x15,0x15), C(0x2b,0x2b,0x2b), C(0x63,0x77,0x86), C(0x67,0x79,0x40), C(0xb8,0x90,0x58), C(0x93,0xa2,0xab), C(0xaa,0x75,0x9f), C(0x99,0xab,0x93), C(0x37,0x37,0x37)}},
    {"noctis", "Noctis", true,
     C(0x05,0x25,0x29), C(0xb2,0xca,0xcd), C(0xb2,0xca,0xcd), C(0x0f,0x3a,0x3f), C(0x60,0xb6,0xeb),
     {C(0x32,0x4a,0x4d), C(0xe6,0x65,0x33), C(0x49,0xe9,0xa6), C(0xe4,0xb7,0x81), C(0x49,0xac,0xe9), C(0xdf,0x76,0x9b), C(0x49,0xd6,0xe9), C(0xb2,0xca,0xcd), C(0x47,0x68,0x6c), C(0xe9,0x77,0x49), C(0x60,0xeb,0xb1), C(0xe6,0x95,0x33), C(0x60,0xb6,0xeb), C(0xe7,0x98,0xb3), C(0x60,0xdb,0xeb), C(0xc1,0xd4,0xd7)}},
    {"noctis-azureus", "Noctis Azureus", true,
     C(0x07,0x27,0x3b), C(0xbe,0xcf,0xda), C(0xbe,0xcf,0xda), C(0x10,0x38,0x50), C(0x60,0xb6,0xeb),
     {C(0x28,0x35,0x3e), C(0xe6,0x65,0x33), C(0x49,0xe9,0xa6), C(0xe4,0xb7,0x81), C(0x49,0xac,0xe9), C(0xdf,0x76,0x9b), C(0x49,0xd6,0xe9), C(0xae,0xc3,0xd0), C(0x47,0x5e,0x6c), C(0xe9,0x77,0x49), C(0x60,0xeb,0xb1), C(0xe6,0x95,0x33), C(0x60,0xb6,0xeb), C(0xe7,0x98,0xb3), C(0x60,0xdb,0xeb), C(0xbe,0xcf,0xda)}},
    {"noctis-bordo", "Noctis Bordo", true,
     C(0x32,0x2a,0x2d), C(0xcb,0xbe,0xc2), C(0xcb,0xbe,0xc2), C(0x4a,0x33,0x39), C(0x60,0xb6,0xeb),
     {C(0x47,0x39,0x3e), C(0xe6,0x65,0x33), C(0x49,0xe9,0xa6), C(0xe4,0xb7,0x81), C(0x49,0xac,0xe9), C(0xdf,0x76,0x9b), C(0x49,0xd6,0xe9), C(0xb9,0xac,0xb0), C(0x69,0x54,0x5b), C(0xe9,0x77,0x49), C(0x60,0xeb,0xb1), C(0xe6,0x95,0x33), C(0x60,0xb6,0xeb), C(0xe7,0x98,0xb3), C(0x60,0xdb,0xeb), C(0xcb,0xbe,0xc2)}},
    {"noctis-hibernus", "Noctis Hibernus", false,
     C(0xf4,0xf6,0xf6), C(0x00,0x56,0x61), C(0x00,0x56,0x61), C(0xd9,0xe0,0xe0), C(0x0f,0xa3,0xff),
     {C(0x00,0x3b,0x42), C(0xe3,0x4e,0x1c), C(0x00,0xb3,0x68), C(0xf4,0x97,0x25), C(0x00,0x94,0xf0), C(0xff,0x57,0x92), C(0x00,0xbd,0xd6), C(0x8c,0xa6,0xa6), C(0x00,0x4d,0x57), C(0xff,0x40,0x00), C(0x00,0xd1,0x7a), C(0xff,0x8c,0x00), C(0x0f,0xa3,0xff), C(0xff,0x6b,0x9f), C(0x00,0xcb,0xe6), C(0xbb,0xc3,0xc4)}},
    {"noctis-lilac", "Noctis Lilac", false,
     C(0xf2,0xf1,0xf8), C(0x0c,0x00,0x6b), C(0x0c,0x00,0x6b), C(0xd5,0xd3,0xe5), C(0x0f,0xa3,0xff),
     {C(0x0c,0x00,0x6b), C(0xe3,0x4e,0x1c), C(0x00,0xb3,0x68), C(0xf4,0x97,0x25), C(0x00,0x94,0xf0), C(0xff,0x57,0x92), C(0x00,0xbd,0xd6), C(0x8c,0xa6,0xa6), C(0x0f,0x00,0x80), C(0xff,0x40,0x00), C(0x00,0xd1,0x7a), C(0xff,0x8c,0x00), C(0x0f,0xa3,0xff), C(0xff,0x6b,0x9f), C(0x00,0xcb,0xe6), C(0xbb,0xc3,0xc4)}},
    {"noctis-lux", "Noctis Lux", false,
     C(0xfe,0xf8,0xec), C(0x00,0x56,0x61), C(0x00,0x56,0x61), C(0xf4,0xe2,0xb8), C(0x0f,0xa3,0xff),
     {C(0x00,0x3b,0x42), C(0xe3,0x4e,0x1c), C(0x00,0xb3,0x68), C(0xf4,0x97,0x25), C(0x00,0x94,0xf0), C(0xff,0x57,0x92), C(0x00,0xbd,0xd6), C(0x8c,0xa6,0xa6), C(0x00,0x4d,0x57), C(0xff,0x40,0x00), C(0x00,0xd1,0x7a), C(0xff,0x8c,0x00), C(0x0f,0xa3,0xff), C(0xff,0x6b,0x9f), C(0x00,0xcb,0xe6), C(0xbb,0xc3,0xc4)}},
    {"noctis-minimus", "Noctis Minimus", true,
     C(0x1b,0x29,0x32), C(0xc5,0xcd,0xd3), C(0xc5,0xcd,0xd3), C(0x26,0x3c,0x4a), C(0x68,0xa4,0xca),
     {C(0x18,0x2a,0x35), C(0xc0,0x88,0x72), C(0x72,0xc0,0x9f), C(0xc8,0xa9,0x84), C(0x61,0x96,0xb8), C(0xc2,0x80,0x97), C(0x72,0xb7,0xc0), C(0xc5,0xcd,0xd3), C(0x42,0x58,0x66), C(0xca,0x84,0x68), C(0x84,0xc8,0xab), C(0xd1,0xaa,0x7b), C(0x68,0xa4,0xca), C(0xc8,0x8d,0xa2), C(0x84,0xc0,0xc8), C(0xc5,0xd1,0xd3)}},
    {"noctis-obscuro", "Noctis Obscuro", true,
     C(0x03,0x14,0x17), C(0xb2,0xca,0xcd), C(0xb2,0xca,0xcd), C(0x0d,0x2a,0x2f), C(0x60,0xb6,0xeb),
     {C(0x32,0x4a,0x4d), C(0xe6,0x65,0x33), C(0x49,0xe9,0xa6), C(0xe4,0xb7,0x81), C(0x49,0xac,0xe9), C(0xdf,0x76,0x9b), C(0x49,0xd6,0xe9), C(0xb2,0xca,0xcd), C(0x47,0x68,0x6c), C(0xe9,0x77,0x49), C(0x60,0xeb,0xb1), C(0xe6,0x95,0x33), C(0x60,0xb6,0xeb), C(0xe7,0x98,0xb3), C(0x60,0xdb,0xeb), C(0xc1,0xd4,0xd7)}},
    {"noctis-sereno", "Noctis Sereno", true,
     C(0x06,0x2e,0x32), C(0xb2,0xca,0xcd), C(0xb2,0xca,0xcd), C(0x0f,0x40,0x45), C(0x60,0xb6,0xeb),
     {C(0x32,0x4a,0x4d), C(0xe6,0x65,0x33), C(0x49,0xe9,0xa6), C(0xe4,0xb7,0x81), C(0x49,0xac,0xe9), C(0xdf,0x76,0x9b), C(0x49,0xd6,0xe9), C(0xb2,0xca,0xcd), C(0x47,0x68,0x6c), C(0xe9,0x77,0x49), C(0x60,0xeb,0xb1), C(0xe6,0x95,0x33), C(0x60,0xb6,0xeb), C(0xe7,0x98,0xb3), C(0x60,0xdb,0xeb), C(0xc1,0xd4,0xd7)}},
    {"noctis-uva", "Noctis Uva", true,
     C(0x29,0x26,0x40), C(0xc5,0xc2,0xd6), C(0xc5,0xc2,0xd6), C(0x35,0x32,0x5a), C(0x60,0xb6,0xeb),
     {C(0x30,0x2f,0x3d), C(0xe6,0x65,0x33), C(0x49,0xe9,0xa6), C(0xe4,0xb7,0x81), C(0x49,0xac,0xe9), C(0xdf,0x76,0x9b), C(0x49,0xd6,0xe9), C(0xb6,0xb3,0xcc), C(0x50,0x4e,0x65), C(0xe9,0x77,0x49), C(0x60,0xeb,0xb1), C(0xe6,0x95,0x33), C(0x60,0xb6,0xeb), C(0xe7,0x98,0xb3), C(0x60,0xdb,0xeb), C(0xc5,0xc2,0xd6)}},
    {"noctis-viola", "Noctis Viola", true,
     C(0x30,0x24,0x3d), C(0xcc,0xbf,0xd9), C(0xcc,0xbf,0xd9), C(0x3e,0x33,0x52), C(0x60,0xb6,0xeb),
     {C(0x36,0x2f,0x3d), C(0xe6,0x65,0x33), C(0x49,0xe9,0xa6), C(0xe4,0xb7,0x81), C(0x49,0xac,0xe9), C(0xdf,0x76,0x9b), C(0x49,0xd6,0xe9), C(0xbf,0xaf,0xcf), C(0x59,0x4e,0x65), C(0xe9,0x77,0x49), C(0x60,0xeb,0xb1), C(0xe6,0x95,0x33), C(0x60,0xb6,0xeb), C(0xe7,0x98,0xb3), C(0x60,0xdb,0xeb), C(0xcc,0xbf,0xd9)}},
    {"nocturnal-winter", "Nocturnal Winter", true,
     C(0x0d,0x0d,0x17), C(0xe6,0xe5,0xe5), C(0xe6,0xe5,0xe5), C(0xad,0xbd,0xd0), C(0x60,0x96,0xff),
     {C(0x4d,0x4d,0x4d), C(0xf1,0x2d,0x52), C(0x09,0xcd,0x7e), C(0xf5,0xf1,0x7a), C(0x31,0x82,0xe0), C(0xff,0x2b,0x6d), C(0x09,0xc8,0x7a), C(0xfc,0xfc,0xfc), C(0x80,0x80,0x80), C(0xf1,0x6d,0x86), C(0x0a,0xe7,0x8d), C(0xff,0xfc,0x67), C(0x60,0x96,0xff), C(0xff,0x78,0xa2), C(0x0a,0xe7,0x8d), C(0xff,0xff,0xff)}},
    {"nord", "Nord", true,
     C(0x2e,0x34,0x40), C(0xd8,0xde,0xe9), C(0xec,0xef,0xf4), C(0xec,0xef,0xf4), C(0x81,0xa1,0xc1),
     {C(0x3b,0x42,0x52), C(0xbf,0x61,0x6a), C(0xa3,0xbe,0x8c), C(0xeb,0xcb,0x8b), C(0x81,0xa1,0xc1), C(0xb4,0x8e,0xad), C(0x88,0xc0,0xd0), C(0xe5,0xe9,0xf0), C(0x59,0x63,0x77), C(0xbf,0x61,0x6a), C(0xa3,0xbe,0x8c), C(0xeb,0xcb,0x8b), C(0x81,0xa1,0xc1), C(0xb4,0x8e,0xad), C(0x8f,0xbc,0xbb), C(0xec,0xef,0xf4)}},
    {"nord-light", "Nord Light", false,
     C(0xe5,0xe9,0xf0), C(0x41,0x48,0x58), C(0x7b,0xb3,0xc3), C(0xd8,0xde,0xe9), C(0x81,0xa1,0xc1),
     {C(0x3b,0x42,0x52), C(0xbf,0x61,0x6a), C(0x96,0xb1,0x7f), C(0xc5,0xa5,0x65), C(0x81,0xa1,0xc1), C(0xb4,0x8e,0xad), C(0x7b,0xb3,0xc3), C(0xa5,0xab,0xb6), C(0x4c,0x56,0x6a), C(0xbf,0x61,0x6a), C(0x96,0xb1,0x7f), C(0xc5,0xa5,0x65), C(0x81,0xa1,0xc1), C(0xb4,0x8e,0xad), C(0x82,0xaf,0xae), C(0xec,0xef,0xf4)}},
    {"nord-wave", "Nord Wave", true,
     C(0x21,0x21,0x21), C(0xd8,0xde,0xe9), C(0xeb,0xcb,0x8b), C(0xd8,0xde,0xe9), C(0x81,0xa1,0xc1),
     {C(0x3b,0x42,0x52), C(0xbf,0x61,0x6a), C(0xa3,0xbe,0x8c), C(0xeb,0xcb,0x8b), C(0x81,0xa1,0xc1), C(0xb4,0x8e,0xad), C(0x88,0xc0,0xd0), C(0xe5,0xe9,0xf0), C(0x4c,0x56,0x6a), C(0xbf,0x61,0x6a), C(0xa3,0xbe,0x8c), C(0xeb,0xcb,0x8b), C(0x81,0xa1,0xc1), C(0xb4,0x8e,0xad), C(0x8f,0xbc,0xbb), C(0xec,0xef,0xf4)}},
    {"nordfox", "Nordfox", true,
     C(0x2e,0x34,0x40), C(0xcd,0xce,0xcf), C(0xcd,0xce,0xcf), C(0x3e,0x4a,0x5b), C(0x8c,0xaf,0xd2),
     {C(0x3b,0x42,0x52), C(0xbf,0x61,0x6a), C(0xa3,0xbe,0x8c), C(0xeb,0xcb,0x8b), C(0x81,0xa1,0xc1), C(0xb4,0x8e,0xad), C(0x88,0xc0,0xd0), C(0xe5,0xe9,0xf0), C(0x53,0x64,0x8d), C(0xd0,0x6f,0x79), C(0xb1,0xd1,0x96), C(0xf0,0xd3,0x99), C(0x8c,0xaf,0xd2), C(0xc8,0x95,0xbf), C(0x93,0xcc,0xdc), C(0xe7,0xec,0xf4)}},
    {"novel", "Novel", false,
     C(0xdf,0xdb,0xc3), C(0x3b,0x23,0x22), C(0x73,0x63,0x5a), C(0xa4,0xa3,0x90), C(0x00,0x00,0xcc),
     {C(0x00,0x00,0x00), C(0xcc,0x00,0x00), C(0x00,0x96,0x00), C(0xd0,0x6b,0x00), C(0x00,0x00,0xcc), C(0xcc,0x00,0xcc), C(0x00,0x87,0xcc), C(0xa6,0xa6,0xa6), C(0x80,0x80,0x80), C(0xcc,0x00,0x00), C(0x00,0x96,0x00), C(0xd0,0x6b,0x00), C(0x00,0x00,0xcc), C(0xcc,0x00,0xcc), C(0x00,0x87,0xcc), C(0xff,0xff,0xff)}},
    {"nvim-dark", "Nvim Dark", true,
     C(0x14,0x16,0x1b), C(0xe0,0xe2,0xea), C(0x9b,0x9e,0xa4), C(0x4f,0x52,0x58), C(0xa6,0xdb,0xff),
     {C(0x07,0x08,0x0d), C(0xff,0xc0,0xb9), C(0xb3,0xf6,0xc0), C(0xfc,0xe0,0x94), C(0xa6,0xdb,0xff), C(0xff,0xca,0xff), C(0x8c,0xf8,0xf7), C(0xee,0xf1,0xf8), C(0x4f,0x52,0x58), C(0xff,0xc0,0xb9), C(0xb3,0xf6,0xc0), C(0xfc,0xe0,0x94), C(0xa6,0xdb,0xff), C(0xff,0xca,0xff), C(0x8c,0xf8,0xf7), C(0xee,0xf1,0xf8)}},
    {"nvim-light", "Nvim Light", false,
     C(0xe0,0xe2,0xea), C(0x14,0x16,0x1b), C(0x9b,0x9e,0xa4), C(0x9b,0x9e,0xa4), C(0x00,0x4c,0x73),
     {C(0x07,0x08,0x0d), C(0x59,0x00,0x08), C(0x00,0x55,0x23), C(0x6b,0x53,0x00), C(0x00,0x4c,0x73), C(0x47,0x00,0x45), C(0x00,0x73,0x73), C(0xa1,0xa4,0xab), C(0x4f,0x52,0x58), C(0x59,0x00,0x08), C(0x00,0x55,0x23), C(0x6b,0x53,0x00), C(0x00,0x4c,0x73), C(0x47,0x00,0x45), C(0x00,0x73,0x73), C(0xee,0xf1,0xf8)}},
    {"obsidian", "Obsidian", true,
     C(0x28,0x30,0x33), C(0xcd,0xcd,0xcd), C(0xc0,0xca,0xd0), C(0x3e,0x4c,0x4f), C(0xa1,0xd7,0xff),
     {C(0x00,0x00,0x00), C(0xb3,0x0d,0x0e), C(0x00,0xbb,0x00), C(0xfe,0xcd,0x22), C(0x3a,0x9b,0xdb), C(0xbb,0x00,0xbb), C(0x00,0xbb,0xbb), C(0xbb,0xbb,0xbb), C(0x55,0x55,0x55), C(0xff,0x00,0x03), C(0x93,0xc8,0x63), C(0xfe,0xf8,0x74), C(0xa1,0xd7,0xff), C(0xff,0x55,0xff), C(0x55,0xff,0xff), C(0xff,0xff,0xff)}},
    {"ocean", "Ocean", true,
     C(0x22,0x4f,0xbc), C(0xff,0xff,0xff), C(0x7f,0x7f,0x7f), C(0x21,0x6d,0xff), C(0x73,0x73,0xff),
     {C(0x00,0x00,0x00), C(0xe6,0x4c,0x4c), C(0x00,0xa6,0x00), C(0x99,0x99,0x00), C(0x00,0x00,0xb2), C(0xd8,0x26,0xd8), C(0x00,0xa6,0xb2), C(0xbf,0xbf,0xbf), C(0x80,0x80,0x80), C(0xff,0x1a,0x1a), C(0x00,0xd9,0x00), C(0xe5,0xe5,0x00), C(0x73,0x73,0xff), C(0xe5,0x00,0xe5), C(0x00,0xe5,0xe5), C(0xe5,0xe5,0xe5)}},
    {"oceanic-material", "Oceanic Material", true,
     C(0x1c,0x26,0x2b), C(0xc2,0xc8,0xd7), C(0xb3,0xb8,0xc3), C(0x6d,0xc2,0xb8), C(0x54,0xa4,0xf3),
     {C(0x00,0x00,0x00), C(0xee,0x2b,0x2a), C(0x40,0xa3,0x3f), C(0xff,0xea,0x2e), C(0x1e,0x80,0xf0), C(0x88,0x00,0xa0), C(0x16,0xaf,0xca), C(0xa4,0xa4,0xa4), C(0x77,0x77,0x77), C(0xdc,0x5c,0x60), C(0x70,0xbe,0x71), C(0xff,0xf1,0x63), C(0x54,0xa4,0xf3), C(0xaa,0x4d,0xbc), C(0x42,0xc7,0xda), C(0xff,0xff,0xff)}},
    {"oceanic-next", "Oceanic Next", true,
     C(0x16,0x2c,0x35), C(0xc0,0xc5,0xce), C(0xc0,0xc5,0xce), C(0x4f,0x5b,0x66), C(0x66,0x99,0xcc),
     {C(0x16,0x2c,0x35), C(0xec,0x5f,0x67), C(0x99,0xc7,0x94), C(0xfa,0xc8,0x63), C(0x66,0x99,0xcc), C(0xc5,0x94,0xc5), C(0x5f,0xb3,0xb3), C(0xff,0xff,0xff), C(0x65,0x73,0x7e), C(0xec,0x5f,0x67), C(0x99,0xc7,0x94), C(0xfa,0xc8,0x63), C(0x66,0x99,0xcc), C(0xc5,0x94,0xc5), C(0x5f,0xb3,0xb3), C(0xff,0xff,0xff)}},
    {"ollie", "Ollie", true,
     C(0x22,0x21,0x25), C(0x8a,0x8d,0xae), C(0x5b,0x6e,0xa7), C(0x1e,0x3a,0x66), C(0x44,0x88,0xff),
     {C(0x00,0x00,0x00), C(0xac,0x2e,0x31), C(0x31,0xac,0x61), C(0xac,0x43,0x00), C(0x2d,0x57,0xac), C(0xb0,0x85,0x28), C(0x1f,0xa6,0xac), C(0x8a,0x8e,0xac), C(0x68,0x44,0x32), C(0xff,0x3d,0x48), C(0x3b,0xff,0x99), C(0xff,0x5e,0x1e), C(0x44,0x88,0xff), C(0xff,0xc2,0x1d), C(0x1f,0xfa,0xff), C(0x5b,0x6e,0xa7)}},
    {"one-dark-two", "One Dark Two", true,
     C(0x21,0x25,0x2b), C(0xe6,0xe6,0xe6), C(0xe6,0xe6,0xe6), C(0x39,0x3e,0x47), C(0x8d,0xc7,0xf6),
     {C(0x1d,0x1f,0x23), C(0xe2,0x78,0x81), C(0x98,0xc3,0x79), C(0xea,0xc7,0x86), C(0x71,0xb9,0xf4), C(0xc8,0x8b,0xda), C(0x62,0xba,0xc6), C(0xc9,0xcc,0xd3), C(0x4a,0x50,0x5a), C(0xe6,0x89,0x91), C(0xa8,0xcc,0x8e), C(0xed,0xcf,0x97), C(0x8d,0xc7,0xf6), C(0xd3,0xa2,0xe2), C(0x78,0xc4,0xce), C(0xe6,0xe6,0xe6)}},
    {"one-double-dark", "One Double Dark", true,
     C(0x28,0x2c,0x34), C(0xdb,0xdf,0xe5), C(0xf5,0xe0,0xdc), C(0x58,0x5b,0x70), C(0x6d,0xca,0xff),
     {C(0x3d,0x44,0x52), C(0xf1,0x63,0x72), C(0x8c,0xc5,0x70), C(0xec,0xbe,0x70), C(0x3f,0xb1,0xf5), C(0xd3,0x73,0xe3), C(0x17,0xb9,0xc4), C(0xdb,0xdf,0xe5), C(0x52,0x5d,0x6f), C(0xff,0x77,0x7b), C(0x82,0xd8,0x82), C(0xf5,0xc0,0x65), C(0x6d,0xca,0xff), C(0xff,0x7b,0xf4), C(0x00,0xe5,0xfb), C(0xf7,0xf9,0xfc)}},
    {"one-double-light", "One Double Light", false,
     C(0xfa,0xfa,0xfa), C(0x38,0x3a,0x43), C(0x1a,0x19,0x19), C(0x45,0x4e,0x5e), C(0x10,0x65,0xde),
     {C(0x45,0x4b,0x58), C(0xf7,0x48,0x40), C(0x25,0xa3,0x43), C(0xcc,0x81,0x00), C(0x00,0x87,0xc1), C(0xb5,0x0d,0xa9), C(0x00,0x9a,0xb7), C(0xc5,0xb2,0xb3), C(0x0e,0x13,0x1f), C(0xff,0x37,0x11), C(0x00,0xb9,0x0e), C(0xec,0x99,0x00), C(0x10,0x65,0xde), C(0xe5,0x00,0xd8), C(0x00,0xb4,0xdd), C(0xff,0xff,0xff)}},
    {"one-half-dark", "One Half Dark", true,
     C(0x28,0x2c,0x34), C(0xdc,0xdf,0xe4), C(0xa3,0xb3,0xcc), C(0x47,0x4e,0x5d), C(0x61,0xaf,0xef),
     {C(0x28,0x2c,0x34), C(0xe0,0x6c,0x75), C(0x98,0xc3,0x79), C(0xe5,0xc0,0x7b), C(0x61,0xaf,0xef), C(0xc6,0x78,0xdd), C(0x56,0xb6,0xc2), C(0xdc,0xdf,0xe4), C(0x5d,0x67,0x7a), C(0xe0,0x6c,0x75), C(0x98,0xc3,0x79), C(0xe5,0xc0,0x7b), C(0x61,0xaf,0xef), C(0xc6,0x78,0xdd), C(0x56,0xb6,0xc2), C(0xdc,0xdf,0xe4)}},
    {"one-half-light", "One Half Light", false,
     C(0xfa,0xfa,0xfa), C(0x38,0x3a,0x42), C(0xa5,0xb4,0xe5), C(0xbf,0xce,0xff), C(0x61,0xaf,0xef),
     {C(0x38,0x3a,0x42), C(0xe4,0x56,0x49), C(0x50,0xa1,0x4f), C(0xc1,0x84,0x01), C(0x01,0x84,0xbc), C(0xa6,0x26,0xa4), C(0x09,0x97,0xb3), C(0xba,0xba,0xba), C(0x4f,0x52,0x5e), C(0xe0,0x6c,0x75), C(0x98,0xc3,0x79), C(0xd8,0xb3,0x6e), C(0x61,0xaf,0xef), C(0xc6,0x78,0xdd), C(0x56,0xb6,0xc2), C(0xff,0xff,0xff)}},
    {"onenord", "Onenord", true,
     C(0x2e,0x34,0x40), C(0xe5,0xe9,0xf0), C(0x81,0xa1,0xc1), C(0x43,0x4c,0x5e), C(0x81,0xa1,0xc1),
     {C(0x3b,0x42,0x52), C(0xe0,0x6c,0x75), C(0x9e,0xc1,0x83), C(0xeb,0xcb,0x8b), C(0x81,0xa1,0xc1), C(0xb9,0x88,0xb0), C(0x88,0xc0,0xd0), C(0xe5,0xe9,0xf0), C(0x59,0x63,0x77), C(0xe0,0x6c,0x75), C(0x9e,0xc1,0x83), C(0xeb,0xcb,0x8b), C(0x81,0xa1,0xc1), C(0xb9,0x88,0xb0), C(0x8f,0xbc,0xbb), C(0xec,0xef,0xf4)}},
    {"onenord-light", "Onenord Light", false,
     C(0xf7,0xf8,0xfa), C(0x2e,0x34,0x40), C(0x38,0x79,0xc5), C(0xea,0xeb,0xed), C(0x1b,0x40,0xa6),
     {C(0x2e,0x34,0x40), C(0xcb,0x4f,0x53), C(0x48,0xa5,0x3d), C(0xee,0x5e,0x25), C(0x38,0x79,0xc5), C(0x9f,0x4a,0xca), C(0x3e,0xa1,0xad), C(0xb2,0xb6,0xbd), C(0x64,0x6a,0x76), C(0xd1,0x63,0x66), C(0x5f,0x9e,0x9d), C(0xba,0x79,0x3e), C(0x1b,0x40,0xa6), C(0x96,0x65,0xaf), C(0x8f,0xbc,0xbb), C(0xec,0xef,0xf4)}},
    {"opaline", "Opaline", true,
     C(0x13,0x11,0x21), C(0xec,0xe9,0xf7), C(0xff,0xb3,0xd6), C(0x2c,0x27,0x48), C(0xb7,0x9b,0xff),
     {C(0x20,0x1b,0x33), C(0xff,0x6b,0x92), C(0x86,0xe6,0xb4), C(0xff,0xc2,0xae), C(0x8f,0xb4,0xff), C(0xbe,0x9b,0xff), C(0x5f,0xe3,0xd8), C(0xec,0xe9,0xf7), C(0x6b,0x67,0x8f), C(0xff,0x81,0xa2), C(0x95,0xe9,0xbd), C(0xf4,0xd2,0x7e), C(0xb7,0x9b,0xff), C(0xff,0x9e,0xd2), C(0x72,0xe6,0xdd), C(0xff,0xff,0xff)}},
    {"operator-mono-dark", "Operator Mono Dark", true,
     C(0x19,0x19,0x19), C(0xc3,0xca,0xc2), C(0xfc,0xdc,0x08), C(0x19,0x27,0x3b), C(0x89,0xd3,0xf6),
     {C(0x5a,0x5a,0x5a), C(0xca,0x37,0x2d), C(0x4d,0x7b,0x3a), C(0xd4,0xd6,0x97), C(0x43,0x87,0xcf), C(0xb8,0x6c,0xb4), C(0x72,0xd5,0xc6), C(0xce,0xd4,0xcd), C(0x9a,0x9b,0x99), C(0xc3,0x7d,0x62), C(0x83,0xd0,0xa2), C(0xfd,0xfd,0xc5), C(0x89,0xd3,0xf6), C(0xff,0x2c,0x7a), C(0x82,0xea,0xda), C(0xfd,0xfd,0xf6)}},
    {"outrun-electric", "Outrun Electric", true,
     C(0x0c,0x0a,0x20), C(0xf2,0xf3,0xf7), C(0xff,0x2a,0xfc), C(0xba,0x45,0xa3), C(0x6d,0xc6,0xfd),
     {C(0x13,0x10,0x33), C(0xe6,0x1f,0x44), C(0xa7,0xda,0x1e), C(0xff,0xd4,0x00), C(0x1e,0xa8,0xfc), C(0xff,0x2a,0xfc), C(0x42,0xc6,0xff), C(0xf2,0xf3,0xf7), C(0x54,0x6a,0x90), C(0xef,0x6d,0x85), C(0xc6,0xe7,0x6d), C(0xff,0xe3,0x59), C(0x6d,0xc6,0xfd), C(0xdf,0x85,0xff), C(0x84,0xda,0xff), C(0xff,0xff,0xff)}},
    {"overnight-slumber", "Overnight Slumber", true,
     C(0x0e,0x17,0x29), C(0xce,0xd2,0xd6), C(0xff,0xa7,0xc4), C(0x1f,0x2b,0x41), C(0x8d,0xab,0xe1),
     {C(0x0a,0x12,0x22), C(0xff,0xa7,0xc4), C(0x85,0xcc,0x95), C(0xff,0xcb,0x8b), C(0x8d,0xab,0xe1), C(0xc7,0x92,0xeb), C(0x78,0xcc,0xf0), C(0xff,0xff,0xff), C(0x57,0x56,0x56), C(0xff,0xa7,0xc4), C(0x85,0xcc,0x95), C(0xff,0xcb,0x8b), C(0x8d,0xab,0xe1), C(0xc7,0x92,0xeb), C(0xff,0xa7,0xc4), C(0xff,0xff,0xff)}},
    {"oxblood", "Oxblood", true,
     C(0x14,0x0b,0x0d), C(0xe8,0xd2,0xd4), C(0xe0,0x48,0x3a), C(0x3a,0x22,0x27), C(0xe8,0x6b,0x72),
     {C(0x23,0x14,0x17), C(0xff,0x4d,0x54), C(0xc9,0xa2,0x4a), C(0xe0,0xb2,0x4a), C(0xd9,0x74,0x3f), C(0xe0,0x55,0x6b), C(0xe0,0xa3,0x6a), C(0xe8,0xd2,0xd4), C(0x7a,0x54,0x58), C(0xff,0x68,0x6e), C(0xcf,0xad,0x60), C(0xd9,0x74,0x3f), C(0xe8,0x6b,0x72), C(0xc8,0x32,0x4b), C(0xe4,0xae,0x7c), C(0xff,0xff,0xff)}},
    {"oxide", "Oxide", true,
     C(0x16,0x16,0x16), C(0xce,0xce,0xce), C(0xce,0xce,0xce), C(0x26,0x26,0x26), C(0x6f,0xc6,0xff),
     {C(0x26,0x26,0x26), C(0xed,0x75,0x6e), C(0x5b,0xb6,0x61), C(0xc3,0x99,0x00), C(0x3b,0xa6,0xf5), C(0x96,0x8f,0xf7), C(0x00,0xba,0xaa), C(0xce,0xce,0xce), C(0x8f,0x8f,0x8f), C(0xff,0x98,0x90), C(0x7b,0xd7,0x7f), C(0xe3,0xb8,0x31), C(0x6f,0xc6,0xff), C(0xb5,0xb2,0xff), C(0x00,0xdc,0xca), C(0xde,0xde,0xde)}},
    {"oxocarbon", "Oxocarbon", true,
     C(0x16,0x16,0x16), C(0xf2,0xf4,0xf8), C(0xff,0xff,0xff), C(0x39,0x39,0x39), C(0x00,0xc1,0x5a),
     {C(0x16,0x16,0x16), C(0x00,0xdf,0xdb), C(0x00,0xb4,0xff), C(0xff,0x42,0x97), C(0x00,0xc1,0x5a), C(0xc6,0x93,0xff), C(0xff,0x74,0xb8), C(0xf2,0xf4,0xf8), C(0x58,0x58,0x58), C(0x00,0xdf,0xdb), C(0x00,0xb4,0xff), C(0xff,0x42,0x97), C(0x00,0xc1,0x5a), C(0xc6,0x93,0xff), C(0xff,0x74,0xb8), C(0xf2,0xf4,0xf8)}},
    {"pale-night-hc", "Pale Night Hc", true,
     C(0x3e,0x42,0x51), C(0xcc,0xcc,0xcc), C(0xff,0xcb,0x6b), C(0x71,0x7c,0xb4), C(0xb4,0xcc,0xff),
     {C(0x00,0x00,0x00), C(0xf0,0x71,0x78), C(0xc3,0xe8,0x8d), C(0xff,0xcb,0x6b), C(0x82,0xaa,0xff), C(0xc7,0x92,0xea), C(0x89,0xdd,0xff), C(0xff,0xff,0xff), C(0x73,0x73,0x73), C(0xf6,0xa9,0xae), C(0xdb,0xf1,0xba), C(0xff,0xdf,0xa6), C(0xb4,0xcc,0xff), C(0xdd,0xbd,0xf2), C(0xb8,0xea,0xff), C(0x99,0x99,0x99)}},
    {"pandora", "Pandora", true,
     C(0x14,0x1e,0x43), C(0xe1,0xe1,0xe1), C(0x43,0xd5,0x8e), C(0x2d,0x37,0xff), C(0x23,0xd7,0xd7),
     {C(0x00,0x00,0x00), C(0xff,0x42,0x42), C(0x74,0xaf,0x68), C(0xff,0xad,0x29), C(0x33,0x8f,0x86), C(0x94,0x14,0xe6), C(0x23,0xd7,0xd7), C(0xe2,0xe2,0xe2), C(0x3f,0x56,0x48), C(0xff,0x32,0x42), C(0x74,0xcd,0x68), C(0xff,0xb9,0x29), C(0x23,0xd7,0xd7), C(0xff,0x37,0xff), C(0x00,0xed,0xe1), C(0xff,0xff,0xff)}},
    {"paraiso-dark", "Paraiso Dark", true,
     C(0x2f,0x1e,0x2e), C(0xa3,0x9e,0x9b), C(0xa3,0x9e,0x9b), C(0x4f,0x42,0x4c), C(0x06,0xb6,0xef),
     {C(0x2f,0x1e,0x2e), C(0xef,0x61,0x55), C(0x48,0xb6,0x85), C(0xfe,0xc4,0x18), C(0x06,0xb6,0xef), C(0x81,0x5b,0xa4), C(0x5b,0xc4,0xbf), C(0xa3,0x9e,0x9b), C(0x77,0x6e,0x71), C(0xef,0x61,0x55), C(0x48,0xb6,0x85), C(0xfe,0xc4,0x18), C(0x06,0xb6,0xef), C(0x81,0x5b,0xa4), C(0x5b,0xc4,0xbf), C(0xe7,0xe9,0xdb)}},
    {"patina", "Patina", true,
     C(0x0e,0x16,0x13), C(0xdc,0xe5,0xde), C(0xe0,0xc3,0x6a), C(0x23,0x30,0x2b), C(0x5f,0xc9,0xb0),
     {C(0x16,0x20,0x1c), C(0xd9,0x60,0x3f), C(0x9f,0xc0,0x8c), C(0xc8,0xa2,0x4a), C(0x5f,0xc9,0xb0), C(0xd7,0xb4,0x5a), C(0x7f,0xd0,0xc0), C(0xdc,0xe5,0xde), C(0x5c,0x70,0x68), C(0xdf,0x78,0x5c), C(0xab,0xc8,0x9a), C(0xd9,0x8e,0x5a), C(0x5f,0xc9,0xb0), C(0xe0,0xc3,0x6a), C(0x8e,0xd6,0xc8), C(0xff,0xff,0xff)}},
    {"patina-dark", "Patina Dark", true,
     C(0x12,0x12,0x12), C(0xdb,0xd7,0xca), C(0xdb,0xd7,0xca), C(0x42,0x40,0x3d), C(0x6d,0xb3,0xc2),
     {C(0x2e,0x2e,0x2e), C(0xcb,0x76,0x76), C(0x4d,0x93,0x75), C(0xe6,0xcc,0x77), C(0x6d,0xb3,0xc2), C(0xc9,0x8a,0x7d), C(0x5d,0xa9,0xa7), C(0xdb,0xd7,0xca), C(0x58,0x58,0x58), C(0xcb,0x76,0x76), C(0x4d,0x93,0x75), C(0xe6,0xcc,0x77), C(0x6d,0xb3,0xc2), C(0xc9,0x8a,0x7d), C(0x5d,0xa9,0xa7), C(0xdb,0xd7,0xca)}},
    {"patina-dark-soft", "Patina Dark Soft", true,
     C(0x1a,0x1a,0x1a), C(0xdb,0xd7,0xca), C(0xdb,0xd7,0xca), C(0x3a,0x38,0x35), C(0x6d,0xb3,0xc2),
     {C(0x2e,0x2e,0x2e), C(0xcb,0x76,0x76), C(0x54,0x9c,0x7d), C(0xe6,0xcc,0x77), C(0x6d,0xb3,0xc2), C(0xc9,0x8a,0x7d), C(0x5d,0xa9,0xa7), C(0xdb,0xd7,0xca), C(0x58,0x58,0x58), C(0xcb,0x76,0x76), C(0x54,0x9c,0x7d), C(0xe6,0xcc,0x77), C(0x6d,0xb3,0xc2), C(0xc9,0x8a,0x7d), C(0x5d,0xa9,0xa7), C(0xdb,0xd7,0xca)}},
    {"patina-lichen", "Patina Lichen", false,
     C(0xcd,0xd1,0xc6), C(0x39,0x3a,0x34), C(0x39,0x3a,0x34), C(0xaa,0xb0,0xa3), C(0x35,0x61,0x6d),
     {C(0x39,0x3a,0x34), C(0x8b,0x46,0x46), C(0x33,0x64,0x4d), C(0x7f,0x50,0x31), C(0x35,0x61,0x6d), C(0x85,0x4b,0x3f), C(0x2a,0x63,0x61), C(0x5a,0x52,0x48), C(0x5b,0x5b,0x54), C(0x8b,0x46,0x46), C(0x42,0x63,0x38), C(0x7f,0x50,0x31), C(0x35,0x61,0x6d), C(0x85,0x4b,0x3f), C(0x2a,0x63,0x61), C(0x39,0x3a,0x34)}},
    {"patina-light", "Patina Light", false,
     C(0xdd,0xd7,0xc4), C(0x2e,0x2a,0x24), C(0x2e,0x2a,0x24), C(0xbf,0xb8,0xa3), C(0x2c,0x56,0x60),
     {C(0x2e,0x2a,0x24), C(0x9b,0x3b,0x3b), C(0x34,0x64,0x4c), C(0x6e,0x58,0x17), C(0x2f,0x62,0x6f), C(0x7a,0x4f,0x47), C(0x2e,0x62,0x60), C(0x5a,0x52,0x48), C(0x62,0x5a,0x51), C(0x83,0x33,0x33), C(0x2d,0x58,0x39), C(0x63,0x4e,0x14), C(0x2c,0x56,0x60), C(0x6d,0x46,0x3e), C(0x28,0x56,0x54), C(0x39,0x3a,0x34)}},
    {"patina-moss", "Patina Moss", true,
     C(0x20,0x23,0x1f), C(0xdb,0xd7,0xca), C(0xdb,0xd7,0xca), C(0x38,0x3b,0x31), C(0x65,0xa8,0xb5),
     {C(0x33,0x36,0x2e), C(0xc0,0x78,0x78), C(0x5b,0xa8,0x86), C(0xd4,0xbf,0x6e), C(0x65,0xa8,0xb5), C(0xc0,0x8a,0x7d), C(0x63,0xa8,0xa6), C(0xdb,0xd7,0xca), C(0x58,0x5b,0x51), C(0xc0,0x78,0x78), C(0x5b,0xa8,0x86), C(0xd4,0xbf,0x6e), C(0x65,0xa8,0xb5), C(0xc0,0x8a,0x7d), C(0x63,0xa8,0xa6), C(0xdb,0xd7,0xca)}},
    {"patina-stellar", "Patina Stellar", false,
     C(0xf5,0xf2,0xed), C(0x2e,0x2a,0x24), C(0x2e,0x2a,0x24), C(0xdb,0xd5,0xc5), C(0x3f,0x73,0x81),
     {C(0x2e,0x2a,0x24), C(0xa8,0x40,0x40), C(0x3a,0x70,0x55), C(0x6e,0x58,0x17), C(0x2f,0x62,0x6f), C(0x8a,0x5a,0x50), C(0x38,0x77,0x75), C(0x5a,0x52,0x48), C(0x6a,0x62,0x58), C(0xbf,0x3c,0x3c), C(0x3e,0x7a,0x5e), C(0x82,0x67,0x43), C(0x3f,0x73,0x81), C(0x9d,0x59,0x4b), C(0x33,0x76,0x75), C(0x39,0x3a,0x34)}},
    {"paul-millr", "Paul Millr", true,
     C(0x00,0x00,0x00), C(0xf2,0xf2,0xf2), C(0x4d,0x4d,0x4d), C(0x41,0x41,0x41), C(0x70,0x9a,0xed),
     {C(0x2a,0x2a,0x2a), C(0xff,0x00,0x00), C(0x79,0xff,0x0f), C(0xe7,0xbf,0x00), C(0x39,0x6b,0xd7), C(0xb4,0x49,0xbe), C(0x66,0xcc,0xff), C(0xbb,0xbb,0xbb), C(0x66,0x66,0x66), C(0xff,0x00,0x80), C(0x66,0xff,0x66), C(0xf3,0xd6,0x4e), C(0x70,0x9a,0xed), C(0xdb,0x67,0xe6), C(0x7a,0xdf,0xf2), C(0xff,0xff,0xff)}},
    {"pencil-dark", "Pencil Dark", true,
     C(0x21,0x21,0x21), C(0xf1,0xf1,0xf1), C(0x20,0xbb,0xfc), C(0xb6,0xd6,0xfd), C(0x20,0xbb,0xfc),
     {C(0x21,0x21,0x21), C(0xc3,0x07,0x71), C(0x10,0xa7,0x78), C(0xa8,0x9c,0x14), C(0x00,0x8e,0xc4), C(0x5f,0x49,0x86), C(0x20,0xa5,0xba), C(0xd9,0xd9,0xd9), C(0x4f,0x4f,0x4f), C(0xfb,0x00,0x7a), C(0x5f,0xd7,0xaf), C(0xf3,0xe4,0x30), C(0x20,0xbb,0xfc), C(0x68,0x55,0xde), C(0x4f,0xb8,0xcc), C(0xf1,0xf1,0xf1)}},
    {"pencil-light", "Pencil Light", false,
     C(0xf1,0xf1,0xf1), C(0x42,0x42,0x42), C(0x20,0xbb,0xfc), C(0xb6,0xd6,0xfd), C(0x20,0xbb,0xfc),
     {C(0x21,0x21,0x21), C(0xc3,0x07,0x71), C(0x10,0xa7,0x78), C(0xa8,0x9c,0x14), C(0x00,0x8e,0xc4), C(0x52,0x3c,0x79), C(0x20,0xa5,0xba), C(0xb3,0xb3,0xb3), C(0x42,0x42,0x42), C(0xfb,0x00,0x7a), C(0x52,0xca,0xa2), C(0xc0,0xb1,0x00), C(0x20,0xbb,0xfc), C(0x68,0x55,0xde), C(0x4f,0xb8,0xcc), C(0xf1,0xf1,0xf1)}},
    {"peppermint", "Peppermint", true,
     C(0x00,0x00,0x00), C(0xc8,0xc8,0xc8), C(0xbb,0xbb,0xbb), C(0xe6,0xe6,0xe6), C(0x6f,0xbc,0xe2),
     {C(0x35,0x35,0x35), C(0xe7,0x46,0x69), C(0x89,0xd2,0x87), C(0xda,0xb8,0x53), C(0x44,0x9f,0xd0), C(0xda,0x62,0xdc), C(0x65,0xaa,0xaf), C(0xb4,0xb4,0xb4), C(0x53,0x53,0x53), C(0xe4,0x85,0x9b), C(0xa3,0xcc,0xa2), C(0xe1,0xe4,0x87), C(0x6f,0xbc,0xe2), C(0xe5,0x86,0xe7), C(0x96,0xdc,0xdb), C(0xdf,0xdf,0xdf)}},
    {"phala-green-dark", "Phala Green Dark", true,
     C(0x00,0x00,0x00), C(0xc1,0xfc,0x03), C(0xc1,0xfc,0x03), C(0x01,0x48,0x04), C(0x04,0x33,0xff),
     {C(0x00,0x00,0x00), C(0xab,0x15,0x00), C(0x00,0xb1,0x00), C(0xa9,0xa7,0x00), C(0x02,0x23,0xc0), C(0xc2,0x2e,0xc0), C(0x00,0xb4,0xc0), C(0xcb,0xcb,0xcb), C(0x79,0x79,0x79), C(0xed,0x22,0x00), C(0x00,0xdb,0x00), C(0xea,0xe7,0x00), C(0x04,0x33,0xff), C(0xed,0x3a,0xea), C(0x00,0xe8,0xea), C(0xea,0xea,0xea)}},
    {"piatto-light", "Piatto Light", false,
     C(0xff,0xff,0xff), C(0x41,0x41,0x41), C(0x5e,0x77,0xc8), C(0x70,0x6b,0x4e), C(0x3c,0x5e,0xa8),
     {C(0x41,0x41,0x41), C(0xb2,0x37,0x71), C(0x66,0x78,0x1e), C(0xcd,0x6f,0x34), C(0x3c,0x5e,0xa8), C(0xa4,0x54,0xb2), C(0x66,0x78,0x1e), C(0xbf,0xbf,0xbf), C(0x3f,0x3f,0x3f), C(0xdb,0x33,0x65), C(0x82,0x94,0x29), C(0xcd,0x6f,0x34), C(0x3c,0x5e,0xa8), C(0xa4,0x54,0xb2), C(0x82,0x94,0x29), C(0xf2,0xf2,0xf2)}},
    {"pierre-dark", "Pierre Dark", true,
     C(0x07,0x07,0x07), C(0xfb,0xfb,0xfb), C(0x00,0x9f,0xff), C(0x19,0x28,0x3c), C(0x69,0xb1,0xff),
     {C(0x14,0x14,0x15), C(0xff,0x2e,0x3f), C(0x0d,0xbe,0x4e), C(0xff,0xca,0x00), C(0x00,0x9f,0xff), C(0xc6,0x35,0xe4), C(0x08,0xc0,0xef), C(0xc6,0xc6,0xc8), C(0x6c,0x6c,0x71), C(0xff,0x67,0x62), C(0x5e,0xcc,0x71), C(0xff,0xd4,0x52), C(0x69,0xb1,0xff), C(0xd5,0x68,0xea), C(0x68,0xcd,0xf2), C(0xfb,0xfb,0xfb)}},
    {"pierre-light", "Pierre Light", false,
     C(0xff,0xff,0xff), C(0x07,0x07,0x07), C(0x00,0x9f,0xff), C(0xdf,0xeb,0xff), C(0x00,0x9f,0xff),
     {C(0x1f,0x1f,0x21), C(0xd5,0x2c,0x36), C(0x1d,0x81,0x38), C(0xac,0x88,0x16), C(0x21,0x6c,0xab), C(0xa6,0x31,0xbe), C(0x21,0x82,0xa1), C(0x79,0x79,0x7f), C(0x8e,0x8e,0x95), C(0xff,0x2e,0x3f), C(0x0d,0xbe,0x4e), C(0xd5,0xa9,0x10), C(0x00,0x9f,0xff), C(0xc6,0x35,0xe4), C(0x08,0xc0,0xef), C(0xdb,0xdb,0xdd)}},
    {"pnevma", "Pnevma", true,
     C(0x1c,0x1c,0x1c), C(0xd0,0xd0,0xd0), C(0xe4,0xc9,0xaf), C(0x4d,0x4d,0x4d), C(0xa1,0xbd,0xce),
     {C(0x2f,0x2e,0x2d), C(0xa3,0x66,0x66), C(0x90,0xa5,0x7d), C(0xd7,0xaf,0x87), C(0x7f,0xa5,0xbd), C(0xc7,0x9e,0xc4), C(0x8a,0xdb,0xb4), C(0xd0,0xd0,0xd0), C(0x4a,0x48,0x45), C(0xd7,0x87,0x87), C(0xaf,0xbe,0xa2), C(0xe4,0xc9,0xaf), C(0xa1,0xbd,0xce), C(0xd7,0xbe,0xda), C(0xb1,0xe7,0xdd), C(0xef,0xef,0xef)}},
    {"poimandres", "Poimandres", true,
     C(0x1a,0x1e,0x28), C(0xa6,0xac,0xcd), C(0xff,0xff,0xff), C(0xa6,0xac,0xcd), C(0xad,0xd7,0xff),
     {C(0x1a,0x1e,0x28), C(0xd0,0x67,0x9d), C(0x5d,0xe4,0xc7), C(0xff,0xfa,0xc2), C(0x89,0xdd,0xff), C(0xfc,0xc5,0xe9), C(0xad,0xd7,0xff), C(0xff,0xff,0xff), C(0xa6,0xac,0xcd), C(0xd0,0x67,0x9d), C(0x5d,0xe4,0xc7), C(0xff,0xfa,0xc2), C(0xad,0xd7,0xff), C(0xfa,0xe4,0xfc), C(0x89,0xdd,0xff), C(0xff,0xff,0xff)}},
    {"poimandres-darker", "Poimandres Darker", true,
     C(0x16,0x16,0x1e), C(0xa6,0xac,0xcd), C(0xff,0xff,0xff), C(0xa6,0xac,0xcd), C(0xad,0xd7,0xff),
     {C(0x16,0x16,0x1e), C(0xd0,0x67,0x9d), C(0x5d,0xe4,0xc7), C(0xff,0xfa,0xc2), C(0x89,0xdd,0xff), C(0xfc,0xc5,0xe9), C(0xad,0xd7,0xff), C(0xff,0xff,0xff), C(0xa6,0xac,0xcd), C(0xd0,0x67,0x9d), C(0x5d,0xe4,0xc7), C(0xff,0xfa,0xc2), C(0xad,0xd7,0xff), C(0xfa,0xe4,0xfc), C(0x89,0xdd,0xff), C(0xff,0xff,0xff)}},
    {"poimandres-storm", "Poimandres Storm", true,
     C(0x25,0x2b,0x37), C(0xa6,0xac,0xcd), C(0xff,0xff,0xff), C(0xa6,0xac,0xcd), C(0xad,0xd7,0xff),
     {C(0x25,0x2b,0x37), C(0xd0,0x67,0x9d), C(0x5d,0xe4,0xc7), C(0xff,0xfa,0xc2), C(0x89,0xdd,0xff), C(0xf0,0x87,0xbd), C(0x89,0xdd,0xff), C(0xff,0xff,0xff), C(0xa6,0xac,0xcd), C(0xd0,0x67,0x9d), C(0x5d,0xe4,0xc7), C(0xff,0xfa,0xc2), C(0xad,0xd7,0xff), C(0xf0,0x87,0xbd), C(0xad,0xd7,0xff), C(0xff,0xff,0xff)}},
    {"poimandres-white", "Poimandres White", false,
     C(0xfe,0xfe,0xff), C(0x96,0x9c,0xbd), C(0x96,0x9c,0xbd), C(0x96,0x9c,0xbd), C(0x0e,0xbf,0xff),
     {C(0xfe,0xfe,0xff), C(0xff,0x20,0x90), C(0x01,0xda,0xb2), C(0xe5,0xba,0x4e), C(0x8a,0xba,0xcd), C(0xeb,0x83,0x94), C(0x8a,0xba,0xcd), C(0x00,0x00,0x00), C(0x96,0x9c,0xbd), C(0xff,0x20,0x90), C(0x01,0xda,0xb2), C(0xe5,0xba,0x4e), C(0x0e,0xbf,0xff), C(0xeb,0x83,0x94), C(0x0e,0xbf,0xff), C(0x00,0x00,0x00)}},
    {"popping-and-locking", "Popping And Locking", true,
     C(0x18,0x19,0x21), C(0xeb,0xdb,0xb2), C(0xc7,0xc7,0xc7), C(0xeb,0xdb,0xb2), C(0x99,0xc6,0xca),
     {C(0x1d,0x20,0x21), C(0xcc,0x24,0x1d), C(0x98,0x97,0x1a), C(0xd7,0x99,0x21), C(0x45,0x85,0x88), C(0xb1,0x62,0x86), C(0x68,0x9d,0x6a), C(0xa8,0x99,0x84), C(0x92,0x83,0x74), C(0xf4,0x2c,0x3e), C(0xb8,0xbb,0x26), C(0xfa,0xbd,0x2f), C(0x99,0xc6,0xca), C(0xd3,0x86,0x9b), C(0x7e,0xc1,0x6e), C(0xeb,0xdb,0xb2)}},
    {"porcelain", "Porcelain", false,
     C(0xfb,0xfb,0xfd), C(0x2a,0x2e,0x37), C(0x00,0x54,0xd1), C(0xdc,0xe6,0xf7), C(0x00,0x5b,0xdb),
     {C(0x2a,0x2e,0x37), C(0xc6,0x00,0x18), C(0x15,0x74,0x24), C(0x85,0x57,0x00), C(0x00,0x4c,0xc8), C(0x76,0x1b,0xc3), C(0x00,0x68,0x73), C(0x5a,0x61,0x70), C(0x82,0x88,0x96), C(0xd6,0x00,0x27), C(0x1b,0x84,0x2d), C(0xaf,0x27,0x00), C(0x00,0x5b,0xdb), C(0x86,0x2a,0xd2), C(0x00,0x7f,0x8f), C(0x1b,0x1e,0x25)}},
    {"powershell", "Powershell", true,
     C(0x05,0x24,0x54), C(0xf6,0xf6,0xf7), C(0xf6,0xf6,0xf7), C(0xf6,0xf6,0xf7), C(0x26,0x8a,0xd2),
     {C(0x00,0x00,0x00), C(0x98,0x1a,0x22), C(0x09,0x80,0x03), C(0xc4,0xa0,0x00), C(0x41,0x40,0xc3), C(0xd3,0x36,0x82), C(0x0e,0x80,0x7f), C(0x7f,0x7c,0x7f), C(0x80,0x80,0x80), C(0xef,0x29,0x29), C(0x1c,0xfe,0x3c), C(0xfe,0xfe,0x45), C(0x26,0x8a,0xd2), C(0xfe,0x13,0xfa), C(0x29,0xff,0xfe), C(0xc2,0xc1,0xc3)}},
    {"primary", "Primary", false,
     C(0xff,0xff,0xff), C(0x00,0x00,0x00), C(0x00,0x00,0x00), C(0x65,0x65,0x65), C(0x42,0x85,0xf4),
     {C(0x00,0x00,0x00), C(0xdb,0x44,0x37), C(0x0f,0x9d,0x58), C(0xf4,0xb4,0x00), C(0x42,0x85,0xf4), C(0xdb,0x44,0x37), C(0x42,0x85,0xf4), C(0xbf,0xbf,0xbf), C(0x00,0x00,0x00), C(0xdb,0x44,0x37), C(0x0f,0x9d,0x58), C(0xf4,0xb4,0x00), C(0x42,0x85,0xf4), C(0x42,0x85,0xf4), C(0x0f,0x9d,0x58), C(0xff,0xff,0xff)}},
    {"prism", "Prism", true,
     C(0x0b,0x13,0x26), C(0xd7,0xe3,0xf4), C(0x56,0xd5,0xff), C(0x1e,0x2c,0x49), C(0x77,0xca,0xff),
     {C(0x06,0x0c,0x18), C(0xff,0x71,0x92), C(0x71,0xe0,0xb0), C(0xfa,0xd7,0x7c), C(0x47,0xb3,0xff), C(0x9d,0xa9,0xff), C(0x31,0xdc,0xf2), C(0xb6,0xc4,0xdc), C(0x5e,0x6f,0x90), C(0xff,0x96,0xad), C(0x93,0xec,0xc7), C(0xfc,0xa7,0x6d), C(0x77,0xca,0xff), C(0xb8,0xc1,0xff), C(0x6c,0xea,0xfb), C(0xea,0xf1,0xfb)}},
    {"pro", "Pro", true,
     C(0x00,0x00,0x00), C(0xf2,0xf2,0xf2), C(0x4d,0x4d,0x4d), C(0x41,0x41,0x41), C(0x20,0x09,0xdb),
     {C(0x00,0x00,0x00), C(0x99,0x00,0x00), C(0x00,0xa6,0x00), C(0x99,0x99,0x00), C(0x20,0x09,0xdb), C(0xb2,0x00,0xb2), C(0x00,0xa6,0xb2), C(0xbf,0xbf,0xbf), C(0x66,0x66,0x66), C(0xe5,0x00,0x00), C(0x00,0xd9,0x00), C(0xe5,0xe5,0x00), C(0x00,0x00,0xff), C(0xe5,0x00,0xe5), C(0x00,0xe5,0xe5), C(0xe5,0xe5,0xe5)}},
    {"pro-light", "Pro Light", false,
     C(0xff,0xff,0xff), C(0x19,0x19,0x19), C(0x4d,0x4d,0x4d), C(0xc1,0xdd,0xff), C(0x00,0x82,0xff),
     {C(0x00,0x00,0x00), C(0xe5,0x49,0x2b), C(0x50,0xd1,0x48), C(0xc6,0xc4,0x40), C(0x3b,0x75,0xff), C(0xed,0x66,0xe8), C(0x4e,0xd2,0xde), C(0xc2,0xc2,0xc2), C(0x9f,0x9f,0x9f), C(0xff,0x66,0x40), C(0x48,0xd5,0x3e), C(0xbf,0xbe,0x23), C(0x00,0x82,0xff), C(0xff,0x7e,0xff), C(0x3b,0xd1,0xd2), C(0xf2,0xf2,0xf2)}},
    {"purple-portal", "Purple Portal", true,
     C(0x16,0x05,0x28), C(0xfa,0xf5,0xff), C(0xfa,0xf5,0xff), C(0xfa,0xf5,0xff), C(0xfb,0xd6,0x44),
     {C(0x48,0x3a,0x57), C(0xfb,0x71,0x85), C(0x34,0xd3,0x99), C(0xf4,0x72,0xb6), C(0xfa,0xcc,0x15), C(0x38,0xbd,0xf8), C(0x58,0x0f,0xf0), C(0xd8,0xb4,0xfe), C(0x50,0x38,0x72), C(0xfc,0x8d,0x9d), C(0x5d,0xdc,0xad), C(0xf6,0x8b,0xc3), C(0xfb,0xd6,0x44), C(0x60,0xca,0xf9), C(0x79,0x3f,0xf3), C(0xfa,0xf5,0xff)}},
    {"purple-rain", "Purple Rain", true,
     C(0x21,0x08,0x4a), C(0xff,0xfb,0xf6), C(0xff,0x27,0x1d), C(0x28,0x76,0x91), C(0x00,0xa6,0xff),
     {C(0x00,0x00,0x00), C(0xff,0x26,0x0e), C(0x9b,0xe2,0x05), C(0xff,0xc4,0x00), C(0x00,0xa2,0xfa), C(0x81,0x5b,0xb5), C(0x00,0xde,0xef), C(0xff,0xff,0xff), C(0x56,0x56,0x56), C(0xff,0x42,0x50), C(0xb8,0xe3,0x6e), C(0xff,0xd8,0x52), C(0x00,0xa6,0xff), C(0xac,0x7b,0xf0), C(0x74,0xfd,0xf3), C(0xff,0xff,0xff)}},
    {"purplepeter", "Purplepeter", true,
     C(0x2a,0x1a,0x4a), C(0xec,0xe7,0xfa), C(0xc7,0xc7,0xc7), C(0x86,0x89,0xc2), C(0x79,0xda,0xed),
     {C(0x0a,0x05,0x20), C(0xff,0x79,0x6d), C(0x99,0xb4,0x81), C(0xef,0xdf,0xac), C(0x66,0xd9,0xef), C(0xe7,0x8f,0xcd), C(0xba,0x8c,0xff), C(0xff,0xba,0x81), C(0x50,0x4b,0x63), C(0xf9,0x9f,0x92), C(0xb4,0xbe,0x8f), C(0xf2,0xe9,0xbf), C(0x79,0xda,0xed), C(0xba,0x91,0xd4), C(0xa0,0xa0,0xd6), C(0xb9,0xae,0xd3)}},
    {"pyrokai", "Pyrokai", true,
     C(0x15,0x13,0x12), C(0xfa,0xf6,0xf5), C(0xea,0x73,0x32), C(0x31,0x2d,0x2b), C(0x5b,0xb3,0xff),
     {C(0x24,0x21,0x20), C(0xec,0x67,0x85), C(0x75,0xad,0x2f), C(0xbb,0x95,0x00), C(0x2a,0xa0,0xf9), C(0xe7,0x68,0x99), C(0x00,0xae,0xbd), C(0xb4,0xaf,0xad), C(0x80,0x7c,0x7a), C(0xfa,0x80,0x99), C(0x8b,0xbf,0x53), C(0xd0,0xa7,0x0e), C(0x5b,0xb3,0xff), C(0xf6,0x81,0xac), C(0x00,0xc3,0xd3), C(0xfa,0xf6,0xf5)}},
    {"pyrokai-light", "Pyrokai Light", false,
     C(0xfa,0xf6,0xf5), C(0x24,0x21,0x20), C(0xb6,0x53,0x18), C(0xe4,0xe0,0xde), C(0x0f,0x61,0x9d),
     {C(0x24,0x21,0x20), C(0xb8,0x49,0x63), C(0x56,0x84,0x13), C(0x8e,0x71,0x00), C(0x09,0x79,0xc4), C(0xb4,0x4a,0x74), C(0x00,0x84,0x90), C(0xb4,0xaf,0xad), C(0x80,0x7c,0x7a), C(0x94,0x3c,0x50), C(0x45,0x6a,0x13), C(0x73,0x5a,0x00), C(0x0f,0x61,0x9d), C(0x91,0x3c,0x5d), C(0x00,0x6a,0x74), C(0xfa,0xf6,0xf5)}},
    {"rapture", "Rapture", true,
     C(0x11,0x1e,0x2a), C(0xc0,0xc9,0xe5), C(0xff,0xff,0xff), C(0x30,0x4b,0x66), C(0x6c,0x9b,0xf5),
     {C(0x00,0x00,0x00), C(0xfc,0x64,0x4d), C(0x7a,0xfd,0xe1), C(0xff,0xf0,0x9b), C(0x6c,0x9b,0xf5), C(0xff,0x4f,0xa1), C(0x64,0xe0,0xff), C(0xc0,0xc9,0xe5), C(0x30,0x4b,0x66), C(0xfc,0x64,0x4d), C(0x7a,0xfd,0xe1), C(0xff,0xf0,0x9b), C(0x6c,0x9b,0xf5), C(0xff,0x4f,0xa1), C(0x64,0xe0,0xff), C(0xff,0xff,0xff)}},
    {"raycast-dark", "Raycast Dark", true,
     C(0x1a,0x1a,0x1a), C(0xff,0xff,0xff), C(0xcc,0xcc,0xcc), C(0x33,0x33,0x33), C(0x56,0xc2,0xff),
     {C(0x00,0x00,0x00), C(0xff,0x53,0x60), C(0x59,0xd4,0x99), C(0xff,0xc5,0x31), C(0x56,0xc2,0xff), C(0xcf,0x2f,0x98), C(0x52,0xee,0xe5), C(0xff,0xff,0xff), C(0x4c,0x4c,0x4c), C(0xff,0x63,0x63), C(0x59,0xd4,0x99), C(0xff,0xc5,0x31), C(0x56,0xc2,0xff), C(0xcf,0x2f,0x98), C(0x52,0xee,0xe5), C(0xff,0xff,0xff)}},
    {"raycast-light", "Raycast Light", false,
     C(0xff,0xff,0xff), C(0x00,0x00,0x00), C(0x00,0x00,0x00), C(0xe5,0xe5,0xe5), C(0x13,0x8a,0xf2),
     {C(0x00,0x00,0x00), C(0xb1,0x24,0x24), C(0x00,0x6b,0x4f), C(0xf8,0xa3,0x00), C(0x13,0x8a,0xf2), C(0x9a,0x1b,0x6e), C(0x3e,0xb8,0xbf), C(0xbf,0xbf,0xbf), C(0x00,0x00,0x00), C(0xb1,0x24,0x24), C(0x00,0x6b,0x4f), C(0xf8,0xa3,0x00), C(0x13,0x8a,0xf2), C(0x9a,0x1b,0x6e), C(0x3e,0xb8,0xbf), C(0xff,0xff,0xff)}},
    {"rebecca", "Rebecca", true,
     C(0x29,0x2a,0x44), C(0xe8,0xe6,0xed), C(0xb8,0x9b,0xf9), C(0x66,0x33,0x99), C(0x69,0xc0,0xfa),
     {C(0x12,0x13,0x1e), C(0xdd,0x77,0x55), C(0x04,0xdb,0xb5), C(0xf2,0xe7,0xb7), C(0x7a,0xa5,0xff), C(0xbf,0x9c,0xf9), C(0x56,0xd3,0xc2), C(0xe4,0xe3,0xe9), C(0x66,0x66,0x99), C(0xff,0x92,0xcd), C(0x01,0xea,0xc0), C(0xff,0xfc,0xa8), C(0x69,0xc0,0xfa), C(0xc1,0x7f,0xf8), C(0x8b,0xfd,0xe1), C(0xf4,0xf2,0xf9)}},
    {"red-alert", "Red Alert", true,
     C(0x76,0x24,0x23), C(0xff,0xff,0xff), C(0xff,0xff,0xff), C(0x07,0x36,0x42), C(0x65,0xaa,0xf1),
     {C(0x00,0x00,0x00), C(0xd6,0x2e,0x4e), C(0x71,0xbe,0x6b), C(0xbe,0xb8,0x6b), C(0x48,0x9b,0xee), C(0xe9,0x79,0xd7), C(0x6b,0xbe,0xb8), C(0xd6,0xd6,0xd6), C(0x66,0x66,0x66), C(0xe0,0x25,0x53), C(0xaf,0xf0,0x8c), C(0xdf,0xdd,0xb7), C(0x65,0xaa,0xf1), C(0xdd,0xb7,0xdf), C(0xb7,0xdf,0xdd), C(0xff,0xff,0xff)}},
    {"red-planet", "Red Planet", true,
     C(0x22,0x22,0x22), C(0xc2,0xb7,0x90), C(0xc2,0xb7,0x90), C(0x1b,0x32,0x4a), C(0x60,0x82,0x7e),
     {C(0x20,0x20,0x20), C(0x8c,0x34,0x32), C(0x72,0x82,0x71), C(0xe8,0xbf,0x6a), C(0x69,0x81,0x9e), C(0x89,0x64,0x92), C(0x5b,0x83,0x90), C(0xb9,0xaa,0x99), C(0x67,0x67,0x67), C(0xb5,0x52,0x42), C(0x86,0x99,0x85), C(0xeb,0xeb,0x91), C(0x60,0x82,0x7e), C(0xde,0x49,0x74), C(0x38,0xad,0xd8), C(0xd6,0xbf,0xb8)}},
    {"red-sands", "Red Sands", true,
     C(0x7a,0x25,0x1e), C(0xd7,0xc9,0xa7), C(0xff,0xff,0xff), C(0xa4,0xa3,0x90), C(0x00,0x72,0xae),
     {C(0x00,0x00,0x00), C(0xff,0x3f,0x00), C(0x00,0xbb,0x00), C(0xe7,0xb0,0x00), C(0x00,0x72,0xff), C(0xbb,0x00,0xbb), C(0x00,0xbb,0xbb), C(0xbb,0xbb,0xbb), C(0x6e,0x6e,0x6e), C(0xd4,0x1a,0x1a), C(0x00,0xbb,0x00), C(0xe7,0xb0,0x00), C(0x00,0x72,0xae), C(0xff,0x55,0xff), C(0x55,0xff,0xff), C(0xff,0xff,0xff)}},
    {"relaxed", "Relaxed", true,
     C(0x35,0x3a,0x44), C(0xd9,0xd9,0xd9), C(0xd9,0xd9,0xd9), C(0x6a,0x79,0x85), C(0x7e,0xaa,0xc7),
     {C(0x15,0x15,0x15), C(0xbc,0x56,0x53), C(0x90,0x9d,0x63), C(0xeb,0xc1,0x7a), C(0x6a,0x87,0x99), C(0xb0,0x66,0x98), C(0xc9,0xdf,0xff), C(0xd9,0xd9,0xd9), C(0x63,0x63,0x63), C(0xbc,0x56,0x53), C(0xa0,0xac,0x77), C(0xeb,0xc1,0x7a), C(0x7e,0xaa,0xc7), C(0xb0,0x66,0x98), C(0xac,0xbb,0xd0), C(0xf7,0xf7,0xf7)}},
    {"retro", "Retro", true,
     C(0x00,0x00,0x00), C(0x13,0xa1,0x0e), C(0x13,0xa1,0x0e), C(0xff,0xff,0xff), C(0x16,0xba,0x10),
     {C(0x13,0xa1,0x0e), C(0x13,0xa1,0x0e), C(0x13,0xa1,0x0e), C(0x13,0xa1,0x0e), C(0x13,0xa1,0x0e), C(0x13,0xa1,0x0e), C(0x13,0xa1,0x0e), C(0x13,0xa1,0x0e), C(0x16,0xba,0x10), C(0x16,0xba,0x10), C(0x16,0xba,0x10), C(0x16,0xba,0x10), C(0x16,0xba,0x10), C(0x16,0xba,0x10), C(0x16,0xba,0x10), C(0x16,0xba,0x10)}},
    {"retro-legends", "Retro Legends", true,
     C(0x0d,0x0d,0x0d), C(0x45,0xeb,0x45), C(0x45,0xeb,0x45), C(0x33,0x66,0x33), C(0x4c,0x80,0xff),
     {C(0x26,0x26,0x26), C(0xde,0x54,0x54), C(0x45,0xeb,0x45), C(0xf7,0xbf,0x2b), C(0x40,0x66,0xf2), C(0xbf,0x4c,0xf2), C(0x40,0xd9,0xe6), C(0xbf,0xe6,0xbf), C(0x4c,0x59,0x4c), C(0xff,0x66,0x66), C(0x59,0xff,0x59), C(0xff,0xd9,0x33), C(0x4c,0x80,0xff), C(0xe6,0x66,0xff), C(0x59,0xe6,0xff), C(0xf2,0xff,0xf2)}},
    {"rippedcasts", "Rippedcasts", true,
     C(0x2b,0x2b,0x2b), C(0xff,0xff,0xff), C(0x7f,0x7f,0x7f), C(0x5a,0x64,0x7e), C(0x86,0xbd,0xc9),
     {C(0x00,0x00,0x00), C(0xcd,0xaf,0x95), C(0xa8,0xff,0x60), C(0xbf,0xbb,0x1f), C(0x75,0xa5,0xb0), C(0xff,0x73,0xfd), C(0x5a,0x64,0x7e), C(0xbf,0xbf,0xbf), C(0x66,0x66,0x66), C(0xee,0xcb,0xad), C(0xbc,0xee,0x68), C(0xe5,0xe5,0x00), C(0x86,0xbd,0xc9), C(0xe5,0x00,0xe5), C(0x8c,0x9b,0xc4), C(0xe5,0xe5,0xe5)}},
    {"rose-pine", "Rose Pine", true,
     C(0x19,0x17,0x24), C(0xe0,0xde,0xf4), C(0xe0,0xde,0xf4), C(0x40,0x3d,0x52), C(0x9c,0xcf,0xd8),
     {C(0x26,0x23,0x3a), C(0xeb,0x6f,0x92), C(0x31,0x74,0x8f), C(0xf6,0xc1,0x77), C(0x9c,0xcf,0xd8), C(0xc4,0xa7,0xe7), C(0xeb,0xbc,0xba), C(0xe0,0xde,0xf4), C(0x6e,0x6a,0x86), C(0xeb,0x6f,0x92), C(0x31,0x74,0x8f), C(0xf6,0xc1,0x77), C(0x9c,0xcf,0xd8), C(0xc4,0xa7,0xe7), C(0xeb,0xbc,0xba), C(0xe0,0xde,0xf4)}},
    {"rose-pine-dawn", "Rose Pine Dawn", false,
     C(0xfa,0xf4,0xed), C(0x57,0x52,0x79), C(0x57,0x52,0x79), C(0xdf,0xda,0xd9), C(0x56,0x94,0x9f),
     {C(0xf2,0xe9,0xe1), C(0xb4,0x63,0x7a), C(0x28,0x69,0x83), C(0xea,0x9d,0x34), C(0x56,0x94,0x9f), C(0x90,0x7a,0xa9), C(0xd7,0x82,0x7e), C(0x57,0x52,0x79), C(0x98,0x93,0xa5), C(0xb4,0x63,0x7a), C(0x28,0x69,0x83), C(0xea,0x9d,0x34), C(0x56,0x94,0x9f), C(0x90,0x7a,0xa9), C(0xd7,0x82,0x7e), C(0x57,0x52,0x79)}},
    {"rose-pine-moon", "Rose Pine Moon", true,
     C(0x23,0x21,0x36), C(0xe0,0xde,0xf4), C(0xe0,0xde,0xf4), C(0x44,0x41,0x5a), C(0x9c,0xcf,0xd8),
     {C(0x39,0x35,0x52), C(0xeb,0x6f,0x92), C(0x3e,0x8f,0xb0), C(0xf6,0xc1,0x77), C(0x9c,0xcf,0xd8), C(0xc4,0xa7,0xe7), C(0xea,0x9a,0x97), C(0xe0,0xde,0xf4), C(0x6e,0x6a,0x86), C(0xeb,0x6f,0x92), C(0x3e,0x8f,0xb0), C(0xf6,0xc1,0x77), C(0x9c,0xcf,0xd8), C(0xc4,0xa7,0xe7), C(0xea,0x9a,0x97), C(0xe0,0xde,0xf4)}},
    {"rouge-2", "Rouge 2", true,
     C(0x17,0x18,0x2b), C(0xa2,0xa3,0xaa), C(0x96,0x9e,0x92), C(0x5d,0x5d,0x6b), C(0x98,0xb3,0xcd),
     {C(0x5d,0x5d,0x6b), C(0xc6,0x79,0x7e), C(0x96,0x9e,0x92), C(0xdb,0xcd,0xab), C(0x6e,0x94,0xb9), C(0x4c,0x4e,0x78), C(0x8a,0xb6,0xc1), C(0xe8,0xe8,0xea), C(0x61,0x62,0x74), C(0xc6,0x79,0x7e), C(0xe6,0xdc,0xc4), C(0xe6,0xdc,0xc4), C(0x98,0xb3,0xcd), C(0x82,0x83,0xa1), C(0xab,0xcb,0xd3), C(0xe8,0xe8,0xea)}},
    {"royal", "Royal", true,
     C(0x10,0x08,0x15), C(0x51,0x49,0x68), C(0x52,0x49,0x66), C(0x1f,0x1d,0x2b), C(0x90,0xba,0xf9),
     {C(0x24,0x1f,0x2b), C(0x91,0x28,0x4c), C(0x23,0x80,0x1c), C(0xb4,0x9d,0x27), C(0x65,0x80,0xb0), C(0x67,0x4d,0x96), C(0x8a,0xaa,0xbe), C(0x52,0x49,0x66), C(0x3e,0x3a,0x4a), C(0xd5,0x35,0x6c), C(0x2c,0xd9,0x46), C(0xfd,0xe8,0x3b), C(0x90,0xba,0xf9), C(0xa4,0x79,0xe3), C(0xac,0xd4,0xeb), C(0x9e,0x8c,0xbd)}},
    {"ryuuko", "Ryuuko", true,
     C(0x2c,0x39,0x41), C(0xec,0xec,0xec), C(0xec,0xec,0xec), C(0x00,0x28,0x31), C(0x6a,0x8e,0x95),
     {C(0x2c,0x39,0x41), C(0x86,0x5f,0x5b), C(0x66,0x90,0x7d), C(0xb1,0xa9,0x90), C(0x6a,0x8e,0x95), C(0xb1,0x8a,0x73), C(0x88,0xb2,0xac), C(0xec,0xec,0xec), C(0x5d,0x70,0x79), C(0x86,0x5f,0x5b), C(0x66,0x90,0x7d), C(0xb1,0xa9,0x90), C(0x6a,0x8e,0x95), C(0xb1,0x8a,0x73), C(0x88,0xb2,0xac), C(0xec,0xec,0xec)}},
    {"sakura", "Sakura", true,
     C(0x18,0x13,0x1e), C(0xdd,0x7b,0xdc), C(0xff,0x65,0xfd), C(0xc0,0x5c,0xbf), C(0x98,0x92,0xf1),
     {C(0x00,0x00,0x00), C(0xd5,0x23,0x70), C(0x41,0xaf,0x1a), C(0xbc,0x70,0x53), C(0x69,0x64,0xab), C(0xc7,0x1f,0xbf), C(0x93,0x93,0x93), C(0x99,0x8e,0xac), C(0x78,0x6d,0x69), C(0xf4,0x1d,0x99), C(0x22,0xe5,0x29), C(0xf5,0x95,0x74), C(0x98,0x92,0xf1), C(0xe9,0x0c,0xdd), C(0xee,0xee,0xee), C(0xcb,0xb6,0xff)}},
    {"sandstone-classic", "Sandstone Classic", false,
     C(0xfd,0xf6,0xe3), C(0x3d,0x52,0x59), C(0x3d,0x52,0x59), C(0xe4,0xdc,0xc8), C(0x5c,0x6f,0x6f),
     {C(0x07,0x36,0x42), C(0xcf,0x25,0x22), C(0x5d,0x7b,0x00), C(0x86,0x5e,0x00), C(0x0d,0x6e,0xb2), C(0xc4,0x2a,0x78), C(0x03,0x7a,0x71), C(0x6e,0x68,0x55), C(0x3d,0x52,0x59), C(0xc0,0x40,0x10), C(0x5e,0x71,0x71), C(0x5b,0x70,0x70), C(0x5c,0x6f,0x6f), C(0x5f,0x64,0xb7), C(0x5f,0x6e,0x6e), C(0xfd,0xf6,0xe3)}},
    {"sandstone-ink", "Sandstone Ink", false,
     C(0xfd,0xf6,0xe3), C(0x2b,0x3d,0x45), C(0x2b,0x3d,0x45), C(0xdd,0xd8,0xc0), C(0x5c,0x6f,0x6f),
     {C(0x00,0x2b,0x36), C(0xcf,0x25,0x22), C(0x4b,0x70,0x00), C(0x90,0x68,0x00), C(0x0d,0x6f,0xa8), C(0xb5,0x00,0x6e), C(0x00,0x75,0x6d), C(0x6e,0x68,0x55), C(0x2b,0x3d,0x45), C(0xb3,0x30,0x00), C(0x53,0x68,0x68), C(0x56,0x6c,0x6c), C(0x5c,0x6f,0x6f), C(0x5f,0x64,0xb7), C(0x5f,0x6e,0x6e), C(0xfd,0xf6,0xe3)}},
    {"sandstone-warm", "Sandstone Warm", false,
     C(0xfd,0xf6,0xe3), C(0x3e,0x32,0x20), C(0x3e,0x32,0x20), C(0xe8,0xdf,0xc4), C(0x5c,0x6f,0x6f),
     {C(0x2e,0x20,0x10), C(0xcf,0x25,0x22), C(0x5d,0x7b,0x00), C(0x86,0x5e,0x00), C(0x0d,0x6e,0xb2), C(0xb5,0x2d,0x6e), C(0x03,0x7a,0x71), C(0x75,0x6c,0x51), C(0x5c,0x4a,0x2a), C(0xc0,0x40,0x10), C(0x7f,0x66,0x48), C(0x7d,0x66,0x46), C(0x5c,0x6f,0x6f), C(0x5f,0x64,0xb7), C(0x5f,0x6e,0x6e), C(0xfd,0xf6,0xe3)}},
    {"sauber", "Sauber", false,
     C(0xec,0xff,0xe5), C(0x13,0x45,0xf6), C(0x00,0x00,0x00), C(0xb3,0xd7,0xff), C(0xa7,0xab,0xf2),
     {C(0x14,0x19,0x1e), C(0xb4,0x3c,0x2a), C(0x00,0xc2,0x00), C(0xc7,0xc4,0x00), C(0x27,0x44,0xc7), C(0xc0,0x40,0xbe), C(0x00,0xc5,0xc7), C(0xba,0xba,0xba), C(0x68,0x68,0x68), C(0xdd,0x79,0x75), C(0x3f,0xcd,0x76), C(0xc6,0xbb,0x00), C(0xa7,0xab,0xf2), C(0xe1,0x7e,0xe1), C(0x04,0x8b,0x8f), C(0xa4,0x80,0x1c)}},
    {"scarlet-protocol", "Scarlet Protocol", true,
     C(0x1c,0x15,0x3d), C(0xe4,0x19,0x51), C(0x76,0xff,0x9f), C(0xc1,0xde,0xff), C(0x68,0x71,0xff),
     {C(0x10,0x11,0x16), C(0xff,0x00,0x51), C(0x00,0xdc,0x84), C(0xfa,0xf9,0x45), C(0x02,0x71,0xb6), C(0xca,0x30,0xc7), C(0x00,0xc5,0xc7), C(0xc7,0xc7,0xc7), C(0x68,0x68,0x68), C(0xff,0x6e,0x67), C(0x5f,0xfa,0x68), C(0xff,0xfc,0x67), C(0x68,0x71,0xff), C(0xbd,0x35,0xec), C(0x60,0xfd,0xff), C(0xff,0xff,0xff)}},
    {"sea-shells", "Sea Shells", true,
     C(0x09,0x14,0x1b), C(0xde,0xb8,0x8d), C(0xfc,0xa0,0x2f), C(0x1e,0x49,0x62), C(0x1b,0xbc,0xdd),
     {C(0x17,0x38,0x4c), C(0xd1,0x51,0x23), C(0x02,0x7c,0x9b), C(0xfc,0xa0,0x2f), C(0x1e,0x49,0x50), C(0x68,0xd4,0xf1), C(0x50,0xa3,0xb5), C(0xde,0xb8,0x8d), C(0x43,0x4b,0x53), C(0xd4,0x86,0x78), C(0x62,0x8d,0x98), C(0xfd,0xd3,0x9f), C(0x1b,0xbc,0xdd), C(0xbb,0xe3,0xee), C(0x87,0xac,0xb4), C(0xfe,0xe4,0xce)}},
    {"seafoam-pastel", "Seafoam Pastel", true,
     C(0x24,0x34,0x35), C(0xd4,0xe7,0xd4), C(0x57,0x64,0x7a), C(0xff,0xff,0xff), C(0x7a,0xc3,0xcf),
     {C(0x75,0x75,0x75), C(0x82,0x5d,0x4d), C(0x72,0x8c,0x62), C(0xad,0xa1,0x6d), C(0x4d,0x7b,0x82), C(0x8a,0x72,0x67), C(0x72,0x94,0x94), C(0xe0,0xe0,0xe0), C(0x8a,0x8a,0x8a), C(0xcf,0x93,0x7a), C(0x98,0xd9,0xaa), C(0xfa,0xe7,0x9d), C(0x7a,0xc3,0xcf), C(0xd6,0xb2,0xa1), C(0xad,0xe0,0xe0), C(0xe0,0xe0,0xe0)}},
    {"seedflip-abyss", "SeedFlip Abyss", true,
     C(0x05,0x05,0x10), C(0xe0,0xe0,0xf0), C(0x6e,0x56,0xcf), C(0x0c,0x0c,0x1e), C(0x9c,0xb9,0xe3),
     {C(0x03,0x03,0x08), C(0xd2,0x60,0x60), C(0x60,0xd2,0x86), C(0xd2,0xbf,0x60), C(0x60,0x90,0xd2), C(0xd2,0x60,0xd2), C(0x60,0xd2,0xd2), C(0xf1,0xf1,0xf8), C(0x3d,0x3d,0x70), C(0xe3,0x9c,0x9c), C(0x9c,0xe3,0xb3), C(0xe3,0xd7,0x9c), C(0x9c,0xb9,0xe3), C(0xe3,0x9c,0xe3), C(0x9c,0xe3,0xe3), C(0xff,0xff,0xff)}},
    {"seedflip-amethyst", "SeedFlip Amethyst", false,
     C(0xf8,0xf7,0xf6), C(0x1a,0x0a,0x2e), C(0x63,0x5b,0xff), C(0xff,0xff,0xff), C(0x2b,0x7c,0xee),
     {C(0xd7,0xd1,0xcb), C(0xbd,0x0f,0x0f), C(0x0f,0xbd,0x49), C(0xbd,0xa0,0x0f), C(0x0f,0x58,0xbd), C(0xbd,0x0f,0xbd), C(0x0f,0xbd,0xbd), C(0x0e,0x05,0x19), C(0xb5,0xab,0xa0), C(0xee,0x2b,0x2b), C(0x12,0xd4,0x52), C(0xd4,0xb3,0x12), C(0x2b,0x7c,0xee), C(0xee,0x2b,0xee), C(0x05,0xc8,0xc8), C(0x1a,0x0a,0x2e)}},
    {"seedflip-canopy", "SeedFlip Canopy", true,
     C(0x0f,0x17,0x14), C(0xed,0xed,0xed), C(0x3e,0xcf,0x8e), C(0x17,0x1f,0x1b), C(0x99,0xb9,0xe6),
     {C(0x0b,0x11,0x0f), C(0xd6,0x5c,0x5c), C(0x5c,0xd6,0x85), C(0xd6,0xc2,0x5c), C(0x5c,0x8f,0xd6), C(0xd6,0x5c,0xd6), C(0x5c,0xd6,0xd6), C(0xfa,0xfa,0xfa), C(0x2d,0x45,0x3c), C(0xe6,0x99,0x99), C(0x99,0xe6,0xb2), C(0xe6,0xd9,0x99), C(0x99,0xb9,0xe6), C(0xe6,0x99,0xe6), C(0x99,0xe6,0xe6), C(0xff,0xff,0xff)}},
    {"seedflip-carbon", "SeedFlip Carbon", false,
     C(0xfa,0xfa,0xfa), C(0x00,0x00,0x00), C(0x00,0x00,0x00), C(0xff,0xff,0xff), C(0x53,0x83,0xc6),
     {C(0xd4,0xd4,0xd4), C(0x99,0x33,0x33), C(0x33,0x99,0x55), C(0x99,0x88,0x33), C(0x33,0x5d,0x99), C(0x99,0x33,0x99), C(0x33,0x99,0x99), C(0x00,0x00,0x00), C(0xae,0xae,0xae), C(0xc6,0x53,0x53), C(0x53,0xc6,0x79), C(0xc6,0xb3,0x53), C(0x53,0x83,0xc6), C(0xc6,0x53,0xc6), C(0x53,0xc6,0xc6), C(0x00,0x00,0x00)}},
    {"seedflip-coral", "SeedFlip Coral", false,
     C(0xff,0xff,0xff), C(0x1d,0x1d,0x1d), C(0xf2,0x4e,0x1e), C(0xf5,0xf5,0xf5), C(0x2b,0x7c,0xee),
     {C(0xd9,0xd9,0xd9), C(0xbd,0x0f,0x0f), C(0x0f,0xbd,0x49), C(0xbd,0xa0,0x0f), C(0x0f,0x58,0xbd), C(0xbd,0x0f,0xbd), C(0x0f,0xbd,0xbd), C(0x10,0x10,0x10), C(0xb3,0xb3,0xb3), C(0xee,0x2b,0x2b), C(0x12,0xd4,0x52), C(0xe1,0xc0,0x1e), C(0x2b,0x7c,0xee), C(0xee,0x2b,0xee), C(0x12,0xd4,0xd4), C(0x1d,0x1d,0x1d)}},
    {"seedflip-ember", "SeedFlip Ember", true,
     C(0x0a,0x0a,0x0a), C(0xed,0xed,0xed), C(0xff,0x6b,0x3d), C(0x14,0x14,0x14), C(0x89,0xb6,0xf5),
     {C(0x05,0x05,0x05), C(0xf0,0x42,0x42), C(0x42,0xf0,0x7c), C(0xf0,0xd3,0x42), C(0x42,0x8b,0xf0), C(0xf0,0x42,0xf0), C(0x42,0xf0,0xf0), C(0xfa,0xfa,0xfa), C(0x3d,0x3d,0x3d), C(0xf5,0x89,0x89), C(0x89,0xf5,0xad), C(0xf5,0xe3,0x89), C(0x89,0xb6,0xf5), C(0xf5,0x89,0xf5), C(0x89,0xf5,0xf5), C(0xff,0xff,0xff)}},
    {"seedflip-glacier", "SeedFlip Glacier", false,
     C(0xf8,0xfa,0xfc), C(0x0f,0x17,0x2a), C(0x0e,0xa5,0xe9), C(0xff,0xff,0xff), C(0x2b,0x7c,0xee),
     {C(0xc2,0xd4,0xe5), C(0xbd,0x0f,0x0f), C(0x0f,0xbd,0x49), C(0xbd,0xa0,0x0f), C(0x0f,0x58,0xbd), C(0xbd,0x0f,0xbd), C(0x0f,0xbd,0xbd), C(0x08,0x0d,0x17), C(0x8d,0xad,0xce), C(0xee,0x2b,0x2b), C(0x12,0xd4,0x52), C(0xd4,0xb3,0x12), C(0x2b,0x7c,0xee), C(0xee,0x2b,0xee), C(0x12,0xd4,0xd4), C(0x0f,0x17,0x2a)}},
    {"seedflip-inkwell", "SeedFlip Inkwell", true,
     C(0x0a,0x0a,0x0a), C(0xe8,0xe4,0xdf), C(0xc8,0xb8,0xa0), C(0x14,0x14,0x14), C(0x9f,0xba,0xdf),
     {C(0x05,0x05,0x05), C(0xcc,0x66,0x66), C(0x66,0xcc,0x88), C(0xcc,0xbb,0x66), C(0x66,0x90,0xcc), C(0xcc,0x66,0xcc), C(0x66,0xcc,0xcc), C(0xf3,0xf1,0xee), C(0x3d,0x3d,0x3d), C(0xdf,0x9f,0x9f), C(0x9f,0xdf,0xb5), C(0xdf,0xd4,0x9f), C(0x9f,0xba,0xdf), C(0xdf,0x9f,0xdf), C(0x9f,0xdf,0xdf), C(0xff,0xff,0xff)}},
    {"seedflip-ivory", "SeedFlip Ivory", false,
     C(0xff,0xff,0xff), C(0x0a,0x25,0x40), C(0x63,0x5b,0xff), C(0xf6,0xf9,0xfc), C(0x2b,0x7c,0xee),
     {C(0xd9,0xd9,0xd9), C(0xbd,0x0f,0x0f), C(0x0f,0xbd,0x49), C(0xbd,0xa0,0x0f), C(0x0f,0x58,0xbd), C(0xbd,0x0f,0xbd), C(0x0f,0xbd,0xbd), C(0x07,0x18,0x2a), C(0xb3,0xb3,0xb3), C(0xee,0x2b,0x2b), C(0x12,0xd4,0x52), C(0xe1,0xc0,0x1e), C(0x2b,0x7c,0xee), C(0xee,0x2b,0xee), C(0x12,0xd4,0xd4), C(0x0a,0x25,0x40)}},
    {"seedflip-nightfall", "SeedFlip Nightfall", true,
     C(0x0a,0x0a,0x0f), C(0xe4,0xe4,0xe7), C(0x81,0x8c,0xf8), C(0x12,0x12,0x1a), C(0x89,0xb6,0xf5),
     {C(0x06,0x06,0x09), C(0xf0,0x42,0x42), C(0x42,0xf0,0x7c), C(0xf0,0xd3,0x42), C(0x42,0x8b,0xf0), C(0xf0,0x42,0xf0), C(0x42,0xf0,0xf0), C(0xf2,0xf2,0xf3), C(0x42,0x42,0x56), C(0xf5,0x89,0x89), C(0x89,0xf5,0xad), C(0xf5,0xe3,0x89), C(0x89,0xb6,0xf5), C(0xf5,0x89,0xf5), C(0x89,0xf5,0xf5), C(0xff,0xff,0xff)}},
    {"seedflip-phosphor", "SeedFlip Phosphor", true,
     C(0x0c,0x0c,0x0c), C(0xb3,0xff,0xb3), C(0x00,0xff,0x88), C(0x14,0x14,0x14), C(0x89,0xb6,0xf5),
     {C(0x07,0x07,0x07), C(0xf0,0x42,0x42), C(0x42,0xf0,0x7c), C(0xf0,0xd3,0x42), C(0x42,0x8b,0xf0), C(0xf0,0x42,0xf0), C(0x42,0xf0,0xf0), C(0xcd,0xff,0xcd), C(0x3f,0x3f,0x3f), C(0xf5,0x89,0x89), C(0x89,0xf5,0xad), C(0xf5,0xe3,0x89), C(0x89,0xb6,0xf5), C(0xf5,0x89,0xf5), C(0x89,0xf5,0xf5), C(0xff,0xff,0xff)}},
    {"seedflip-pulse", "SeedFlip Pulse", true,
     C(0x12,0x12,0x12), C(0xff,0xff,0xff), C(0x1d,0xb9,0x54), C(0x1a,0x1a,0x1a), C(0x91,0xb8,0xee),
     {C(0x0d,0x0d,0x0d), C(0xe3,0x4f,0x4f), C(0x4f,0xe3,0x80), C(0xe3,0xcb,0x4f), C(0x4f,0x8d,0xe3), C(0xe3,0x4f,0xe3), C(0x4f,0xe3,0xe3), C(0xff,0xff,0xff), C(0x45,0x45,0x45), C(0xee,0x91,0x91), C(0x91,0xee,0xb0), C(0xee,0xde,0x91), C(0x91,0xb8,0xee), C(0xee,0x91,0xee), C(0x91,0xee,0xee), C(0xff,0xff,0xff)}},
    {"seedflip-ultraviolet", "SeedFlip Ultraviolet", true,
     C(0x0b,0x00,0x14), C(0xe8,0xe0,0xf5), C(0xc7,0x7d,0xff), C(0x13,0x08,0x2a), C(0x89,0xb6,0xf5),
     {C(0x05,0x00,0x0a), C(0xf0,0x42,0x42), C(0x42,0xf0,0x7c), C(0xf0,0xd3,0x42), C(0x42,0x8b,0xf0), C(0xf0,0x42,0xf0), C(0x42,0xf0,0xf0), C(0xf6,0xf3,0xfb), C(0x5b,0x26,0x87), C(0xf5,0x89,0x89), C(0x89,0xf5,0xad), C(0xf5,0xe3,0x89), C(0x89,0xb6,0xf5), C(0xf5,0x89,0xf5), C(0x89,0xf5,0xf5), C(0xff,0xff,0xff)}},
    {"seedflip-voltage", "SeedFlip Voltage", true,
     C(0x0a,0x0a,0x0a), C(0xf0,0xf0,0xf0), C(0xa6,0xff,0x00), C(0x14,0x14,0x14), C(0x89,0xb6,0xf5),
     {C(0x05,0x05,0x05), C(0xf0,0x42,0x42), C(0x42,0xf0,0x7c), C(0xf0,0xd3,0x42), C(0x42,0x8b,0xf0), C(0xf0,0x42,0xf0), C(0x42,0xf0,0xf0), C(0xfd,0xfd,0xfd), C(0x3d,0x3d,0x3d), C(0xf5,0x89,0x89), C(0x89,0xf5,0xad), C(0xf5,0xe3,0x89), C(0x89,0xb6,0xf5), C(0xf5,0x89,0xf5), C(0x89,0xf5,0xf5), C(0xff,0xff,0xff)}},
    {"seedflip-wavelength", "SeedFlip Wavelength", true,
     C(0x0d,0x11,0x17), C(0xe6,0xed,0xf3), C(0x23,0x86,0x36), C(0x16,0x1b,0x22), C(0x9a,0xb9,0xe5),
     {C(0x09,0x0c,0x10), C(0xd5,0x5d,0x5d), C(0x5d,0xd5,0x85), C(0xd5,0xc1,0x5d), C(0x5d,0x8f,0xd5), C(0xd5,0x5d,0xd5), C(0x5d,0xd5,0xd5), C(0xf7,0xf9,0xfb), C(0x36,0x42,0x55), C(0xe5,0x9a,0x9a), C(0x9a,0xe5,0xb3), C(0xe5,0xd8,0x9a), C(0x9a,0xb9,0xe5), C(0xe5,0x9a,0xe5), C(0x9a,0xe5,0xe5), C(0xff,0xff,0xff)}},
    {"selenized-black", "Selenized Black", true,
     C(0x18,0x18,0x18), C(0xb9,0xb9,0xb9), C(0x77,0x77,0x77), C(0x3b,0x3b,0x3b), C(0x4f,0x9c,0xfe),
     {C(0x25,0x25,0x25), C(0xed,0x4a,0x46), C(0x70,0xb4,0x33), C(0xdb,0xb3,0x2d), C(0x36,0x8a,0xeb), C(0xeb,0x6e,0xb7), C(0x3f,0xc5,0xb7), C(0xb9,0xb9,0xb9), C(0x77,0x77,0x77), C(0xff,0x5e,0x56), C(0x83,0xc7,0x46), C(0xef,0xc5,0x41), C(0x4f,0x9c,0xfe), C(0xff,0x81,0xca), C(0x56,0xd8,0xc9), C(0xde,0xde,0xde)}},
    {"selenized-dark", "Selenized Dark", true,
     C(0x10,0x3c,0x48), C(0xad,0xbc,0xbc), C(0xad,0xbc,0xbc), C(0x18,0x49,0x56), C(0x58,0xa3,0xff),
     {C(0x18,0x49,0x56), C(0xfa,0x57,0x50), C(0x75,0xb9,0x38), C(0xdb,0xb3,0x2d), C(0x46,0x95,0xf7), C(0xf2,0x75,0xbe), C(0x41,0xc7,0xb9), C(0xad,0xbc,0xbc), C(0x72,0x89,0x8f), C(0xff,0x66,0x5c), C(0x84,0xc7,0x47), C(0xeb,0xc1,0x3d), C(0x58,0xa3,0xff), C(0xff,0x84,0xcd), C(0x53,0xd6,0xc7), C(0xca,0xd8,0xd9)}},
    {"selenized-light", "Selenized Light", false,
     C(0xfb,0xf3,0xdb), C(0x53,0x67,0x6d), C(0x53,0x67,0x6d), C(0xec,0xe3,0xcc), C(0x00,0x6d,0xce),
     {C(0xec,0xe3,0xcc), C(0xd2,0x21,0x2d), C(0x48,0x91,0x00), C(0xad,0x89,0x00), C(0x00,0x72,0xd4), C(0xca,0x48,0x98), C(0x00,0x9c,0x8f), C(0x53,0x67,0x6d), C(0x90,0x99,0x95), C(0xcc,0x17,0x29), C(0x42,0x8b,0x00), C(0xa7,0x83,0x00), C(0x00,0x6d,0xce), C(0xc4,0x43,0x92), C(0x00,0x97,0x8a), C(0x3a,0x4d,0x53)}},
    {"seoulbones-dark", "Seoulbones Dark", true,
     C(0x4b,0x4b,0x4b), C(0xdd,0xdd,0xdd), C(0xe2,0xe2,0xe2), C(0x77,0x77,0x77), C(0xa2,0xc8,0xe9),
     {C(0x4b,0x4b,0x4b), C(0xe3,0x88,0xa3), C(0x98,0xbd,0x99), C(0xff,0xdf,0x9b), C(0x97,0xbd,0xde), C(0xa5,0xa6,0xc5), C(0x6f,0xbd,0xbe), C(0xdd,0xdd,0xdd), C(0x79,0x71,0x72), C(0xeb,0x99,0xb1), C(0x8f,0xcd,0x92), C(0xff,0xe5,0xb3), C(0xa2,0xc8,0xe9), C(0xb2,0xb3,0xda), C(0x6b,0xca,0xcb), C(0xa8,0xa8,0xa8)}},
    {"seoulbones-light", "Seoulbones Light", false,
     C(0xe2,0xe2,0xe2), C(0x55,0x55,0x55), C(0x55,0x55,0x55), C(0xcc,0xcc,0xcc), C(0x00,0x6f,0x89),
     {C(0xe2,0xe2,0xe2), C(0xdc,0x52,0x84), C(0x62,0x85,0x62), C(0xc4,0x85,0x62), C(0x00,0x84,0xa3), C(0x89,0x67,0x88), C(0x00,0x85,0x86), C(0x55,0x55,0x55), C(0xa5,0xa0,0xa1), C(0xbe,0x3c,0x6d), C(0x48,0x72,0x49), C(0xa7,0x6b,0x48), C(0x00,0x6f,0x89), C(0x7f,0x4c,0x7e), C(0x00,0x6f,0x70), C(0x77,0x77,0x77)}},
    {"sequoia-monochrome-dark", "Sequoia Monochrome Dark", true,
     C(0x0f,0x10,0x14), C(0x86,0x86,0x90), C(0x43,0x44,0x4d), C(0x81,0x7c,0x9c), C(0x7c,0x82,0x9d),
     {C(0x13,0x13,0x17), C(0x99,0x9e,0xb2), C(0x62,0x69,0x83), C(0xd3,0xd5,0xde), C(0x7c,0x82,0x9d), C(0xe2,0xe4,0xed), C(0xb6,0xba,0xc8), C(0x86,0x86,0x90), C(0x57,0x58,0x61), C(0x99,0x9e,0xb2), C(0x62,0x69,0x83), C(0xd3,0xd5,0xde), C(0x7c,0x82,0x9d), C(0xe2,0xe4,0xed), C(0xb6,0xba,0xc8), C(0x86,0x86,0x90)}},
    {"sequoia-monochrome-light", "Sequoia Monochrome Light", false,
     C(0xed,0xee,0xf2), C(0x28,0x29,0x30), C(0x56,0x57,0x60), C(0x81,0x7c,0x9c), C(0x5f,0x63,0x70),
     {C(0xd4,0xd5,0xdc), C(0x52,0x56,0x66), C(0x2e,0x30,0x38), C(0x50,0x53,0x5e), C(0x5f,0x63,0x70), C(0x25,0x26,0x2d), C(0x45,0x47,0x52), C(0x28,0x29,0x30), C(0x42,0x43,0x4e), C(0x52,0x56,0x66), C(0x2e,0x30,0x38), C(0x50,0x53,0x5e), C(0x5f,0x63,0x70), C(0x25,0x26,0x2d), C(0x45,0x47,0x52), C(0x28,0x29,0x30)}},
    {"sequoia-moonlight-dark", "Sequoia Moonlight Dark", true,
     C(0x0f,0x10,0x14), C(0x86,0x86,0x90), C(0x43,0x44,0x4d), C(0x81,0x7c,0x9c), C(0xc5,0x8f,0xff),
     {C(0x13,0x13,0x17), C(0xf5,0x8e,0xe0), C(0x8e,0xb6,0xf5), C(0x98,0x98,0xa6), C(0xc5,0x8f,0xff), C(0xfd,0xfd,0xfe), C(0xff,0xbb,0x88), C(0x86,0x86,0x90), C(0x57,0x58,0x61), C(0xf5,0x8e,0xe0), C(0x8e,0xb6,0xf5), C(0x98,0x98,0xa6), C(0xc5,0x8f,0xff), C(0xfd,0xfd,0xfe), C(0xff,0xbb,0x88), C(0x86,0x86,0x90)}},
    {"sequoia-moonlight-light", "Sequoia Moonlight Light", false,
     C(0xed,0xee,0xf2), C(0x28,0x29,0x30), C(0x56,0x57,0x60), C(0x81,0x7c,0x9c), C(0x9a,0x5f,0xd9),
     {C(0xd4,0xd5,0xdc), C(0xc9,0x4d,0xa8), C(0x4a,0x85,0xd4), C(0x6a,0x6a,0x78), C(0x9a,0x5f,0xd9), C(0x28,0x29,0x30), C(0xd9,0x88,0x4a), C(0x28,0x29,0x30), C(0x42,0x43,0x4e), C(0xc9,0x4d,0xa8), C(0x4a,0x85,0xd4), C(0x6a,0x6a,0x78), C(0x9a,0x5f,0xd9), C(0x28,0x29,0x30), C(0xd9,0x88,0x4a), C(0x28,0x29,0x30)}},
    {"sequoia-retro-dark", "Sequoia Retro Dark", true,
     C(0x0f,0x10,0x14), C(0x86,0x86,0x90), C(0x43,0x44,0x4d), C(0x81,0x7c,0x9c), C(0x5c,0x87,0xa4),
     {C(0x13,0x13,0x17), C(0x82,0x9f,0xa7), C(0x64,0x8f,0x68), C(0xda,0x67,0x4b), C(0x5c,0x87,0xa4), C(0xe8,0xb2,0x46), C(0xa2,0x7e,0x57), C(0x86,0x86,0x90), C(0x57,0x58,0x61), C(0xe8,0xb2,0x46), C(0x64,0x8f,0x68), C(0xda,0x67,0x4b), C(0x5c,0x87,0xa4), C(0x82,0x9f,0xa7), C(0xa2,0x7e,0x57), C(0x86,0x86,0x90)}},
    {"sequoia-retro-light", "Sequoia Retro Light", false,
     C(0xed,0xee,0xf2), C(0x28,0x29,0x30), C(0x56,0x57,0x60), C(0x81,0x7c,0x9c), C(0x45,0x6a,0x82),
     {C(0xd4,0xd5,0xdc), C(0x5f,0x79,0x82), C(0x4a,0x70,0x4e), C(0xbf,0x52,0x38), C(0x45,0x6a,0x82), C(0xc9,0x97,0x30), C(0x8a,0x65,0x39), C(0x28,0x29,0x30), C(0x42,0x43,0x4e), C(0xc9,0x97,0x30), C(0x4a,0x70,0x4e), C(0xbf,0x52,0x38), C(0x45,0x6a,0x82), C(0x5f,0x79,0x82), C(0x8a,0x65,0x39), C(0x28,0x29,0x30)}},
    {"serendipity-midnight", "Serendipity Midnight", true,
     C(0x15,0x17,0x26), C(0xde,0xe0,0xef), C(0x6b,0x6d,0x7c), C(0x6b,0x6d,0x7c), C(0x94,0xb8,0xff),
     {C(0x23,0x25,0x34), C(0xee,0x86,0x79), C(0x5b,0xa2,0xd0), C(0xa7,0x8b,0xfa), C(0x94,0xb8,0xff), C(0x9c,0xcf,0xd8), C(0xf8,0xd2,0xc9), C(0xde,0xe0,0xef), C(0x8d,0x8f,0x9e), C(0xee,0x86,0x79), C(0x5b,0xa2,0xd0), C(0xa7,0x8b,0xfa), C(0x94,0xb8,0xff), C(0x9c,0xcf,0xd8), C(0xf8,0xd2,0xc9), C(0xde,0xe0,0xef)}},
    {"serendipity-morning", "Serendipity Morning", false,
     C(0xf6,0xf7,0xfb), C(0x3f,0x43,0x63), C(0x6d,0x72,0x96), C(0x5a,0x56,0x70), C(0x62,0x88,0xd8),
     {C(0xcc,0xd0,0xdc), C(0xc2,0x5a,0x4d), C(0x2f,0x7a,0xab), C(0x78,0x5f,0xd0), C(0x62,0x88,0xd8), C(0x62,0x9a,0xa5), C(0xe5,0x86,0x78), C(0x3f,0x43,0x63), C(0x50,0x55,0x75), C(0xc2,0x5a,0x4d), C(0x2f,0x7a,0xab), C(0x78,0x5f,0xd0), C(0x62,0x88,0xd8), C(0x62,0x9a,0xa5), C(0xe5,0x86,0x78), C(0x3f,0x43,0x63)}},
    {"serendipity-sunset", "Serendipity Sunset", true,
     C(0x20,0x22,0x31), C(0xde,0xe0,0xef), C(0x8d,0x8f,0x9e), C(0x6b,0x6d,0x7c), C(0xa0,0xb6,0xe8),
     {C(0x36,0x38,0x47), C(0xd1,0x91,0x8f), C(0x70,0x9b,0xbd), C(0xa3,0x92,0xdc), C(0xa0,0xb6,0xe8), C(0xaa,0xc9,0xd4), C(0xd6,0xb4,0xb4), C(0xde,0xe0,0xef), C(0x6b,0x6d,0x7c), C(0xd1,0x91,0x8f), C(0x70,0x9b,0xbd), C(0xa3,0x92,0xdc), C(0xa0,0xb6,0xe8), C(0xaa,0xc9,0xd4), C(0xd6,0xb4,0xb4), C(0xde,0xe0,0xef)}},
    {"seti", "Seti", true,
     C(0x11,0x12,0x13), C(0xca,0xce,0xcd), C(0xe3,0xbf,0x21), C(0x30,0x32,0x33), C(0x43,0xa5,0xd5),
     {C(0x32,0x32,0x32), C(0xc2,0x28,0x32), C(0x8e,0xc4,0x3d), C(0xe0,0xc6,0x4f), C(0x43,0xa5,0xd5), C(0x8b,0x57,0xb5), C(0x8e,0xc4,0x3d), C(0xee,0xee,0xee), C(0x3f,0x3f,0x3f), C(0xc2,0x28,0x32), C(0x8e,0xc4,0x3d), C(0xe0,0xc6,0x4f), C(0x43,0xa5,0xd5), C(0x8b,0x57,0xb5), C(0x8e,0xc4,0x3d), C(0xff,0xff,0xff)}},
    {"shades-of-purple", "Shades Of Purple", true,
     C(0x1e,0x1d,0x40), C(0xff,0xff,0xff), C(0xfa,0xd0,0x00), C(0xb3,0x62,0xff), C(0x68,0x71,0xff),
     {C(0x00,0x00,0x00), C(0xd9,0x04,0x29), C(0x3a,0xd9,0x00), C(0xff,0xe7,0x00), C(0x69,0x43,0xff), C(0xff,0x2c,0x70), C(0x00,0xc5,0xc7), C(0xc7,0xc7,0xc7), C(0x68,0x68,0x68), C(0xf9,0x2a,0x1c), C(0x43,0xd4,0x26), C(0xf1,0xd0,0x00), C(0x68,0x71,0xff), C(0xff,0x77,0xff), C(0x79,0xe8,0xfb), C(0xff,0xff,0xff)}},
    {"shaman", "Shaman", true,
     C(0x00,0x10,0x15), C(0x40,0x55,0x55), C(0x4a,0xfc,0xd6), C(0x41,0x55,0x55), C(0x61,0xd5,0xba),
     {C(0x01,0x20,0x26), C(0xb2,0x30,0x2d), C(0x00,0xa9,0x41), C(0x5e,0x8b,0xaa), C(0x44,0x9a,0x86), C(0x00,0x59,0x9d), C(0x5d,0x7e,0x19), C(0x40,0x55,0x55), C(0x38,0x44,0x51), C(0xff,0x42,0x42), C(0x2a,0xea,0x5e), C(0x8e,0xd4,0xfd), C(0x61,0xd5,0xba), C(0x12,0x98,0xff), C(0x98,0xd0,0x28), C(0x58,0xfb,0xd6)}},
    {"shokunin", "Shokunin", false,
     C(0xfc,0xfa,0xf2), C(0x30,0x38,0x41), C(0x3a,0x3e,0x44), C(0xd7,0xea,0xf2), C(0x00,0x84,0xc7),
     {C(0x30,0x38,0x41), C(0xc8,0x40,0x53), C(0x15,0x7a,0x5b), C(0x9a,0x60,0x00), C(0x00,0x6f,0xae), C(0x8f,0x41,0x55), C(0x00,0x6c,0x7f), C(0xc2,0xbe,0xb4), C(0x77,0x72,0x69), C(0xd9,0x5a,0x66), C(0x1b,0x8e,0x6a), C(0xb6,0x76,0x08), C(0x00,0x84,0xc7), C(0xa7,0x5b,0x73), C(0x00,0x83,0x96), C(0xff,0xff,0xff)}},
    {"slate", "Slate", true,
     C(0x22,0x22,0x22), C(0x35,0xb1,0xd2), C(0x87,0xd3,0xc4), C(0x0f,0x37,0x54), C(0x7a,0xb0,0xd2),
     {C(0x22,0x22,0x22), C(0xe2,0xa8,0xbf), C(0x81,0xd7,0x78), C(0xc4,0xc9,0xc0), C(0x33,0x58,0x56), C(0xa4,0x81,0xd3), C(0x15,0xab,0x9c), C(0x02,0xc5,0xe0), C(0xff,0xff,0xff), C(0xff,0xcd,0xd9), C(0xbe,0xff,0xa8), C(0xd0,0xcc,0xca), C(0x7a,0xb0,0xd2), C(0xc5,0xa7,0xd9), C(0x8c,0xdf,0xe0), C(0xe0,0xe0,0xe0)}},
    {"sleepy-hollow", "Sleepy Hollow", true,
     C(0x12,0x12,0x14), C(0xaf,0x9a,0x91), C(0xaf,0x9a,0x91), C(0x57,0x52,0x56), C(0x80,0x86,0xef),
     {C(0x57,0x21,0x00), C(0xba,0x39,0x34), C(0x91,0x77,0x3f), C(0xb5,0x56,0x00), C(0x5f,0x63,0xb4), C(0xa1,0x7c,0x7b), C(0x8f,0xae,0xa9), C(0xaf,0x9a,0x91), C(0x4e,0x4b,0x61), C(0xd9,0x44,0x3f), C(0xd6,0xb0,0x4e), C(0xf6,0x68,0x13), C(0x80,0x86,0xef), C(0xe2,0xc2,0xbb), C(0xa4,0xdc,0xe7), C(0xd2,0xc7,0xa9)}},
    {"smyck", "Smyck", true,
     C(0x1b,0x1b,0x1b), C(0xf7,0xf7,0xf7), C(0xbb,0xbb,0xbb), C(0x20,0x74,0x83), C(0x8d,0xcf,0xf0),
     {C(0x00,0x00,0x00), C(0xb8,0x41,0x31), C(0x7d,0xa9,0x00), C(0xc4,0xa5,0x00), C(0x62,0xa3,0xc4), C(0xba,0x8a,0xcc), C(0x20,0x73,0x83), C(0xa1,0xa1,0xa1), C(0x7a,0x7a,0x7a), C(0xd6,0x83,0x7c), C(0xc4,0xf1,0x37), C(0xfe,0xe1,0x4d), C(0x8d,0xcf,0xf0), C(0xf7,0x9a,0xff), C(0x6a,0xd9,0xcf), C(0xf7,0xf7,0xf7)}},
    {"snazzy", "Snazzy", true,
     C(0x1e,0x1f,0x29), C(0xeb,0xec,0xe6), C(0xe4,0xe4,0xe4), C(0x81,0xae,0xc6), C(0x49,0xba,0xff),
     {C(0x00,0x00,0x00), C(0xfc,0x43,0x46), C(0x50,0xfb,0x7c), C(0xf0,0xfb,0x8c), C(0x49,0xba,0xff), C(0xfc,0x4c,0xb4), C(0x8b,0xe9,0xfe), C(0xed,0xed,0xec), C(0x55,0x55,0x55), C(0xfc,0x43,0x46), C(0x50,0xfb,0x7c), C(0xf0,0xfb,0x8c), C(0x49,0xba,0xff), C(0xfc,0x4c,0xb4), C(0x8b,0xe9,0xfe), C(0xed,0xed,0xec)}},
    {"snazzy-soft", "Snazzy Soft", true,
     C(0x28,0x2a,0x36), C(0xef,0xf0,0xeb), C(0xea,0xea,0xea), C(0x92,0xbc,0xd0), C(0x57,0xc7,0xff),
     {C(0x00,0x00,0x00), C(0xff,0x5c,0x57), C(0x5a,0xf7,0x8e), C(0xf3,0xf9,0x9d), C(0x57,0xc7,0xff), C(0xff,0x6a,0xc1), C(0x9a,0xed,0xfe), C(0xf1,0xf1,0xf0), C(0x68,0x68,0x68), C(0xff,0x5c,0x57), C(0x5a,0xf7,0x8e), C(0xf3,0xf9,0x9d), C(0x57,0xc7,0xff), C(0xff,0x6a,0xc1), C(0x9a,0xed,0xfe), C(0xf1,0xf1,0xf0)}},
    {"soft-server", "Soft Server", true,
     C(0x24,0x26,0x26), C(0x99,0xa3,0xa2), C(0xd2,0xe0,0xde), C(0x7f,0x87,0x86), C(0x62,0xb1,0xdf),
     {C(0x00,0x00,0x00), C(0xa2,0x68,0x6a), C(0x9a,0xa5,0x6a), C(0xa3,0x90,0x6a), C(0x6b,0x8f,0xa3), C(0x6a,0x71,0xa3), C(0x6b,0xa5,0x8f), C(0x99,0xa3,0xa2), C(0x66,0x6c,0x6c), C(0xdd,0x5c,0x60), C(0xbf,0xdf,0x55), C(0xde,0xb3,0x60), C(0x62,0xb1,0xdf), C(0x60,0x6e,0xdf), C(0x64,0xe3,0x9c), C(0xd2,0xe0,0xde)}},
    {"solarized-darcula", "Solarized Darcula", true,
     C(0x3d,0x3f,0x41), C(0xd2,0xd8,0xd9), C(0x70,0x82,0x84), C(0x21,0x42,0x83), C(0x20,0x75,0xc7),
     {C(0x25,0x29,0x2a), C(0xf2,0x48,0x40), C(0x62,0x96,0x55), C(0xb6,0x88,0x00), C(0x20,0x75,0xc7), C(0x79,0x7f,0xd4), C(0x15,0x96,0x8d), C(0xd2,0xd8,0xd9), C(0x65,0x69,0x6a), C(0xf2,0x48,0x40), C(0x62,0x96,0x55), C(0xb6,0x88,0x00), C(0x20,0x75,0xc7), C(0x79,0x7f,0xd4), C(0x15,0x96,0x8d), C(0xd2,0xd8,0xd9)}},
    {"solarized-dark-higher-contrast", "Solarized Dark Higher Contrast", true,
     C(0x00,0x1e,0x27), C(0x9c,0xc2,0xc3), C(0xf3,0x4b,0x00), C(0x00,0x37,0x48), C(0x17,0x8e,0xc8),
     {C(0x00,0x28,0x31), C(0xd1,0x1c,0x24), C(0x6c,0xbe,0x6c), C(0xa5,0x77,0x06), C(0x21,0x76,0xc7), C(0xc6,0x1c,0x6f), C(0x25,0x92,0x86), C(0xea,0xe3,0xcb), C(0x00,0x64,0x88), C(0xf5,0x16,0x3b), C(0x51,0xef,0x84), C(0xb2,0x7e,0x28), C(0x17,0x8e,0xc8), C(0xe2,0x4d,0x8e), C(0x00,0xb3,0x9e), C(0xfc,0xf4,0xdc)}},
    {"solarized-dark-patched", "Solarized Dark Patched", true,
     C(0x00,0x1e,0x27), C(0x70,0x82,0x84), C(0x70,0x82,0x84), C(0x00,0x28,0x31), C(0x70,0x82,0x84),
     {C(0x00,0x28,0x31), C(0xd1,0x1c,0x24), C(0x73,0x8a,0x05), C(0xa5,0x77,0x06), C(0x21,0x76,0xc7), C(0xc6,0x1c,0x6f), C(0x25,0x92,0x86), C(0xea,0xe3,0xcb), C(0x47,0x5b,0x62), C(0xbd,0x36,0x13), C(0x47,0x5b,0x62), C(0x53,0x68,0x70), C(0x70,0x82,0x84), C(0x59,0x56,0xba), C(0x81,0x90,0x90), C(0xfc,0xf4,0xdc)}},
    {"solarized-osaka-night", "Solarized Osaka Night", true,
     C(0x1a,0x1b,0x26), C(0xc0,0xca,0xf5), C(0xc0,0xca,0xf5), C(0x28,0x34,0x57), C(0x7a,0xa2,0xf7),
     {C(0x15,0x16,0x1e), C(0xf7,0x76,0x8e), C(0x9e,0xce,0x6a), C(0xe0,0xaf,0x68), C(0x7a,0xa2,0xf7), C(0xbb,0x9a,0xf7), C(0x7d,0xcf,0xff), C(0xa9,0xb1,0xd6), C(0x41,0x48,0x68), C(0xf7,0x76,0x8e), C(0x9e,0xce,0x6a), C(0xe0,0xaf,0x68), C(0x7a,0xa2,0xf7), C(0xbb,0x9a,0xf7), C(0x7d,0xcf,0xff), C(0xc0,0xca,0xf5)}},
    {"sonokai", "Sonokai", true,
     C(0x2c,0x2e,0x34), C(0xe2,0xe2,0xe3), C(0xe2,0xe2,0xe3), C(0x41,0x45,0x50), C(0x76,0xcc,0xe0),
     {C(0x18,0x18,0x19), C(0xfc,0x5d,0x7c), C(0x9e,0xd0,0x72), C(0xe7,0xc6,0x64), C(0x76,0xcc,0xe0), C(0xb3,0x9d,0xf3), C(0xf3,0x96,0x60), C(0xe2,0xe2,0xe3), C(0x7f,0x84,0x90), C(0xfc,0x5d,0x7c), C(0x9e,0xd0,0x72), C(0xe7,0xc6,0x64), C(0x76,0xcc,0xe0), C(0xb3,0x9d,0xf3), C(0xf3,0x96,0x60), C(0xe2,0xe2,0xe3)}},
    {"spacedust", "Spacedust", true,
     C(0x0a,0x1e,0x24), C(0xec,0xf0,0xc1), C(0x70,0x82,0x84), C(0x0a,0x38,0x5c), C(0x67,0xa0,0xce),
     {C(0x6e,0x53,0x46), C(0xe3,0x5b,0x00), C(0x5c,0xab,0x96), C(0xe3,0xcd,0x7b), C(0x0f,0x54,0x8b), C(0xe3,0x5b,0x00), C(0x06,0xaf,0xc7), C(0xf0,0xf1,0xce), C(0x68,0x4c,0x31), C(0xff,0x8a,0x3a), C(0xae,0xca,0xb8), C(0xff,0xc8,0x78), C(0x67,0xa0,0xce), C(0xff,0x8a,0x3a), C(0x83,0xa7,0xb4), C(0xfe,0xff,0xf1)}},
    {"spacegray", "Spacegray", true,
     C(0x20,0x24,0x2d), C(0xb3,0xb8,0xc3), C(0xb3,0xb8,0xc3), C(0x16,0x18,0x1e), C(0x7d,0x8f,0xa4),
     {C(0x00,0x00,0x00), C(0xb0,0x4b,0x57), C(0x87,0xb3,0x79), C(0xe5,0xc1,0x79), C(0x7d,0x8f,0xa4), C(0xa4,0x79,0x96), C(0x85,0xa7,0xa5), C(0xb3,0xb8,0xc3), C(0x4c,0x4c,0x4c), C(0xb0,0x4b,0x57), C(0x87,0xb3,0x79), C(0xe5,0xc1,0x79), C(0x7d,0x8f,0xa4), C(0xa4,0x79,0x96), C(0x85,0xa7,0xa5), C(0xff,0xff,0xff)}},
    {"spacegray-bright", "Spacegray Bright", true,
     C(0x2a,0x2e,0x3a), C(0xf3,0xf3,0xf3), C(0xc6,0xc6,0xc6), C(0xca,0xca,0xca), C(0x7b,0xae,0xc1),
     {C(0x08,0x08,0x08), C(0xbc,0x55,0x53), C(0xa0,0xb5,0x6c), C(0xf6,0xc9,0x87), C(0x7b,0xae,0xc1), C(0xb9,0x8a,0xae), C(0x85,0xc9,0xb8), C(0xd8,0xd8,0xd8), C(0x62,0x62,0x62), C(0xbc,0x55,0x53), C(0xa0,0xb5,0x6c), C(0xf6,0xc9,0x87), C(0x7b,0xae,0xc1), C(0xb9,0x8a,0xae), C(0x85,0xc9,0xb8), C(0xf7,0xf7,0xf7)}},
    {"spacegray-eighties", "Spacegray Eighties", true,
     C(0x22,0x22,0x22), C(0xbd,0xba,0xae), C(0xbb,0xbb,0xbb), C(0x27,0x2e,0x35), C(0x4d,0x84,0xd1),
     {C(0x15,0x17,0x1c), C(0xec,0x5f,0x67), C(0x81,0xa7,0x64), C(0xfe,0xc2,0x54), C(0x54,0x86,0xc0), C(0xbf,0x83,0xc1), C(0x57,0xc2,0xc1), C(0xef,0xec,0xe7), C(0x55,0x55,0x55), C(0xff,0x69,0x73), C(0x93,0xd4,0x93), C(0xff,0xd2,0x56), C(0x4d,0x84,0xd1), C(0xff,0x55,0xff), C(0x83,0xe9,0xe4), C(0xff,0xff,0xff)}},
    {"spacegray-eighties-dull", "Spacegray Eighties Dull", true,
     C(0x22,0x22,0x22), C(0xc9,0xc6,0xbc), C(0xbb,0xbb,0xbb), C(0x27,0x2e,0x36), C(0x54,0x86,0xc0),
     {C(0x15,0x17,0x1c), C(0xb2,0x4a,0x56), C(0x92,0xb4,0x77), C(0xc6,0x73,0x5a), C(0x7c,0x8f,0xa5), C(0xa5,0x78,0x9e), C(0x80,0xcd,0xcb), C(0xb3,0xb8,0xc3), C(0x55,0x55,0x55), C(0xec,0x5f,0x67), C(0x89,0xe9,0x86), C(0xfe,0xc2,0x54), C(0x54,0x86,0xc0), C(0xbf,0x83,0xc1), C(0x58,0xc2,0xc1), C(0xff,0xff,0xff)}},
    {"spiderman", "Spiderman", true,
     C(0x1b,0x1d,0x1e), C(0xe3,0xe3,0xe3), C(0x2c,0x3f,0xff), C(0x07,0x0e,0x50), C(0x1d,0x50,0xff),
     {C(0x1b,0x1d,0x1e), C(0xe6,0x08,0x13), C(0xe2,0x29,0x28), C(0xe2,0x47,0x56), C(0x2c,0x3f,0xff), C(0x24,0x35,0xdb), C(0x32,0x56,0xff), C(0xff,0xfe,0xf6), C(0x50,0x53,0x54), C(0xff,0x03,0x25), C(0xff,0x33,0x38), C(0xfe,0x3a,0x35), C(0x1d,0x50,0xff), C(0x74,0x7c,0xff), C(0x61,0x84,0xff), C(0xff,0xff,0xf9)}},
    {"spring", "Spring", false,
     C(0xff,0xff,0xff), C(0x4d,0x4d,0x4c), C(0x4d,0x4d,0x4c), C(0xd6,0xd6,0xd6), C(0x15,0xa9,0xfd),
     {C(0x00,0x00,0x00), C(0xff,0x4d,0x83), C(0x1f,0x8c,0x3b), C(0x1f,0xc9,0x5b), C(0x1d,0xd3,0xee), C(0x89,0x59,0xa8), C(0x3e,0x99,0x9f), C(0xbf,0xbf,0xbf), C(0x00,0x00,0x00), C(0xff,0x00,0x21), C(0x1f,0xc2,0x31), C(0xd5,0xb8,0x07), C(0x15,0xa9,0xfd), C(0x89,0x59,0xa8), C(0x3e,0x99,0x9f), C(0xff,0xff,0xff)}},
    {"square", "Square", true,
     C(0x1a,0x1a,0x1a), C(0xac,0xac,0xab), C(0xfc,0xfb,0xcc), C(0x4d,0x4d,0x4d), C(0xb6,0xde,0xfb),
     {C(0x05,0x05,0x05), C(0xe9,0x89,0x7c), C(0xb6,0x37,0x7d), C(0xec,0xeb,0xbe), C(0xa9,0xcd,0xeb), C(0x75,0x50,0x7b), C(0xc9,0xca,0xec), C(0xf2,0xf2,0xf2), C(0x47,0x47,0x47), C(0xf9,0x92,0x86), C(0xc3,0xf7,0x86), C(0xfc,0xfb,0xcc), C(0xb6,0xde,0xfb), C(0xad,0x7f,0xa8), C(0xd7,0xd9,0xfc), C(0xe2,0xe2,0xe2)}},
    {"squintless", "Squintless", false,
     C(0xf2,0xe5,0xbc), C(0x3c,0x38,0x36), C(0x28,0x28,0x28), C(0xd5,0xc4,0xa1), C(0x07,0x66,0x78),
     {C(0xf2,0xe5,0xbc), C(0x9d,0x00,0x06), C(0x79,0x74,0x0e), C(0xb5,0x76,0x14), C(0x07,0x66,0x78), C(0x8f,0x3f,0x71), C(0x42,0x7b,0x58), C(0x7c,0x6f,0x64), C(0x92,0x83,0x74), C(0x9d,0x00,0x06), C(0x79,0x74,0x0e), C(0xb5,0x76,0x14), C(0x07,0x66,0x78), C(0x8f,0x3f,0x71), C(0x42,0x7b,0x58), C(0x3c,0x38,0x36)}},
    {"squirrelsong-dark", "Squirrelsong Dark", true,
     C(0x37,0x29,0x20), C(0xb1,0x9b,0x89), C(0xb1,0x9b,0x89), C(0x5b,0x40,0x2e), C(0x4c,0xa4,0xdb),
     {C(0x37,0x29,0x20), C(0xba,0x41,0x38), C(0x46,0x83,0x36), C(0xd4,0xb1,0x39), C(0x43,0x95,0xc6), C(0x85,0x5f,0xb8), C(0x2f,0x97,0x94), C(0xd3,0xb9,0xa2), C(0x70,0x4f,0x39), C(0xdf,0x4d,0x43), C(0x65,0x9a,0x4c), C(0xe8,0xc2,0x3f), C(0x4c,0xa4,0xdb), C(0x9d,0x70,0xda), C(0x60,0xac,0xa9), C(0xf2,0xd4,0xbb)}},
    {"srcery", "Srcery", true,
     C(0x1c,0x1b,0x19), C(0xfc,0xe8,0xc3), C(0xfb,0xb8,0x29), C(0xfc,0xe8,0xc3), C(0x68,0xa8,0xe4),
     {C(0x1c,0x1b,0x19), C(0xef,0x2f,0x27), C(0x51,0x9f,0x50), C(0xfb,0xb8,0x29), C(0x2c,0x78,0xbf), C(0xe0,0x2c,0x6d), C(0x0a,0xae,0xb3), C(0xba,0xa6,0x7f), C(0x91,0x81,0x75), C(0xf7,0x53,0x41), C(0x98,0xbc,0x37), C(0xfe,0xd0,0x6e), C(0x68,0xa8,0xe4), C(0xff,0x5c,0x8f), C(0x2b,0xe4,0xd0), C(0xfc,0xe8,0xc3)}},
    {"starlight", "Starlight", true,
     C(0x24,0x24,0x24), C(0xff,0xff,0xff), C(0xff,0xff,0xff), C(0xff,0xff,0xff), C(0x5d,0xc5,0xf8),
     {C(0x24,0x24,0x24), C(0xf6,0x2b,0x5a), C(0x47,0xb4,0x13), C(0xe3,0xc4,0x01), C(0x24,0xac,0xd4), C(0xf2,0xaf,0xfd), C(0x13,0xc2,0x99), C(0xe6,0xe6,0xe6), C(0x61,0x61,0x61), C(0xff,0x4d,0x51), C(0x35,0xd4,0x50), C(0xe9,0xe8,0x36), C(0x5d,0xc5,0xf8), C(0xfe,0xab,0xf2), C(0x24,0xdf,0xc4), C(0xff,0xff,0xff)}},
    {"sublette", "Sublette", true,
     C(0x20,0x25,0x35), C(0xcc,0xce,0xd0), C(0xcc,0xce,0xd0), C(0xcc,0xce,0xd0), C(0x77,0xbb,0xff),
     {C(0x25,0x30,0x45), C(0xee,0x55,0x77), C(0x55,0xee,0x77), C(0xff,0xdd,0x88), C(0x55,0x88,0xff), C(0xff,0x77,0xcc), C(0x44,0xee,0xee), C(0xf5,0xf5,0xda), C(0x40,0x55,0x70), C(0xee,0x66,0x55), C(0x99,0xee,0x77), C(0xff,0xff,0x77), C(0x77,0xbb,0xff), C(0xaa,0x88,0xff), C(0x55,0xff,0xbb), C(0xff,0xff,0xee)}},
    {"subliminal", "Subliminal", true,
     C(0x28,0x2c,0x35), C(0xd4,0xd4,0xd4), C(0xc7,0xc7,0xc7), C(0x48,0x4e,0x5b), C(0x66,0x99,0xcc),
     {C(0x7f,0x7f,0x7f), C(0xe1,0x5a,0x60), C(0xa9,0xcf,0xa4), C(0xff,0xe2,0xa9), C(0x66,0x99,0xcc), C(0xf1,0xa5,0xab), C(0x5f,0xb3,0xb3), C(0xd4,0xd4,0xd4), C(0x7f,0x7f,0x7f), C(0xe1,0x5a,0x60), C(0xa9,0xcf,0xa4), C(0xff,0xe2,0xa9), C(0x66,0x99,0xcc), C(0xf1,0xa5,0xab), C(0x5f,0xb3,0xb3), C(0xd4,0xd4,0xd4)}},
    {"sugarplum", "Sugarplum", true,
     C(0x11,0x11,0x47), C(0xdb,0x7d,0xdd), C(0x53,0xb3,0x97), C(0x5c,0xa8,0xdc), C(0xfa,0x5d,0xfd),
     {C(0x11,0x11,0x47), C(0x5c,0xa8,0xdc), C(0x53,0xb3,0x97), C(0x24,0x9a,0x84), C(0xdb,0x7d,0xdd), C(0xd0,0xbe,0xee), C(0xf9,0xf3,0xf9), C(0xa1,0x75,0xd4), C(0x44,0x44,0x7a), C(0x5c,0xb5,0xdc), C(0x52,0xde,0xb5), C(0x01,0xf5,0xc7), C(0xfa,0x5d,0xfd), C(0xc6,0xa5,0xfd), C(0xff,0xff,0xff), C(0xb5,0x77,0xfd)}},
    {"sumi-linen", "Sumi Linen", false,
     C(0xe6,0xdf,0xd0), C(0x1c,0x18,0x14), C(0x18,0x78,0x6c), C(0x9e,0xc4,0xba), C(0x40,0x80,0xc0),
     {C(0x3a,0x34,0x2c), C(0xb8,0x38,0x30), C(0x2e,0x80,0x50), C(0xa8,0x78,0x20), C(0x30,0x60,0xa0), C(0x70,0x48,0x90), C(0x18,0x78,0x6c), C(0x5a,0x54,0x48), C(0x6a,0x64,0x58), C(0xc8,0x48,0x40), C(0x3a,0x98,0x68), C(0xc0,0x90,0x30), C(0x40,0x80,0xc0), C(0x88,0x58,0xa8), C(0x28,0xa0,0x90), C(0x14,0x10,0x0c)}},
    {"sumi-phosphor", "Sumi Phosphor", true,
     C(0x12,0x10,0x0e), C(0xba,0xb4,0xa8), C(0x2e,0xc4,0xb6), C(0x3a,0x38,0x34), C(0x70,0xa0,0xd8),
     {C(0x1e,0x1a,0x16), C(0xd4,0x58,0x48), C(0x5c,0xa8,0x68), C(0xd4,0xa0,0x3c), C(0x5a,0x82,0xb8), C(0x98,0x70,0xb0), C(0x2e,0xc4,0xb6), C(0x8a,0x84,0x78), C(0x47,0x41,0x39), C(0xe8,0x70,0x60), C(0x72,0xc0,0x78), C(0xe8,0xb8,0x4c), C(0x70,0xa0,0xd8), C(0xb0,0x88,0xc8), C(0x48,0xd8,0xc8), C(0xe0,0xdc,0xd4)}},
    {"sundried", "Sundried", true,
     C(0x1a,0x18,0x18), C(0xc9,0xc9,0xc9), C(0xff,0xff,0xff), C(0x30,0x2b,0x2a), C(0x79,0x99,0xf7),
     {C(0x30,0x2b,0x2a), C(0xa7,0x46,0x3d), C(0x58,0x77,0x44), C(0x9d,0x60,0x2a), C(0x48,0x5b,0x98), C(0x86,0x46,0x51), C(0x9c,0x81,0x4f), C(0xc9,0xc9,0xc9), C(0x4d,0x4e,0x48), C(0xaa,0x00,0x0c), C(0x12,0x8c,0x21), C(0xfc,0x6a,0x21), C(0x79,0x99,0xf7), C(0xfd,0x8a,0xa1), C(0xfa,0xd4,0x84), C(0xff,0xff,0xff)}},
    {"sunset-drive", "Sunset Drive", true,
     C(0x0f,0x0f,0x1a), C(0xed,0xed,0xfe), C(0xed,0xed,0xfe), C(0x20,0x20,0x36), C(0x3e,0xa0,0xff),
     {C(0x0a,0x0a,0x13), C(0xff,0x00,0x63), C(0x00,0xf9,0x92), C(0xff,0xe9,0x00), C(0x00,0xa4,0xff), C(0xff,0x57,0xfd), C(0x00,0xff,0xed), C(0xed,0xed,0xff), C(0x3e,0x3e,0x4b), C(0xff,0x94,0x8b), C(0x00,0xfc,0xb9), C(0xff,0xff,0x68), C(0x3e,0xa0,0xff), C(0xff,0x93,0xff), C(0x38,0xff,0xff), C(0xf8,0xf8,0xff)}},
    {"symfonic", "Symfonic", true,
     C(0x00,0x00,0x00), C(0xff,0xff,0xff), C(0xdc,0x32,0x2f), C(0x07,0x36,0x42), C(0x00,0x84,0xd4),
     {C(0x00,0x00,0x00), C(0xdc,0x32,0x2f), C(0x56,0xdb,0x3a), C(0xff,0x84,0x00), C(0x00,0x84,0xd4), C(0xb7,0x29,0xd9), C(0xcc,0xcc,0xff), C(0xff,0xff,0xff), C(0x41,0x43,0x47), C(0xdc,0x32,0x2f), C(0x56,0xdb,0x3a), C(0xff,0x84,0x00), C(0x00,0x84,0xd4), C(0xb7,0x29,0xd9), C(0xcc,0xcc,0xff), C(0xff,0xff,0xff)}},
    {"synthwave", "Synthwave", true,
     C(0x00,0x00,0x00), C(0xda,0xd9,0xc7), C(0x19,0xcd,0xe6), C(0x19,0xcd,0xe6), C(0x2f,0x9d,0xed),
     {C(0x00,0x00,0x00), C(0xf6,0x18,0x8f), C(0x1e,0xbb,0x2b), C(0xfd,0xf8,0x34), C(0x21,0x86,0xec), C(0xf8,0x5a,0x21), C(0x12,0xc3,0xe2), C(0xff,0xff,0xff), C(0x7f,0x70,0x94), C(0xf8,0x41,0xa0), C(0x25,0xc1,0x41), C(0xfd,0xf4,0x54), C(0x2f,0x9d,0xed), C(0xf9,0x71,0x37), C(0x19,0xcd,0xe6), C(0xff,0xff,0xff)}},
    {"synthwave-alpha", "Synthwave Alpha", true,
     C(0x24,0x1b,0x30), C(0xf2,0xf2,0xe3), C(0xf2,0xf2,0xe3), C(0x6e,0x29,0xad), C(0xaa,0x54,0xf9),
     {C(0x24,0x1b,0x30), C(0xe6,0x0a,0x70), C(0x00,0x98,0x6c), C(0xad,0xad,0x3e), C(0x6e,0x29,0xad), C(0xb3,0x00,0xad), C(0x00,0xb0,0xb1), C(0xb9,0xb1,0xbc), C(0x7f,0x70,0x94), C(0xe6,0x0a,0x70), C(0x0a,0xe4,0xa4), C(0xf9,0xf9,0x72), C(0xaa,0x54,0xf9), C(0xff,0x00,0xf6), C(0x00,0xfb,0xfd), C(0xf2,0xf2,0xe3)}},
    {"synthwave-everything", "Synthwave Everything", true,
     C(0x2a,0x21,0x39), C(0xf0,0xef,0xf1), C(0x72,0xf1,0xb8), C(0x18,0x15,0x21), C(0x36,0xf9,0xf6),
     {C(0xfe,0xfe,0xfe), C(0xf9,0x7e,0x72), C(0x72,0xf1,0xb8), C(0xfe,0xde,0x5d), C(0x6d,0x77,0xb3), C(0xc7,0x92,0xea), C(0xf7,0x72,0xe0), C(0xfe,0xfe,0xfe), C(0xfe,0xfe,0xfe), C(0xf8,0x84,0x14), C(0x72,0xf1,0xb8), C(0xff,0xf9,0x51), C(0x36,0xf9,0xf6), C(0xe1,0xac,0xff), C(0xf9,0x2a,0xad), C(0xfe,0xfe,0xfe)}},
    {"tango-adapted", "Tango Adapted", false,
     C(0xff,0xff,0xff), C(0x00,0x00,0x00), C(0x00,0x00,0x00), C(0xc1,0xde,0xff), C(0x88,0xc9,0xff),
     {C(0x00,0x00,0x00), C(0xff,0x00,0x00), C(0x59,0xd6,0x00), C(0xe3,0xbe,0x00), C(0x00,0xa2,0xff), C(0xc1,0x7e,0xcc), C(0x00,0xd0,0xd6), C(0xc0,0xc5,0xbb), C(0x8f,0x92,0x8b), C(0xff,0x00,0x13), C(0x6d,0xd9,0x00), C(0xcc,0xbe,0x00), C(0x88,0xc9,0xff), C(0xe9,0xa7,0xe1), C(0x00,0xd8,0xd9), C(0xf6,0xf6,0xf4)}},
    {"tango-half-adapted", "Tango Half Adapted", false,
     C(0xff,0xff,0xff), C(0x00,0x00,0x00), C(0x00,0x00,0x00), C(0xc1,0xde,0xff), C(0x76,0xbf,0xff),
     {C(0x00,0x00,0x00), C(0xff,0x00,0x00), C(0x4c,0xc3,0x00), C(0xe2,0xc0,0x00), C(0x00,0x8e,0xf6), C(0xa9,0x6c,0xb3), C(0x00,0xbd,0xc3), C(0xba,0xbf,0xb5), C(0x79,0x7d,0x76), C(0xff,0x00,0x13), C(0x70,0xdc,0x00), C(0xd9,0xc6,0x00), C(0x76,0xbf,0xff), C(0xd8,0x98,0xd1), C(0x00,0xd0,0xd4), C(0xf4,0xf4,0xf2)}},
    {"tearout", "Tearout", true,
     C(0x34,0x39,0x2d), C(0xf4,0xd2,0xae), C(0xd7,0xc4,0x83), C(0xe4,0xc4,0x7a), C(0xb5,0x95,0x5e),
     {C(0x68,0x57,0x42), C(0xcc,0x96,0x7b), C(0x97,0x97,0x6d), C(0x6c,0x98,0x61), C(0xb5,0x95,0x5e), C(0xc9,0xa5,0x54), C(0xd7,0xc4,0x83), C(0xb5,0x95,0x5e), C(0x75,0x64,0x4f), C(0xcc,0x96,0x7b), C(0x97,0x97,0x6d), C(0x6c,0x98,0x61), C(0xb5,0x95,0x5e), C(0xc9,0xa5,0x54), C(0xd7,0xc4,0x83), C(0xb5,0x95,0x5e)}},
    {"teerb", "Teerb", true,
     C(0x26,0x26,0x26), C(0xd0,0xd0,0xd0), C(0xe4,0xc9,0xaf), C(0x4d,0x4d,0x4d), C(0x86,0xae,0xd6),
     {C(0x1c,0x1c,0x1c), C(0xd6,0x86,0x86), C(0xae,0xd6,0x86), C(0xd7,0xaf,0x87), C(0x86,0xae,0xd6), C(0xd6,0xae,0xd6), C(0x8a,0xdb,0xb4), C(0xd0,0xd0,0xd0), C(0x4f,0x4f,0x4f), C(0xd6,0x86,0x86), C(0xae,0xd6,0x86), C(0xe4,0xc9,0xaf), C(0x86,0xae,0xd6), C(0xd6,0xae,0xd6), C(0xb1,0xe7,0xdd), C(0xef,0xef,0xef)}},
    {"terafox", "Terafox", true,
     C(0x15,0x25,0x28), C(0xe6,0xea,0xea), C(0xe6,0xea,0xea), C(0x29,0x3e,0x40), C(0x73,0xa3,0xb7),
     {C(0x2f,0x32,0x39), C(0xe8,0x5c,0x51), C(0x7a,0xa4,0xa1), C(0xfd,0xa4,0x7f), C(0x5a,0x93,0xaa), C(0xad,0x5c,0x7c), C(0xa1,0xcd,0xd8), C(0xeb,0xeb,0xeb), C(0x4e,0x51,0x57), C(0xeb,0x74,0x6b), C(0x8e,0xb2,0xaf), C(0xfd,0xb2,0x92), C(0x73,0xa3,0xb7), C(0xb9,0x74,0x90), C(0xaf,0xd4,0xde), C(0xee,0xee,0xee)}},
    {"terminal-basic", "Terminal Basic", false,
     C(0xff,0xff,0xff), C(0x00,0x00,0x00), C(0x7f,0x7f,0x7f), C(0xa4,0xc9,0xff), C(0x00,0x00,0xb2),
     {C(0x00,0x00,0x00), C(0x99,0x00,0x00), C(0x00,0xa6,0x00), C(0x99,0x99,0x00), C(0x00,0x00,0xb2), C(0xb2,0x00,0xb2), C(0x00,0xa6,0xb2), C(0xbf,0xbf,0xbf), C(0x66,0x66,0x66), C(0xe5,0x00,0x00), C(0x00,0xd9,0x00), C(0xbf,0xbf,0x00), C(0x00,0x00,0xff), C(0xe5,0x00,0xe5), C(0x00,0xd8,0xd8), C(0xe5,0xe5,0xe5)}},
    {"terminal-basic-dark", "Terminal Basic Dark", true,
     C(0x1d,0x1e,0x1d), C(0xff,0xff,0xff), C(0x9d,0x9d,0x9d), C(0x3f,0x63,0x8a), C(0xd0,0x9a,0xf9),
     {C(0x00,0x00,0x00), C(0xc6,0x53,0x39), C(0x6a,0xc4,0x4b), C(0xb8,0xb7,0x4a), C(0x64,0x44,0xed), C(0xd3,0x57,0xdb), C(0x69,0xc1,0xcf), C(0xd1,0xd1,0xd1), C(0x90,0x90,0x90), C(0xeb,0x5a,0x3a), C(0x77,0xea,0x51), C(0xef,0xef,0x53), C(0xd0,0x9a,0xf9), C(0xeb,0x5a,0xf7), C(0x78,0xf1,0xf2), C(0xed,0xed,0xed)}},
    {"terminal-green-1999", "Terminal Green 1999", true,
     C(0x03,0x12,0x0a), C(0xd8,0xff,0xe6), C(0xd8,0xff,0xe6), C(0xd8,0xff,0xe6), C(0x97,0xdc,0xfd),
     {C(0x32,0x46,0x3a), C(0xff,0x5c,0x7a), C(0x22,0xc5,0x5e), C(0x00,0xd2,0x6a), C(0x7d,0xd3,0xfc), C(0x9d,0xff,0x57), C(0x39,0xff,0x88), C(0x8f,0xd6,0xa9), C(0x27,0x43,0x35), C(0xff,0x7d,0x95), C(0x4e,0xd1,0x7e), C(0x2e,0xda,0x85), C(0x97,0xdc,0xfd), C(0xb1,0xff,0x79), C(0x61,0xff,0xa0), C(0xd8,0xff,0xe6)}},
    {"thayer-bright", "Thayer Bright", true,
     C(0x1b,0x1d,0x1e), C(0xf8,0xf8,0xf8), C(0xfc,0x97,0x1f), C(0x4d,0x4d,0x4d), C(0x3f,0x78,0xff),
     {C(0x1b,0x1d,0x1e), C(0xf9,0x26,0x72), C(0x4d,0xf8,0x40), C(0xf4,0xfd,0x22), C(0x27,0x57,0xd6), C(0x8c,0x54,0xfe), C(0x38,0xc8,0xb5), C(0xcc,0xcc,0xc6), C(0x50,0x53,0x54), C(0xff,0x59,0x95), C(0xb6,0xe3,0x54), C(0xfe,0xed,0x6c), C(0x3f,0x78,0xff), C(0x9e,0x6f,0xfe), C(0x23,0xcf,0xd5), C(0xf8,0xf8,0xf2)}},
    {"the-hulk", "The Hulk", true,
     C(0x1b,0x1d,0x1e), C(0xb5,0xb5,0xb5), C(0x16,0xb6,0x1b), C(0x4d,0x50,0x4c), C(0x50,0x6b,0x95),
     {C(0x1b,0x1d,0x1e), C(0x26,0x9d,0x1b), C(0x13,0xce,0x30), C(0x63,0xe4,0x57), C(0x25,0x25,0xf5), C(0x71,0x2c,0x81), C(0x37,0x8c,0xa9), C(0xd9,0xd8,0xd1), C(0x50,0x53,0x54), C(0x8d,0xff,0x2a), C(0x48,0xff,0x77), C(0x3a,0xfe,0x16), C(0x50,0x6b,0x95), C(0x72,0x58,0x9d), C(0x40,0x85,0xa6), C(0xe5,0xe6,0xe1)}},
    {"tinacious-design-dark", "Tinacious Design Dark", true,
     C(0x1d,0x1d,0x26), C(0xcb,0xcb,0xf0), C(0xcb,0xcb,0xf0), C(0xff,0x33,0x99), C(0x00,0xcb,0xff),
     {C(0x1d,0x1d,0x26), C(0xff,0x33,0x99), C(0x00,0xd3,0x64), C(0xff,0xcc,0x66), C(0x00,0xcb,0xff), C(0xcc,0x66,0xff), C(0x00,0xce,0xca), C(0xcb,0xcb,0xf0), C(0x63,0x66,0x67), C(0xff,0x2f,0x92), C(0x00,0xd3,0x64), C(0xff,0xd4,0x79), C(0x00,0xcb,0xff), C(0xd7,0x83,0xff), C(0x00,0xd5,0xd4), C(0xd5,0xd6,0xf3)}},
    {"tinacious-design-light", "Tinacious Design Light", false,
     C(0xf8,0xf8,0xff), C(0x1d,0x1d,0x26), C(0xb1,0xb1,0xd6), C(0xff,0x33,0x99), C(0x00,0xcb,0xff),
     {C(0x1d,0x1d,0x26), C(0xff,0x33,0x99), C(0x00,0xd3,0x64), C(0xe5,0xb2,0x4d), C(0x00,0xcb,0xff), C(0xcc,0x66,0xff), C(0x00,0xce,0xca), C(0xb1,0xb1,0xd6), C(0x63,0x66,0x67), C(0xff,0x2f,0x92), C(0x00,0xd3,0x64), C(0xd9,0xae,0x53), C(0x00,0xcb,0xff), C(0xd7,0x83,0xff), C(0x00,0xc8,0xc7), C(0xd5,0xd6,0xf3)}},
    {"token-dark", "Token Dark", true,
     C(0x26,0x26,0x24), C(0xe8,0xe4,0xdc), C(0xe8,0xe4,0xdc), C(0x3a,0x3a,0x37), C(0x96,0xb8,0xd3),
     {C(0x1d,0x1d,0x1c), C(0xc6,0x77,0x77), C(0x7d,0xa4,0x7a), C(0xc4,0xa8,0x55), C(0x7b,0x9e,0xbd), C(0xa6,0x8b,0xbf), C(0x6b,0xa8,0xa8), C(0xd4,0xcf,0xc6), C(0x5a,0x59,0x55), C(0xd9,0x77,0x57), C(0x98,0xbf,0x95), C(0xc4,0x95,0x6a), C(0x96,0xb8,0xd3), C(0xbe,0xa5,0xd4), C(0x88,0xc0,0xc0), C(0xe8,0xe4,0xdc)}},
    {"token-light", "Token Light", false,
     C(0xfa,0xf9,0xf5), C(0x2a,0x29,0x20), C(0x2a,0x29,0x20), C(0xdd,0xdc,0xd6), C(0x48,0x6a,0x88),
     {C(0x2a,0x29,0x20), C(0xb0,0x55,0x55), C(0x3f,0x64,0x3c), C(0x6e,0x5c,0x20), C(0x52,0x75,0x94), C(0x7c,0x61,0x9a), C(0x2d,0x6c,0x6c), C(0xb5,0xb2,0xab), C(0x6c,0x67,0x5f), C(0x9a,0x49,0x29), C(0x3a,0x5e,0x37), C(0x87,0x60,0x32), C(0x48,0x6a,0x88), C(0x6f,0x57,0x8c), C(0x28,0x63,0x63), C(0xfa,0xf9,0xf5)}},
    {"tokyonight", "TokyoNight", true,
     C(0x1a,0x1b,0x26), C(0xc0,0xca,0xf5), C(0xc0,0xca,0xf5), C(0x33,0x46,0x7c), C(0x7a,0xa2,0xf7),
     {C(0x15,0x16,0x1e), C(0xf7,0x76,0x8e), C(0x9e,0xce,0x6a), C(0xe0,0xaf,0x68), C(0x7a,0xa2,0xf7), C(0xbb,0x9a,0xf7), C(0x7d,0xcf,0xff), C(0xa9,0xb1,0xd6), C(0x41,0x48,0x68), C(0xf7,0x76,0x8e), C(0x9e,0xce,0x6a), C(0xe0,0xaf,0x68), C(0x7a,0xa2,0xf7), C(0xbb,0x9a,0xf7), C(0x7d,0xcf,0xff), C(0xc0,0xca,0xf5)}},
    {"tokyonight-day", "TokyoNight Day", false,
     C(0xe1,0xe2,0xe7), C(0x37,0x60,0xbf), C(0x37,0x60,0xbf), C(0x99,0xa7,0xdf), C(0x2e,0x7d,0xe9),
     {C(0xe9,0xe9,0xed), C(0xf5,0x2a,0x65), C(0x58,0x75,0x39), C(0x8c,0x6c,0x3e), C(0x2e,0x7d,0xe9), C(0x98,0x54,0xf1), C(0x00,0x71,0x97), C(0x61,0x72,0xb0), C(0xa1,0xa6,0xc5), C(0xf5,0x2a,0x65), C(0x58,0x75,0x39), C(0x8c,0x6c,0x3e), C(0x2e,0x7d,0xe9), C(0x98,0x54,0xf1), C(0x00,0x71,0x97), C(0x37,0x60,0xbf)}},
    {"tokyonight-moon", "TokyoNight Moon", true,
     C(0x22,0x24,0x36), C(0xc8,0xd3,0xf5), C(0xc8,0xd3,0xf5), C(0x2d,0x3f,0x76), C(0x82,0xaa,0xff),
     {C(0x1b,0x1d,0x2b), C(0xff,0x75,0x7f), C(0xc3,0xe8,0x8d), C(0xff,0xc7,0x77), C(0x82,0xaa,0xff), C(0xc0,0x99,0xff), C(0x86,0xe1,0xfc), C(0x82,0x8b,0xb8), C(0x44,0x4a,0x73), C(0xff,0x75,0x7f), C(0xc3,0xe8,0x8d), C(0xff,0xc7,0x77), C(0x82,0xaa,0xff), C(0xc0,0x99,0xff), C(0x86,0xe1,0xfc), C(0xc8,0xd3,0xf5)}},
    {"tokyonight-night", "TokyoNight Night", true,
     C(0x1a,0x1b,0x26), C(0xc0,0xca,0xf5), C(0xc0,0xca,0xf5), C(0x28,0x34,0x57), C(0x7a,0xa2,0xf7),
     {C(0x15,0x16,0x1e), C(0xf7,0x76,0x8e), C(0x9e,0xce,0x6a), C(0xe0,0xaf,0x68), C(0x7a,0xa2,0xf7), C(0xbb,0x9a,0xf7), C(0x7d,0xcf,0xff), C(0xa9,0xb1,0xd6), C(0x41,0x48,0x68), C(0xf7,0x76,0x8e), C(0x9e,0xce,0x6a), C(0xe0,0xaf,0x68), C(0x7a,0xa2,0xf7), C(0xbb,0x9a,0xf7), C(0x7d,0xcf,0xff), C(0xc0,0xca,0xf5)}},
    {"tokyonight-storm", "TokyoNight Storm", true,
     C(0x24,0x28,0x3b), C(0xc0,0xca,0xf5), C(0xc0,0xca,0xf5), C(0x36,0x4a,0x82), C(0x7a,0xa2,0xf7),
     {C(0x1d,0x20,0x2f), C(0xf7,0x76,0x8e), C(0x9e,0xce,0x6a), C(0xe0,0xaf,0x68), C(0x7a,0xa2,0xf7), C(0xbb,0x9a,0xf7), C(0x7d,0xcf,0xff), C(0xa9,0xb1,0xd6), C(0x4e,0x55,0x75), C(0xf7,0x76,0x8e), C(0x9e,0xce,0x6a), C(0xe0,0xaf,0x68), C(0x7a,0xa2,0xf7), C(0xbb,0x9a,0xf7), C(0x7d,0xcf,0xff), C(0xc0,0xca,0xf5)}},
    {"tomorrow", "Tomorrow", false,
     C(0xff,0xff,0xff), C(0x4d,0x4d,0x4c), C(0x4d,0x4d,0x4c), C(0xd6,0xd6,0xd6), C(0x42,0x71,0xae),
     {C(0x00,0x00,0x00), C(0xc8,0x28,0x29), C(0x71,0x8c,0x00), C(0xea,0xb7,0x00), C(0x42,0x71,0xae), C(0x89,0x59,0xa8), C(0x3e,0x99,0x9f), C(0xbf,0xbf,0xbf), C(0x00,0x00,0x00), C(0xc8,0x28,0x29), C(0x71,0x8c,0x00), C(0xea,0xb7,0x00), C(0x42,0x71,0xae), C(0x89,0x59,0xa8), C(0x3e,0x99,0x9f), C(0xff,0xff,0xff)}},
    {"tomorrow-night", "Tomorrow Night", true,
     C(0x1d,0x1f,0x21), C(0xc5,0xc8,0xc6), C(0xc5,0xc8,0xc6), C(0x37,0x3b,0x41), C(0x81,0xa2,0xbe),
     {C(0x00,0x00,0x00), C(0xcc,0x66,0x66), C(0xb5,0xbd,0x68), C(0xf0,0xc6,0x74), C(0x81,0xa2,0xbe), C(0xb2,0x94,0xbb), C(0x8a,0xbe,0xb7), C(0xff,0xff,0xff), C(0x4c,0x4c,0x4c), C(0xcc,0x66,0x66), C(0xb5,0xbd,0x68), C(0xf0,0xc6,0x74), C(0x81,0xa2,0xbe), C(0xb2,0x94,0xbb), C(0x8a,0xbe,0xb7), C(0xff,0xff,0xff)}},
    {"tomorrow-night-blue", "Tomorrow Night Blue", true,
     C(0x00,0x24,0x51), C(0xff,0xff,0xff), C(0xff,0xff,0xff), C(0x00,0x3f,0x8e), C(0xbb,0xda,0xff),
     {C(0x00,0x00,0x00), C(0xff,0x9d,0xa4), C(0xd1,0xf1,0xa9), C(0xff,0xee,0xad), C(0xbb,0xda,0xff), C(0xeb,0xbb,0xff), C(0x99,0xff,0xff), C(0xff,0xff,0xff), C(0x4c,0x4c,0x4c), C(0xff,0x9d,0xa4), C(0xd1,0xf1,0xa9), C(0xff,0xee,0xad), C(0xbb,0xda,0xff), C(0xeb,0xbb,0xff), C(0x99,0xff,0xff), C(0xff,0xff,0xff)}},
    {"tomorrow-night-bright", "Tomorrow Night Bright", true,
     C(0x00,0x00,0x00), C(0xea,0xea,0xea), C(0xea,0xea,0xea), C(0x42,0x42,0x42), C(0x7a,0xa6,0xda),
     {C(0x00,0x00,0x00), C(0xd5,0x4e,0x53), C(0xb9,0xca,0x4a), C(0xe7,0xc5,0x47), C(0x7a,0xa6,0xda), C(0xc3,0x97,0xd8), C(0x70,0xc0,0xb1), C(0xff,0xff,0xff), C(0x40,0x40,0x40), C(0xd5,0x4e,0x53), C(0xb9,0xca,0x4a), C(0xe7,0xc5,0x47), C(0x7a,0xa6,0xda), C(0xc3,0x97,0xd8), C(0x70,0xc0,0xb1), C(0xff,0xff,0xff)}},
    {"tomorrow-night-burns", "Tomorrow Night Burns", true,
     C(0x15,0x15,0x15), C(0xa1,0xb0,0xb8), C(0xff,0x44,0x3e), C(0xb0,0xbe,0xc5), C(0xfc,0x59,0x5f),
     {C(0x25,0x25,0x25), C(0x83,0x2e,0x31), C(0xa6,0x3c,0x40), C(0xd3,0x49,0x4e), C(0xfc,0x59,0x5f), C(0xdf,0x93,0x95), C(0xba,0x85,0x86), C(0xf5,0xf5,0xf5), C(0x5d,0x6f,0x71), C(0x83,0x2e,0x31), C(0xa6,0x3c,0x40), C(0xd2,0x49,0x4e), C(0xfc,0x59,0x5f), C(0xdf,0x93,0x95), C(0xba,0x85,0x86), C(0xf5,0xf5,0xf5)}},
    {"tomorrow-night-eighties", "Tomorrow Night Eighties", true,
     C(0x2d,0x2d,0x2d), C(0xcc,0xcc,0xcc), C(0xcc,0xcc,0xcc), C(0x51,0x51,0x51), C(0x66,0x99,0xcc),
     {C(0x00,0x00,0x00), C(0xf2,0x77,0x7a), C(0x99,0xcc,0x99), C(0xff,0xcc,0x66), C(0x66,0x99,0xcc), C(0xcc,0x99,0xcc), C(0x66,0xcc,0xcc), C(0xff,0xff,0xff), C(0x59,0x59,0x59), C(0xf2,0x77,0x7a), C(0x99,0xcc,0x99), C(0xff,0xcc,0x66), C(0x66,0x99,0xcc), C(0xcc,0x99,0xcc), C(0x66,0xcc,0xcc), C(0xff,0xff,0xff)}},
    {"toy-chest", "Toy Chest", true,
     C(0x24,0x36,0x4b), C(0x31,0xd0,0x7b), C(0xd5,0xd5,0xd5), C(0x5f,0x21,0x7a), C(0x34,0xa6,0xda),
     {C(0x2c,0x3f,0x58), C(0xbe,0x2d,0x26), C(0x1a,0x91,0x72), C(0xdb,0x8e,0x27), C(0x32,0x5d,0x96), C(0x8a,0x5e,0xdc), C(0x35,0xa0,0x8f), C(0x23,0xd1,0x83), C(0x33,0x68,0x89), C(0xdd,0x59,0x44), C(0x31,0xd0,0x7b), C(0xe7,0xd8,0x4b), C(0x34,0xa6,0xda), C(0xae,0x6b,0xdc), C(0x42,0xc3,0xae), C(0xd5,0xd5,0xd5)}},
    {"trapped-in-amber", "Trapped in Amber", true,
     C(0x0a,0x10,0x17), C(0xf0,0xa0,0x20), C(0xff,0xc9,0x40), C(0x4a,0x34,0x16), C(0x6b,0x9f,0xff),
     {C(0x4a,0x32,0x20), C(0xe0,0x5c,0x1c), C(0x7a,0x9c,0x4a), C(0xf0,0xa0,0x20), C(0x4a,0x7e,0xc9), C(0xc9,0x5a,0x8c), C(0x7a,0x9e,0xa8), C(0xff,0xd9,0xa0), C(0x5a,0x4a,0x3a), C(0xff,0x78,0x32), C(0xa8,0xc4,0x6b), C(0xff,0xd7,0x00), C(0x6b,0x9f,0xff), C(0xff,0x7f,0xa8), C(0xa5,0xc2,0xcc), C(0xff,0xf5,0xe0)}},
    {"treehouse", "Treehouse", true,
     C(0x19,0x19,0x19), C(0x78,0x6b,0x53), C(0xfa,0xc8,0x14), C(0x78,0x6b,0x53), C(0x85,0xcf,0xed),
     {C(0x32,0x13,0x00), C(0xb2,0x27,0x0e), C(0x44,0xa9,0x00), C(0xaa,0x82,0x0c), C(0x58,0x85,0x9a), C(0x97,0x36,0x3d), C(0xb2,0x5a,0x1e), C(0x78,0x6b,0x53), C(0x50,0x43,0x33), C(0xed,0x5d,0x20), C(0x55,0xf2,0x38), C(0xf2,0xb7,0x32), C(0x85,0xcf,0xed), C(0xe1,0x4c,0x5a), C(0xf0,0x7d,0x14), C(0xff,0xc8,0x00)}},
    {"twilight", "Twilight", true,
     C(0x14,0x14,0x14), C(0xff,0xff,0xd4), C(0xff,0xff,0xff), C(0x31,0x31,0x31), C(0x5a,0x5e,0x62),
     {C(0x14,0x14,0x14), C(0xc0,0x6d,0x44), C(0xaf,0xb9,0x7a), C(0xc2,0xa8,0x6c), C(0x44,0x47,0x4a), C(0xb4,0xbe,0x7c), C(0x77,0x83,0x85), C(0xff,0xff,0xd4), C(0x40,0x40,0x40), C(0xde,0x7c,0x4c), C(0xcc,0xd8,0x8c), C(0xe2,0xc4,0x7e), C(0x5a,0x5e,0x62), C(0xd0,0xdc,0x8e), C(0x8a,0x98,0x9b), C(0xff,0xff,0xd4)}},
    {"ubuntu", "Ubuntu", true,
     C(0x30,0x0a,0x24), C(0xee,0xee,0xec), C(0xbb,0xbb,0xbb), C(0xb5,0xd5,0xff), C(0x72,0x9f,0xcf),
     {C(0x2e,0x34,0x36), C(0xcc,0x00,0x00), C(0x4e,0x9a,0x06), C(0xc4,0xa0,0x00), C(0x34,0x65,0xa4), C(0x75,0x50,0x7b), C(0x06,0x98,0x9a), C(0xd3,0xd7,0xcf), C(0x55,0x57,0x53), C(0xef,0x29,0x29), C(0x8a,0xe2,0x34), C(0xfc,0xe9,0x4f), C(0x72,0x9f,0xcf), C(0xad,0x7f,0xa8), C(0x34,0xe2,0xe2), C(0xee,0xee,0xec)}},
    {"ultra-dark", "Ultra Dark", true,
     C(0x00,0x00,0x00), C(0xff,0xff,0xff), C(0xfe,0xfe,0xfe), C(0x22,0x22,0x22), C(0xb4,0xcc,0xff),
     {C(0x00,0x00,0x00), C(0xf0,0x71,0x78), C(0xc3,0xe8,0x8d), C(0xff,0xcb,0x6b), C(0x82,0xaa,0xff), C(0xc7,0x92,0xea), C(0x89,0xdd,0xff), C(0xcc,0xcc,0xcc), C(0x40,0x40,0x40), C(0xf6,0xa9,0xae), C(0xdb,0xf1,0xba), C(0xff,0xdf,0xa6), C(0xb4,0xcc,0xff), C(0xdd,0xbd,0xf2), C(0xb8,0xea,0xff), C(0xff,0xff,0xff)}},
    {"ultra-violent", "Ultra Violent", true,
     C(0x24,0x27,0x28), C(0xc1,0xc1,0xc1), C(0xc1,0xc1,0xc1), C(0x57,0x4c,0x49), C(0x7f,0xec,0xff),
     {C(0x24,0x27,0x28), C(0xff,0x00,0x90), C(0xb6,0xff,0x00), C(0xff,0xf7,0x27), C(0x47,0xe0,0xfb), C(0xd7,0x31,0xff), C(0x0e,0xff,0xbb), C(0xe1,0xe1,0xe1), C(0x63,0x66,0x67), C(0xfb,0x58,0xb4), C(0xde,0xff,0x8c), C(0xeb,0xe0,0x87), C(0x7f,0xec,0xff), C(0xe6,0x81,0xff), C(0x69,0xfc,0xd3), C(0xf9,0xf9,0xf5)}},
    {"under-the-sea", "Under The Sea", true,
     C(0x01,0x11,0x16), C(0xff,0xff,0xff), C(0x4a,0xfc,0xd6), C(0x41,0x55,0x55), C(0x61,0xd5,0xba),
     {C(0x02,0x20,0x26), C(0xb2,0x30,0x2d), C(0x00,0xa9,0x41), C(0x59,0x81,0x9c), C(0x45,0x9a,0x86), C(0x00,0x59,0x9d), C(0x5d,0x7e,0x19), C(0x40,0x55,0x55), C(0x38,0x44,0x51), C(0xff,0x42,0x42), C(0x2a,0xea,0x5e), C(0x8e,0xd4,0xfd), C(0x61,0xd5,0xba), C(0x12,0x98,0xff), C(0x98,0xd0,0x28), C(0x58,0xfb,0xd6)}},
    {"unikitty", "Unikitty", false,
     C(0xff,0x8c,0xd9), C(0x0b,0x0b,0x0b), C(0xc7,0xff,0x98), C(0x3e,0xa9,0xfe), C(0x00,0x75,0xea),
     {C(0x0c,0x0c,0x0c), C(0xa8,0x0f,0x20), C(0xc7,0xff,0x98), C(0xff,0xf9,0x64), C(0x14,0x5f,0xcd), C(0xff,0xe9,0xff), C(0x9e,0xff,0xef), C(0xfc,0xf1,0xfb), C(0x43,0x43,0x43), C(0xd9,0x13,0x29), C(0xd3,0xff,0xaf), C(0xff,0xef,0x50), C(0x00,0x75,0xea), C(0xff,0xef,0xff), C(0x93,0xff,0xef), C(0xff,0xf3,0xfe)}},
    {"urple", "Urple", true,
     C(0x1b,0x1b,0x23), C(0x87,0x7a,0x9b), C(0xa0,0x63,0xeb), C(0xa0,0x63,0xeb), C(0x86,0x7a,0xed),
     {C(0x00,0x00,0x00), C(0xb0,0x42,0x5b), C(0x37,0xa4,0x15), C(0xad,0x5c,0x42), C(0x56,0x4d,0x9b), C(0x6c,0x3c,0xa1), C(0x80,0x80,0x80), C(0x87,0x79,0x9c), C(0x6a,0x3f,0x32), C(0xff,0x63,0x88), C(0x29,0xe6,0x20), C(0xf0,0x81,0x61), C(0x86,0x7a,0xed), C(0xa0,0x5e,0xee), C(0xea,0xea,0xea), C(0xbf,0xa3,0xff)}},
    {"vague", "Vague", true,
     C(0x14,0x14,0x15), C(0xcd,0xcd,0xcd), C(0xcd,0xcd,0xcd), C(0x25,0x25,0x30), C(0x8b,0xa9,0xc1),
     {C(0x25,0x25,0x30), C(0xd8,0x64,0x7e), C(0x7f,0xa5,0x63), C(0xf3,0xbe,0x7c), C(0x6e,0x94,0xb2), C(0xbb,0x9d,0xbd), C(0xae,0xae,0xd1), C(0xcd,0xcd,0xcd), C(0x60,0x60,0x79), C(0xe0,0x83,0x98), C(0x99,0xb7,0x82), C(0xf5,0xcb,0x96), C(0x8b,0xa9,0xc1), C(0xc9,0xb1,0xca), C(0xbe,0xbe,0xda), C(0xd7,0xd7,0xd7)}},
    {"vaporwave-sunset", "Vaporwave Sunset", true,
     C(0x18,0x08,0x27), C(0xff,0xf7,0xed), C(0xff,0xf7,0xed), C(0xff,0xf7,0xed), C(0xb9,0xa2,0xfb),
     {C(0x4b,0x3d,0x53), C(0xfb,0x71,0x85), C(0x2d,0xd4,0xbf), C(0xfb,0x92,0x3c), C(0xa7,0x8b,0xfa), C(0x22,0xd3,0xee), C(0xff,0x4f,0xd8), C(0xf0,0xab,0xfc), C(0x56,0x3f,0x6e), C(0xfc,0x8d,0x9d), C(0x57,0xdd,0xcc), C(0xfc,0xa6,0x5f), C(0xb9,0xa2,0xfb), C(0x4e,0xdc,0xf1), C(0xff,0x72,0xe0), C(0xff,0xf7,0xed)}},
    {"vaughn", "Vaughn", true,
     C(0x25,0x23,0x4f), C(0xdc,0xdc,0xcc), C(0xff,0x55,0x55), C(0xb5,0xd5,0xff), C(0x55,0x55,0xff),
     {C(0x25,0x23,0x4f), C(0x70,0x50,0x50), C(0x60,0xb4,0x8a), C(0xdf,0xaf,0x8f), C(0x55,0x55,0xff), C(0xf0,0x8c,0xc3), C(0x8c,0xd0,0xd3), C(0x70,0x90,0x80), C(0x70,0x90,0x80), C(0xdc,0xa3,0xa3), C(0x60,0xb4,0x8a), C(0xf0,0xdf,0xaf), C(0x55,0x55,0xff), C(0xec,0x93,0xd3), C(0x93,0xe0,0xe3), C(0xff,0xff,0xff)}},
    {"velvet-court", "Velvet Court", true,
     C(0x1f,0x0e,0x1c), C(0xf2,0xdc,0xea), C(0xf0,0xc4,0x4e), C(0x3e,0x21,0x38), C(0xb3,0x92,0xe8),
     {C(0x2f,0x16,0x29), C(0xee,0x5c,0x82), C(0x9a,0xd0,0x8a), C(0xf0,0xc4,0x4e), C(0xb3,0x92,0xe8), C(0xd0,0x87,0xe0), C(0x6f,0xd0,0xc8), C(0xe2,0xc8,0xd8), C(0x83,0x60,0x75), C(0xee,0x5c,0x82), C(0x9a,0xd0,0x8a), C(0xe8,0x96,0x4f), C(0xb3,0x92,0xe8), C(0xd0,0x87,0xe0), C(0x6f,0xd0,0xc8), C(0xf2,0xdc,0xea)}},
    {"vercel", "Vercel", true,
     C(0x10,0x10,0x10), C(0xfa,0xfa,0xfa), C(0xf3,0x28,0x82), C(0x00,0x5b,0xe7), C(0x49,0xae,0xff),
     {C(0x00,0x00,0x00), C(0xfc,0x00,0x36), C(0x29,0xa9,0x48), C(0xff,0xae,0x00), C(0x00,0x6a,0xff), C(0xf3,0x28,0x82), C(0x00,0xac,0x96), C(0xfe,0xff,0xff), C(0xa8,0xa8,0xa8), C(0xff,0x80,0x80), C(0x4b,0xe1,0x5d), C(0xff,0xae,0x00), C(0x49,0xae,0xff), C(0xf9,0x7e,0xa8), C(0x00,0xe4,0xc4), C(0xfe,0xfe,0xfe)}},
    {"verdigris", "Verdigris", true,
     C(0x14,0x11,0x0b), C(0xe8,0xdc,0xc6), C(0xce,0x8b,0x45), C(0x2a,0x24,0x17), C(0x5f,0xbf,0xb0),
     {C(0x22,0x1c,0x12), C(0xd9,0x60,0x4f), C(0xa8,0xb8,0x6a), C(0xd9,0xa4,0x41), C(0x5f,0xbf,0xb0), C(0xb9,0x8f,0xb0), C(0x8f,0xd6,0xb0), C(0xbf,0xb2,0x9a), C(0x6e,0x64,0x50), C(0xd9,0x60,0x4f), C(0xa8,0xb8,0x6a), C(0xc9,0x7a,0x45), C(0x5f,0xbf,0xb0), C(0xb9,0x8f,0xb0), C(0x8f,0xd6,0xb0), C(0xe8,0xdc,0xc6)}},
    {"vesper", "Vesper", true,
     C(0x10,0x10,0x10), C(0xff,0xff,0xff), C(0xac,0xb1,0xab), C(0x98,0x80,0x49), C(0xb9,0xae,0xda),
     {C(0x10,0x10,0x10), C(0xf5,0xa1,0x91), C(0x90,0xb9,0x9f), C(0xe6,0xb9,0x9d), C(0xac,0xa1,0xcf), C(0xe2,0x9e,0xca), C(0xea,0x83,0xa5), C(0xa0,0xa0,0xa0), C(0x7e,0x7e,0x7e), C(0xff,0x80,0x80), C(0x99,0xff,0xe4), C(0xff,0xc7,0x99), C(0xb9,0xae,0xda), C(0xec,0xaa,0xd6), C(0xf5,0x91,0xb2), C(0xff,0xff,0xff)}},
    {"vibrant-ink", "Vibrant Ink", true,
     C(0x00,0x00,0x00), C(0xff,0xff,0xff), C(0xff,0xff,0xff), C(0xb5,0xd5,0xff), C(0x44,0xb4,0xcc),
     {C(0x87,0x87,0x87), C(0xff,0x66,0x00), C(0xcc,0xff,0x04), C(0xff,0xcc,0x00), C(0x44,0xb4,0xcc), C(0x99,0x33,0xcc), C(0x44,0xb4,0xcc), C(0xf5,0xf5,0xf5), C(0x55,0x55,0x55), C(0xff,0x00,0x00), C(0x00,0xff,0x00), C(0xff,0xff,0x00), C(0x00,0x00,0xff), C(0xff,0x00,0xff), C(0x00,0xff,0xff), C(0xe5,0xe5,0xe5)}},
    {"vimbones", "Vimbones", false,
     C(0xf0,0xf0,0xca), C(0x35,0x35,0x35), C(0x35,0x35,0x35), C(0xd7,0xd7,0xd7), C(0x1d,0x55,0x73),
     {C(0xf0,0xf0,0xca), C(0xa8,0x33,0x4c), C(0x4f,0x6c,0x31), C(0x94,0x49,0x27), C(0x28,0x64,0x86), C(0x88,0x50,0x7d), C(0x3b,0x89,0x92), C(0x35,0x35,0x35), C(0xac,0xac,0x89), C(0x94,0x25,0x3e), C(0x3f,0x5a,0x22), C(0x80,0x3d,0x1c), C(0x1d,0x55,0x73), C(0x7b,0x3b,0x70), C(0x2b,0x74,0x7c), C(0x5c,0x5c,0x5c)}},
    {"violet-dark", "Violet Dark", true,
     C(0x1c,0x1d,0x1f), C(0x70,0x82,0x84), C(0x70,0x82,0x84), C(0x59,0x5a,0xb7), C(0x21,0x76,0xc7),
     {C(0x56,0x59,0x5c), C(0xc9,0x4c,0x22), C(0x85,0x98,0x1c), C(0xb4,0x88,0x1d), C(0x2e,0x8b,0xce), C(0xd1,0x3a,0x82), C(0x32,0xa1,0x98), C(0xc9,0xc6,0xbd), C(0x45,0x48,0x4b), C(0xbd,0x36,0x13), C(0x73,0x8a,0x04), C(0xa5,0x77,0x05), C(0x21,0x76,0xc7), C(0xc6,0x1c,0x6f), C(0x25,0x92,0x86), C(0xc9,0xc6,0xbd)}},
    {"violet-light", "Violet Light", false,
     C(0xfc,0xf4,0xdc), C(0x53,0x68,0x70), C(0x53,0x68,0x70), C(0x59,0x5a,0xb7), C(0x21,0x76,0xc7),
     {C(0x56,0x59,0x5c), C(0xc9,0x4c,0x22), C(0x85,0x98,0x1c), C(0xb4,0x88,0x1d), C(0x2e,0x8b,0xce), C(0xd1,0x3a,0x82), C(0x32,0xa1,0x98), C(0xb9,0xb6,0xaf), C(0x45,0x48,0x4b), C(0xbd,0x36,0x13), C(0x73,0x8a,0x04), C(0xa5,0x77,0x05), C(0x21,0x76,0xc7), C(0xc6,0x1c,0x6f), C(0x25,0x92,0x86), C(0xc9,0xc6,0xbd)}},
    {"violite", "Violite", true,
     C(0x24,0x1c,0x36), C(0xee,0xf4,0xf6), C(0xee,0xf4,0xf6), C(0x49,0x37,0x6d), C(0xb7,0x8f,0xef),
     {C(0x24,0x1c,0x36), C(0xec,0x79,0x79), C(0x79,0xec,0xb3), C(0xec,0xe2,0x79), C(0xa9,0x79,0xec), C(0xec,0x79,0xec), C(0x79,0xec,0xec), C(0xee,0xf4,0xf6), C(0x56,0x44,0x7a), C(0xef,0x8f,0x8f), C(0x9f,0xef,0xbf), C(0xef,0xe7,0x8f), C(0xb7,0x8f,0xef), C(0xef,0x8f,0xcf), C(0x9f,0xef,0xef), C(0xf8,0xfa,0xfc)}},
    {"warm-neon", "Warm Neon", true,
     C(0x40,0x40,0x40), C(0xaf,0xda,0xb6), C(0x30,0xff,0x24), C(0xb0,0xad,0x21), C(0x7b,0x91,0xd6),
     {C(0x00,0x00,0x00), C(0xe2,0x43,0x46), C(0x39,0xb1,0x3a), C(0xda,0xe1,0x45), C(0x42,0x61,0xc5), C(0xf9,0x20,0xfb), C(0x2a,0xbb,0xd4), C(0xd0,0xb8,0xa3), C(0xfe,0xfc,0xfc), C(0xe9,0x70,0x71), C(0x9c,0xc0,0x90), C(0xdd,0xda,0x7a), C(0x7b,0x91,0xd6), C(0xf6,0x74,0xba), C(0x5e,0xd1,0xe5), C(0xd8,0xc8,0xbb)}},
    {"wez", "Wez", true,
     C(0x00,0x00,0x00), C(0xb3,0xb3,0xb3), C(0x53,0xae,0x71), C(0x4d,0x52,0xf8), C(0x55,0x55,0xff),
     {C(0x00,0x00,0x00), C(0xcc,0x55,0x55), C(0x55,0xcc,0x55), C(0xcd,0xcd,0x55), C(0x55,0x55,0xcc), C(0xcc,0x55,0xcc), C(0x7a,0xca,0xca), C(0xcc,0xcc,0xcc), C(0x55,0x55,0x55), C(0xff,0x55,0x55), C(0x55,0xff,0x55), C(0xff,0xff,0x55), C(0x55,0x55,0xff), C(0xff,0x55,0xff), C(0x55,0xff,0xff), C(0xff,0xff,0xff)}},
    {"whimsy", "Whimsy", true,
     C(0x29,0x28,0x3b), C(0xb3,0xb0,0xd6), C(0xb3,0xb0,0xd6), C(0x3d,0x3c,0x58), C(0x65,0xae,0xf7),
     {C(0x53,0x51,0x78), C(0xef,0x64,0x87), C(0x5e,0xca,0x89), C(0xfd,0xd8,0x77), C(0x65,0xae,0xf7), C(0xaa,0x7f,0xf0), C(0x43,0xc1,0xbe), C(0xff,0xff,0xff), C(0x53,0x51,0x78), C(0xef,0x64,0x87), C(0x5e,0xca,0x89), C(0xfd,0xd8,0x77), C(0x65,0xae,0xf7), C(0xaa,0x7f,0xf0), C(0x43,0xc1,0xbe), C(0xff,0xff,0xff)}},
    {"wild-cherry", "Wild Cherry", true,
     C(0x1f,0x17,0x26), C(0xda,0xfa,0xff), C(0xdd,0x00,0xff), C(0x00,0x28,0x31), C(0x30,0x8c,0xba),
     {C(0x00,0x05,0x07), C(0xd9,0x40,0x85), C(0x2a,0xb2,0x50), C(0xff,0xd1,0x6f), C(0x88,0x3c,0xdc), C(0xec,0xec,0xec), C(0xc1,0xb8,0xb7), C(0xff,0xf8,0xde), C(0x00,0x9c,0xc9), C(0xda,0x6b,0xac), C(0xf4,0xdc,0xa5), C(0xea,0xc0,0x66), C(0x30,0x8c,0xba), C(0xae,0x63,0x6b), C(0xff,0x91,0x9d), C(0xe4,0x83,0x8d)}},
    {"wilmersdorf", "Wilmersdorf", true,
     C(0x28,0x2b,0x33), C(0xc6,0xc6,0xc6), C(0x7e,0xbe,0xbd), C(0x1f,0x20,0x24), C(0xb2,0xcf,0xf0),
     {C(0x34,0x37,0x3e), C(0xe0,0x63,0x83), C(0x7e,0xbe,0xbd), C(0xcc,0xcc,0xcc), C(0xa6,0xc1,0xe0), C(0xe1,0xc1,0xee), C(0x5b,0x94,0xab), C(0xab,0xab,0xab), C(0x50,0x54,0x5d), C(0xfa,0x71,0x93), C(0x8f,0xd7,0xd6), C(0xd1,0xdf,0xff), C(0xb2,0xcf,0xf0), C(0xef,0xcc,0xfd), C(0x69,0xab,0xc5), C(0xd3,0xd3,0xd3)}},
    {"wombat", "Wombat", true,
     C(0x17,0x17,0x17), C(0xde,0xda,0xcf), C(0xbb,0xbb,0xbb), C(0x45,0x3b,0x39), C(0xa5,0xc7,0xff),
     {C(0x00,0x00,0x00), C(0xff,0x61,0x5a), C(0xb1,0xe9,0x69), C(0xeb,0xd9,0x9c), C(0x5d,0xa9,0xf6), C(0xe8,0x6a,0xff), C(0x82,0xff,0xf7), C(0xde,0xda,0xcf), C(0x4a,0x4a,0x4a), C(0xf5,0x8c,0x80), C(0xdd,0xf8,0x8f), C(0xee,0xe5,0xb2), C(0xa5,0xc7,0xff), C(0xdd,0xaa,0xff), C(0xb7,0xff,0xf9), C(0xff,0xff,0xff)}},
    {"wryan", "Wryan", true,
     C(0x10,0x10,0x10), C(0x99,0x99,0x93), C(0x9e,0x9e,0xcb), C(0x4d,0x4d,0x4d), C(0x47,0x7a,0xb3),
     {C(0x33,0x33,0x33), C(0x8c,0x46,0x65), C(0x28,0x73,0x73), C(0x7c,0x7c,0x99), C(0x39,0x55,0x73), C(0x5e,0x46,0x8c), C(0x31,0x65,0x8c), C(0x89,0x9c,0xa1), C(0x3d,0x3d,0x3d), C(0xbf,0x4d,0x80), C(0x53,0xa6,0xa6), C(0x9e,0x9e,0xcb), C(0x47,0x7a,0xb3), C(0x7e,0x62,0xb3), C(0x60,0x96,0xbf), C(0xc0,0xc0,0xc0)}},
    {"xcode-dark", "Xcode Dark", true,
     C(0x29,0x2a,0x30), C(0xdf,0xdf,0xe0), C(0xdf,0xdf,0xe0), C(0x41,0x44,0x53), C(0x6b,0xdf,0xff),
     {C(0x41,0x44,0x53), C(0xff,0x81,0x70), C(0x78,0xc2,0xb3), C(0xd9,0xc9,0x7c), C(0x4e,0xb0,0xcc), C(0xff,0x7a,0xb2), C(0xb2,0x81,0xeb), C(0xdf,0xdf,0xe0), C(0x7f,0x8c,0x98), C(0xff,0x81,0x70), C(0xac,0xf2,0xe4), C(0xff,0xa1,0x4f), C(0x6b,0xdf,0xff), C(0xff,0x7a,0xb2), C(0xda,0xba,0xff), C(0xdf,0xdf,0xe0)}},
    {"xcode-dark-hc", "Xcode Dark hc", true,
     C(0x1f,0x1f,0x24), C(0xff,0xff,0xff), C(0xff,0xff,0xff), C(0x43,0x45,0x4b), C(0x6b,0xdf,0xff),
     {C(0x43,0x45,0x4b), C(0xff,0x8a,0x7a), C(0x83,0xc9,0xbc), C(0xd9,0xc6,0x68), C(0x4e,0xc4,0xe6), C(0xff,0x85,0xb8), C(0xcd,0xa1,0xff), C(0xff,0xff,0xff), C(0x83,0x89,0x91), C(0xff,0x8a,0x7a), C(0xb1,0xfa,0xeb), C(0xff,0xa1,0x4f), C(0x6b,0xdf,0xff), C(0xff,0x85,0xb8), C(0xe5,0xcf,0xff), C(0xff,0xff,0xff)}},
    {"xcode-light", "Xcode Light", false,
     C(0xff,0xff,0xff), C(0x26,0x26,0x26), C(0x26,0x26,0x26), C(0xb4,0xd8,0xfd), C(0x0b,0x4f,0x79),
     {C(0xb4,0xd8,0xfd), C(0xd1,0x2f,0x1b), C(0x3e,0x80,0x87), C(0x78,0x49,0x2a), C(0x0f,0x68,0xa0), C(0xad,0x3d,0xa4), C(0x80,0x4f,0xb8), C(0x26,0x26,0x26), C(0x8a,0x99,0xa6), C(0xd1,0x2f,0x1b), C(0x23,0x57,0x5c), C(0x78,0x49,0x2a), C(0x0b,0x4f,0x79), C(0xad,0x3d,0xa4), C(0x4b,0x21,0xb0), C(0x26,0x26,0x26)}},
    {"xcode-light-hc", "Xcode Light hc", false,
     C(0xff,0xff,0xff), C(0x00,0x00,0x00), C(0x00,0x00,0x00), C(0xb4,0xd8,0xfd), C(0x00,0x3f,0x73),
     {C(0xb4,0xd8,0xfd), C(0xad,0x18,0x05), C(0x35,0x5d,0x61), C(0x78,0x49,0x2a), C(0x00,0x58,0xa1), C(0x9c,0x21,0x91), C(0x70,0x3d,0xaa), C(0x00,0x00,0x00), C(0x8a,0x99,0xa6), C(0xad,0x18,0x05), C(0x17,0x41,0x45), C(0x78,0x49,0x2a), C(0x00,0x3f,0x73), C(0x9c,0x21,0x91), C(0x44,0x1e,0xa1), C(0x00,0x00,0x00)}},
    {"xcode-wwdc", "Xcode WWDC", true,
     C(0x29,0x2c,0x36), C(0xe7,0xe8,0xeb), C(0xe7,0xe8,0xeb), C(0x49,0x4d,0x5c), C(0x88,0x84,0xc5),
     {C(0x49,0x4d,0x5c), C(0xbb,0x38,0x3a), C(0x94,0xc6,0x6e), C(0xd2,0x8e,0x5d), C(0x88,0x84,0xc5), C(0xb7,0x39,0x99), C(0x00,0xab,0xa4), C(0xe7,0xe8,0xeb), C(0x7f,0x86,0x9e), C(0xbb,0x38,0x3a), C(0x94,0xc6,0x6e), C(0xd2,0x8e,0x5d), C(0x88,0x84,0xc5), C(0xb7,0x39,0x99), C(0x00,0xab,0xa4), C(0xe7,0xe8,0xeb)}},
    {"y2k-chrome", "Y2K Chrome", false,
     C(0xf1,0xf5,0xf9), C(0x0f,0x17,0x2a), C(0x0f,0x17,0x2a), C(0x0f,0x17,0x2a), C(0xc7,0x5c,0x12),
     {C(0x38,0x3f,0x4f), C(0xdc,0x26,0x26), C(0x15,0x80,0x3d), C(0x08,0x91,0xb2), C(0xf9,0x73,0x16), C(0x7c,0x3a,0xed), C(0x25,0x63,0xeb), C(0x47,0x55,0x69), C(0xa3,0xb1,0xc4), C(0xb0,0x1e,0x1e), C(0x11,0x66,0x31), C(0x07,0x77,0x92), C(0xc7,0x5c,0x12), C(0x63,0x2e,0xbe), C(0x1e,0x4f,0xbc), C(0x0f,0x17,0x2a)}},
    {"zenbones", "Zenbones", false,
     C(0xf0,0xed,0xec), C(0x2c,0x36,0x3c), C(0x2c,0x36,0x3c), C(0xcb,0xd9,0xe3), C(0x1d,0x55,0x73),
     {C(0xf0,0xed,0xec), C(0xa8,0x33,0x4c), C(0x4f,0x6c,0x31), C(0x94,0x49,0x27), C(0x28,0x64,0x86), C(0x88,0x50,0x7d), C(0x3b,0x89,0x92), C(0x2c,0x36,0x3c), C(0xb5,0xa7,0xa0), C(0x94,0x25,0x3e), C(0x3f,0x5a,0x22), C(0x80,0x3d,0x1c), C(0x1d,0x55,0x73), C(0x7b,0x3b,0x70), C(0x2b,0x74,0x7c), C(0x4f,0x5e,0x68)}},
    {"zenbones-dark", "Zenbones Dark", true,
     C(0x1c,0x19,0x17), C(0xb4,0xbd,0xc3), C(0xc4,0xca,0xcf), C(0x3d,0x40,0x42), C(0x61,0xab,0xda),
     {C(0x1c,0x19,0x17), C(0xde,0x6e,0x7c), C(0x81,0x9b,0x69), C(0xb7,0x7e,0x64), C(0x60,0x99,0xc0), C(0xb2,0x79,0xa7), C(0x66,0xa5,0xad), C(0xb4,0xbd,0xc3), C(0x4d,0x45,0x40), C(0xe8,0x83,0x8f), C(0x8b,0xae,0x68), C(0xd6,0x8c,0x67), C(0x61,0xab,0xda), C(0xcf,0x86,0xc1), C(0x65,0xb8,0xc1), C(0x88,0x8f,0x94)}},
    {"zenbones-light", "Zenbones Light", false,
     C(0xf0,0xed,0xec), C(0x2c,0x36,0x3c), C(0x2c,0x36,0x3c), C(0xcb,0xd9,0xe3), C(0x1d,0x55,0x73),
     {C(0xf0,0xed,0xec), C(0xa8,0x33,0x4c), C(0x4f,0x6c,0x31), C(0x94,0x49,0x27), C(0x28,0x64,0x86), C(0x88,0x50,0x7d), C(0x3b,0x89,0x92), C(0x2c,0x36,0x3c), C(0xb5,0xa7,0xa0), C(0x94,0x25,0x3e), C(0x3f,0x5a,0x22), C(0x80,0x3d,0x1c), C(0x1d,0x55,0x73), C(0x7b,0x3b,0x70), C(0x2b,0x74,0x7c), C(0x4f,0x5e,0x68)}},
    {"zenburn", "Zenburn", true,
     C(0x3f,0x3f,0x3f), C(0xdc,0xdc,0xcc), C(0x73,0x63,0x5a), C(0x21,0x32,0x2f), C(0x94,0xbf,0xf3),
     {C(0x4d,0x4d,0x4d), C(0x7d,0x5d,0x5d), C(0x60,0xb4,0x8a), C(0xf0,0xdf,0xaf), C(0x5d,0x6d,0x7d), C(0xdc,0x8c,0xc3), C(0x8c,0xd0,0xd3), C(0xdc,0xdc,0xcc), C(0x70,0x90,0x80), C(0xdc,0xa3,0xa3), C(0xc3,0xbf,0x9f), C(0xe0,0xcf,0x9f), C(0x94,0xbf,0xf3), C(0xec,0x93,0xd3), C(0x93,0xe0,0xe3), C(0xff,0xff,0xff)}},
    {"zenburned", "Zenburned", true,
     C(0x40,0x40,0x40), C(0xf0,0xe4,0xcf), C(0xf3,0xea,0xdb), C(0x74,0x69,0x56), C(0x61,0xab,0xda),
     {C(0x40,0x40,0x40), C(0xe3,0x71,0x6e), C(0x81,0x9b,0x69), C(0xb7,0x7e,0x64), C(0x60,0x99,0xc0), C(0xb2,0x79,0xa7), C(0x66,0xa5,0xad), C(0xf0,0xe4,0xcf), C(0x6f,0x67,0x68), C(0xec,0x86,0x85), C(0x8b,0xae,0x68), C(0xd6,0x8c,0x67), C(0x61,0xab,0xda), C(0xcf,0x86,0xc1), C(0x65,0xb8,0xc1), C(0xc0,0xab,0x86)}},
    {"zenwritten-dark", "Zenwritten Dark", true,
     C(0x19,0x19,0x19), C(0xbb,0xbb,0xbb), C(0xc9,0xc9,0xc9), C(0x40,0x40,0x40), C(0x61,0xab,0xda),
     {C(0x19,0x19,0x19), C(0xde,0x6e,0x7c), C(0x81,0x9b,0x69), C(0xb7,0x7e,0x64), C(0x60,0x99,0xc0), C(0xb2,0x79,0xa7), C(0x66,0xa5,0xad), C(0xbb,0xbb,0xbb), C(0x4a,0x45,0x46), C(0xe8,0x83,0x8f), C(0x8b,0xae,0x68), C(0xd6,0x8c,0x67), C(0x61,0xab,0xda), C(0xcf,0x86,0xc1), C(0x65,0xb8,0xc1), C(0x8e,0x8e,0x8e)}},
    {"zenwritten-light", "Zenwritten Light", false,
     C(0xee,0xee,0xee), C(0x35,0x35,0x35), C(0x35,0x35,0x35), C(0xd7,0xd7,0xd7), C(0x1d,0x55,0x73),
     {C(0xee,0xee,0xee), C(0xa8,0x33,0x4c), C(0x4f,0x6c,0x31), C(0x94,0x49,0x27), C(0x28,0x64,0x86), C(0x88,0x50,0x7d), C(0x3b,0x89,0x92), C(0x35,0x35,0x35), C(0xac,0xa9,0xa9), C(0x94,0x25,0x3e), C(0x3f,0x5a,0x22), C(0x80,0x3d,0x1c), C(0x1d,0x55,0x73), C(0x7b,0x3b,0x70), C(0x2b,0x74,0x7c), C(0x5c,0x5c,0x5c)}},
    {"base16-icy", "base16-icy", true,
     C(0x02,0x10,0x12), C(0x09,0x5b,0x67), C(0x16,0xc2,0xd9), C(0x04,0x1f,0x23), C(0x00,0xbc,0xd4),
     {C(0x02,0x10,0x12), C(0x16,0xc2,0xd9), C(0x4d,0xd0,0xe1), C(0x80,0xde,0xea), C(0x00,0xbc,0xd4), C(0x00,0xad,0xc1), C(0x26,0xc6,0xd6), C(0x09,0x5b,0x67), C(0x1e,0x48,0x4e), C(0xb3,0xeb,0xf2), C(0x4d,0xd0,0xe1), C(0x80,0xde,0xea), C(0x00,0xbc,0xd4), C(0x00,0xad,0xc1), C(0x26,0xc6,0xd6), C(0x0c,0x7c,0x7c)}},
    {"branch", "branch", true,
     C(0x32,0x22,0x1a), C(0xcf,0xc1,0xa9), C(0xcf,0xc1,0xa9), C(0xcf,0xc1,0xa9), C(0x3b,0x8e,0x8c),
     {C(0x35,0x24,0x1c), C(0xc2,0x56,0x2d), C(0x96,0xa6,0x5e), C(0xd2,0x9b,0x5a), C(0x3b,0x8e,0x8c), C(0xc4,0x7e,0x5b), C(0x63,0x9a,0x90), C(0xcf,0xc1,0xa9), C(0x56,0x4a,0x45), C(0xc2,0x56,0x2d), C(0x96,0xa6,0x5e), C(0xd2,0x9b,0x5a), C(0x3b,0x8e,0x8c), C(0xc4,0x7e,0x5b), C(0x63,0x9a,0x90), C(0xcf,0xc1,0xa9)}},
    {"cyberpunk-icy", "cyberpunk-icy", true,
     C(0x0a,0x0a,0x0f), C(0xd4,0xb3,0xf7), C(0x00,0xff,0xff), C(0x00,0x4d,0x4d), C(0x99,0x55,0xff),
     {C(0x1a,0x1a,0x2e), C(0xff,0x00,0x55), C(0x00,0xff,0x9f), C(0xff,0xfc,0x00), C(0x7b,0x2f,0xff), C(0xff,0x00,0xff), C(0x00,0xff,0xff), C(0xd4,0xb3,0xf7), C(0x44,0x44,0x68), C(0xff,0x33,0x77), C(0x33,0xff,0xb2), C(0xff,0xfe,0x33), C(0x99,0x55,0xff), C(0xff,0x55,0xff), C(0x55,0xff,0xff), C(0xff,0xff,0xff)}},
    {"datum-dark", "datum (dark)", true,
     C(0x0f,0x13,0x18), C(0xdb,0xe0,0xe8), C(0xfa,0x94,0xcd), C(0x2b,0x2f,0x35), C(0xb2,0xda,0xfb),
     {C(0x2b,0x2f,0x35), C(0xfe,0x98,0x64), C(0x54,0xdc,0xaa), C(0xe8,0xdf,0x69), C(0x69,0xb9,0xf7), C(0xfa,0x94,0xcd), C(0x6a,0xe5,0xec), C(0xdb,0xe0,0xe8), C(0x8f,0x98,0xa3), C(0xf8,0xbd,0x5f), C(0x54,0xdc,0xaa), C(0xfc,0xdc,0xad), C(0xb2,0xda,0xfb), C(0xf5,0xb9,0xd9), C(0xa5,0xf5,0xf9), C(0xee,0xf2,0xf7)}},
    {"datum-light", "datum (light)", false,
     C(0xf1,0xf6,0xfd), C(0x29,0x2e,0x35), C(0x97,0x30,0x70), C(0xce,0xd3,0xd9), C(0x2f,0x51,0x6c),
     {C(0x29,0x2e,0x35), C(0xa2,0x45,0x00), C(0x00,0x75,0x53), C(0x65,0x60,0x23), C(0x01,0x76,0xb8), C(0x97,0x30,0x70), C(0x0d,0x7a,0x7f), C(0xb4,0xb9,0xbf), C(0x61,0x6a,0x76), C(0x97,0x67,0x00), C(0x00,0x75,0x53), C(0x4d,0x39,0x19), C(0x2f,0x51,0x6c), C(0x63,0x37,0x50), C(0x15,0x4b,0x4e), C(0xe7,0xec,0xf2)}},
    {"hazyland", "hazyland", true,
     C(0x17,0x12,0x19), C(0xee,0xe4,0xff), C(0xff,0x8f,0xc4), C(0x0d,0x28,0x47), C(0x96,0xcc,0xff),
     {C(0x7b,0x70,0x80), C(0xff,0x8f,0xc4), C(0xb2,0xff,0xe3), C(0xf6,0xe6,0xa8), C(0x96,0xcc,0xff), C(0xb4,0xb7,0xf2), C(0x8f,0xf7,0xf0), C(0xee,0xe4,0xff), C(0x7b,0x70,0x80), C(0xff,0x8f,0xc4), C(0xb2,0xff,0xe3), C(0xf6,0xe6,0xa8), C(0x96,0xcc,0xff), C(0xb4,0xb7,0xf2), C(0x8f,0xf7,0xf0), C(0xee,0xe4,0xff)}},
    {"iterm2-dark-background", "iTerm2 Dark Background", true,
     C(0x00,0x00,0x00), C(0xc7,0xc7,0xc7), C(0xc7,0xc7,0xc7), C(0xc1,0xde,0xff), C(0x68,0x71,0xff),
     {C(0x00,0x00,0x00), C(0xc9,0x1b,0x00), C(0x00,0xc2,0x00), C(0xc7,0xc4,0x00), C(0x02,0x25,0xc7), C(0xca,0x30,0xc7), C(0x00,0xc5,0xc7), C(0xc7,0xc7,0xc7), C(0x68,0x68,0x68), C(0xff,0x6e,0x67), C(0x5f,0xfa,0x68), C(0xff,0xfc,0x67), C(0x68,0x71,0xff), C(0xff,0x77,0xff), C(0x60,0xfd,0xff), C(0xff,0xff,0xff)}},
    {"iterm2-default", "iTerm2 Default", true,
     C(0x00,0x00,0x00), C(0xff,0xff,0xff), C(0xe5,0xe5,0xe5), C(0xc1,0xde,0xff), C(0x68,0x71,0xff),
     {C(0x00,0x00,0x00), C(0xc9,0x1b,0x00), C(0x00,0xc2,0x00), C(0xc7,0xc4,0x00), C(0x22,0x25,0xc4), C(0xca,0x30,0xc7), C(0x00,0xc5,0xc7), C(0xff,0xff,0xff), C(0x68,0x68,0x68), C(0xff,0x6e,0x67), C(0x5f,0xfa,0x68), C(0xff,0xfc,0x67), C(0x68,0x71,0xff), C(0xff,0x77,0xff), C(0x60,0xfd,0xff), C(0xff,0xff,0xff)}},
    {"iterm2-light-background", "iTerm2 Light Background", false,
     C(0xff,0xff,0xff), C(0x00,0x00,0x00), C(0x00,0x00,0x00), C(0xc1,0xde,0xff), C(0x68,0x71,0xff),
     {C(0x00,0x00,0x00), C(0xc9,0x1b,0x00), C(0x00,0xc2,0x00), C(0xc7,0xc4,0x00), C(0x02,0x25,0xc7), C(0xca,0x30,0xc7), C(0x00,0xc5,0xc7), C(0xba,0xba,0xba), C(0x68,0x68,0x68), C(0xff,0x6e,0x67), C(0x39,0xd4,0x42), C(0xcc,0xc9,0x34), C(0x68,0x71,0xff), C(0xff,0x77,0xff), C(0x3a,0xd7,0xd9), C(0xff,0xff,0xff)}},
    {"iterm2-pastel-dark-background", "iTerm2 Pastel Dark Background", true,
     C(0x00,0x00,0x00), C(0xc7,0xc7,0xc7), C(0xff,0xb4,0x73), C(0x45,0x4d,0x96), C(0xc2,0xe3,0xff),
     {C(0x62,0x62,0x62), C(0xff,0x83,0x73), C(0xb4,0xfb,0x73), C(0xff,0xfd,0xc3), C(0xa5,0xd5,0xfe), C(0xff,0x90,0xfe), C(0xd1,0xd1,0xfe), C(0xf1,0xf1,0xf1), C(0x8f,0x8f,0x8f), C(0xff,0xc4,0xbe), C(0xd6,0xfc,0xba), C(0xff,0xfe,0xd5), C(0xc2,0xe3,0xff), C(0xff,0xb2,0xfe), C(0xe6,0xe6,0xfe), C(0xff,0xff,0xff)}},
    {"iterm2-smoooooth", "iTerm2 Smoooooth", true,
     C(0x15,0x19,0x1f), C(0xdc,0xdc,0xdc), C(0xff,0xff,0xff), C(0xb3,0xd7,0xff), C(0xa7,0xab,0xf2),
     {C(0x14,0x19,0x1e), C(0xb4,0x3c,0x2a), C(0x00,0xc2,0x00), C(0xc7,0xc4,0x00), C(0x27,0x44,0xc7), C(0xc0,0x40,0xbe), C(0x00,0xc5,0xc7), C(0xc7,0xc7,0xc7), C(0x68,0x68,0x68), C(0xdd,0x79,0x75), C(0x58,0xe7,0x90), C(0xec,0xe1,0x00), C(0xa7,0xab,0xf2), C(0xe1,0x7e,0xe1), C(0x60,0xfd,0xff), C(0xff,0xff,0xff)}},
    {"iterm2-solarized-dark", "iTerm2 Solarized Dark", true,
     C(0x00,0x2b,0x36), C(0x83,0x94,0x96), C(0x83,0x94,0x96), C(0x07,0x36,0x42), C(0x83,0x94,0x96),
     {C(0x07,0x36,0x42), C(0xdc,0x32,0x2f), C(0x85,0x99,0x00), C(0xb5,0x89,0x00), C(0x26,0x8b,0xd2), C(0xd3,0x36,0x82), C(0x2a,0xa1,0x98), C(0xee,0xe8,0xd5), C(0x33,0x5e,0x69), C(0xcb,0x4b,0x16), C(0x58,0x6e,0x75), C(0x65,0x7b,0x83), C(0x83,0x94,0x96), C(0x6c,0x71,0xc4), C(0x93,0xa1,0xa1), C(0xfd,0xf6,0xe3)}},
    {"iterm2-solarized-light", "iTerm2 Solarized Light", false,
     C(0xfd,0xf6,0xe3), C(0x65,0x7b,0x83), C(0x65,0x7b,0x83), C(0xee,0xe8,0xd5), C(0x83,0x94,0x96),
     {C(0x07,0x36,0x42), C(0xdc,0x32,0x2f), C(0x85,0x99,0x00), C(0xb5,0x89,0x00), C(0x26,0x8b,0xd2), C(0xd3,0x36,0x82), C(0x2a,0xa1,0x98), C(0xbb,0xb5,0xa2), C(0x00,0x2b,0x36), C(0xcb,0x4b,0x16), C(0x58,0x6e,0x75), C(0x65,0x7b,0x83), C(0x83,0x94,0x96), C(0x6c,0x71,0xc4), C(0x93,0xa1,0xa1), C(0xfd,0xf6,0xe3)}},
    {"iterm2-tango-dark", "iTerm2 Tango Dark", true,
     C(0x00,0x00,0x00), C(0xff,0xff,0xff), C(0xff,0xff,0xff), C(0xc1,0xde,0xff), C(0x84,0xb0,0xd8),
     {C(0x00,0x00,0x00), C(0xd8,0x1e,0x00), C(0x5e,0xa7,0x02), C(0xcf,0xae,0x00), C(0x42,0x7a,0xb3), C(0x89,0x65,0x8e), C(0x00,0xa7,0xaa), C(0xdb,0xde,0xd8), C(0x68,0x6a,0x66), C(0xf5,0x42,0x35), C(0x99,0xe3,0x43), C(0xfd,0xeb,0x61), C(0x84,0xb0,0xd8), C(0xbc,0x94,0xb7), C(0x37,0xe6,0xe8), C(0xf1,0xf1,0xf0)}},
    {"iterm2-tango-light", "iTerm2 Tango Light", false,
     C(0xff,0xff,0xff), C(0x00,0x00,0x00), C(0x00,0x00,0x00), C(0xc1,0xde,0xff), C(0x84,0xb0,0xd8),
     {C(0x00,0x00,0x00), C(0xd8,0x1e,0x00), C(0x5e,0xa7,0x02), C(0xcf,0xae,0x00), C(0x42,0x7a,0xb3), C(0x89,0x65,0x8e), C(0x00,0xa7,0xaa), C(0xc1,0xc4,0xbe), C(0x68,0x6a,0x66), C(0xf5,0x42,0x35), C(0x8c,0xd6,0x36), C(0xd7,0xc5,0x3b), C(0x84,0xb0,0xd8), C(0xbc,0x94,0xb7), C(0x1e,0xcc,0xce), C(0xf1,0xf1,0xf0)}},
    {"novmbr", "novmbr", true,
     C(0x24,0x1d,0x1a), C(0xc7,0xb8,0xac), C(0xc7,0xb8,0xac), C(0xc7,0xb8,0xac), C(0x2f,0x7d,0x7c),
     {C(0x28,0x2a,0x2e), C(0x9f,0x64,0x34), C(0x9d,0xac,0x5f), C(0xcc,0xa7,0x5f), C(0x2f,0x7d,0x7c), C(0xb5,0x89,0x6e), C(0x52,0x87,0x7f), C(0xc7,0xb8,0xac), C(0x5d,0x4e,0x47), C(0x9f,0x64,0x34), C(0x9d,0xac,0x5f), C(0xcc,0xa7,0x5f), C(0x2f,0x7d,0x7c), C(0xb5,0x89,0x6e), C(0x52,0x87,0x7f), C(0xc7,0xb8,0xac)}},
    {"owl", "owl", true,
     C(0x2f,0x2b,0x2c), C(0xde,0xde,0xde), C(0xde,0xde,0xde), C(0xde,0xde,0xde), C(0x65,0x65,0x65),
     {C(0x30,0x2c,0x2c), C(0x5a,0x5a,0x5a), C(0x98,0x98,0x98), C(0xca,0xca,0xca), C(0x65,0x65,0x65), C(0xb1,0xb1,0xb1), C(0x7f,0x7f,0x7f), C(0xde,0xde,0xde), C(0x5d,0x59,0x5b), C(0xda,0x5b,0x2c), C(0x98,0x98,0x98), C(0xca,0xca,0xca), C(0x65,0x65,0x65), C(0xb1,0xb1,0xb1), C(0x7f,0x7f,0x7f), C(0xff,0xff,0xff)}},
    {"traffic", "traffic", true,
     C(0x27,0x2c,0x30), C(0xcf,0xb9,0xa8), C(0xcf,0xb9,0xa8), C(0xcf,0xb9,0xa8), C(0x51,0x5e,0x67),
     {C(0x28,0x2d,0x31), C(0x93,0x4e,0x46), C(0x63,0x72,0x68), C(0xc7,0x9e,0x84), C(0x51,0x5e,0x67), C(0x71,0x5f,0x5e), C(0x5c,0x6f,0x7d), C(0xcf,0xb9,0xa8), C(0x4e,0x57,0x5e), C(0x93,0x4e,0x46), C(0x63,0x72,0x70), C(0xc7,0x9e,0x84), C(0x51,0x5e,0x67), C(0x71,0x5f,0x5e), C(0x5c,0x6f,0x7d), C(0xdd,0xce,0xc2)}},
    {"urban", "urban", true,
     C(0x31,0x2e,0x39), C(0xc0,0xa7,0x9a), C(0xc0,0xa7,0x9a), C(0xc0,0xa7,0x9a), C(0x61,0x57,0x72),
     {C(0x33,0x30,0x3b), C(0x87,0x40,0x4f), C(0x74,0x93,0x4e), C(0xae,0x83,0x5a), C(0x61,0x57,0x72), C(0x85,0x4b,0x64), C(0x62,0x54,0x64), C(0xc0,0xa7,0x9a), C(0x5c,0x58,0x65), C(0x87,0x40,0x4f), C(0x74,0x93,0x4e), C(0xae,0x83,0x5a), C(0x61,0x57,0x72), C(0x85,0x4b,0x64), C(0x62,0x54,0x64), C(0xc0,0xa7,0x9a)}},
};

inline constexpr int kBuiltinCount = static_cast<int>(sizeof(kBuiltins) / sizeof(kBuiltins[0]));

} // namespace hand::themes

#endif // HAND_THEME_THEMES_GEN_HPP
